CPU Reset (CPU 0)
EAX=00000000 EBX=00000000 ECX=00000000 EDX=00000000
ESI=00000000 EDI=00000000 EBP=00000000 ESP=00000000
EIP=00000000 EFL=00000000 [-------] CPL=0 II=0 A20=0 SMM=0 HLT=0
ES =0000 00000000 00000000 00000000
CS =0000 00000000 00000000 00000000
SS =0000 00000000 00000000 00000000
DS =0000 00000000 00000000 00000000
FS =0000 00000000 00000000 00000000
GS =0000 00000000 00000000 00000000
LDT=0000 00000000 00000000 00000000
TR =0000 00000000 00000000 00000000
GDT=     00000000 00000000
IDT=     00000000 00000000
CR0=00000000 CR2=00000000 CR3=00000000 CR4=00000000
DR0=0000000000000000 DR1=0000000000000000 DR2=0000000000000000 DR3=0000000000000000 
DR6=0000000000000000 DR7=0000000000000000
CCS=00000000 CCD=00000000 CCO=EFLAGS
EFER=0000000000000000
FCW=0000 FSW=0000 [ST=0] FTW=ff MXCSR=00000000
FPR0=0000000000000000 0000 FPR1=0000000000000000 0000
FPR2=0000000000000000 0000 FPR3=0000000000000000 0000
FPR4=0000000000000000 0000 FPR5=0000000000000000 0000
FPR6=0000000000000000 0000 FPR7=0000000000000000 0000
XMM00=0000000000000000 0000000000000000 XMM01=0000000000000000 0000000000000000
XMM02=0000000000000000 0000000000000000 XMM03=0000000000000000 0000000000000000
XMM04=0000000000000000 0000000000000000 XMM05=0000000000000000 0000000000000000
XMM06=0000000000000000 0000000000000000 XMM07=0000000000000000 0000000000000000
CPU Reset (CPU 1)
EAX=00000000 EBX=00000000 ECX=00000000 EDX=00000000
ESI=00000000 EDI=00000000 EBP=00000000 ESP=00000000
EIP=00000000 EFL=00000000 [-------] CPL=0 II=0 A20=0 SMM=0 HLT=0
ES =0000 00000000 00000000 00000000
CS =0000 00000000 00000000 00000000
SS =0000 00000000 00000000 00000000
DS =0000 00000000 00000000 00000000
FS =0000 00000000 00000000 00000000
GS =0000 00000000 00000000 00000000
LDT=0000 00000000 00000000 00000000
TR =0000 00000000 00000000 00000000
GDT=     00000000 00000000
IDT=     00000000 00000000
CR0=00000000 CR2=00000000 CR3=00000000 CR4=00000000
DR0=0000000000000000 DR1=0000000000000000 DR2=0000000000000000 DR3=0000000000000000 
DR6=0000000000000000 DR7=0000000000000000
CCS=00000000 CCD=00000000 CCO=EFLAGS
EFER=0000000000000000
FCW=0000 FSW=0000 [ST=0] FTW=ff MXCSR=00000000
FPR0=0000000000000000 0000 FPR1=0000000000000000 0000
FPR2=0000000000000000 0000 FPR3=0000000000000000 0000
FPR4=0000000000000000 0000 FPR5=0000000000000000 0000
FPR6=0000000000000000 0000 FPR7=0000000000000000 0000
XMM00=0000000000000000 0000000000000000 XMM01=0000000000000000 0000000000000000
XMM02=0000000000000000 0000000000000000 XMM03=0000000000000000 0000000000000000
XMM04=0000000000000000 0000000000000000 XMM05=0000000000000000 0000000000000000
XMM06=0000000000000000 0000000000000000 XMM07=0000000000000000 0000000000000000
CPU Reset (CPU 2)
EAX=00000000 EBX=00000000 ECX=00000000 EDX=00000000
ESI=00000000 EDI=00000000 EBP=00000000 ESP=00000000
EIP=00000000 EFL=00000000 [-------] CPL=0 II=0 A20=0 SMM=0 HLT=0
ES =0000 00000000 00000000 00000000
CS =0000 00000000 00000000 00000000
SS =0000 00000000 00000000 00000000
DS =0000 00000000 00000000 00000000
FS =0000 00000000 00000000 00000000
GS =0000 00000000 00000000 00000000
LDT=0000 00000000 00000000 00000000
TR =0000 00000000 00000000 00000000
GDT=     00000000 00000000
IDT=     00000000 00000000
CR0=00000000 CR2=00000000 CR3=00000000 CR4=00000000
DR0=0000000000000000 DR1=0000000000000000 DR2=0000000000000000 DR3=0000000000000000 
DR6=0000000000000000 DR7=0000000000000000
CCS=00000000 CCD=00000000 CCO=EFLAGS
EFER=0000000000000000
FCW=0000 FSW=0000 [ST=0] FTW=ff MXCSR=00000000
FPR0=0000000000000000 0000 FPR1=0000000000000000 0000
FPR2=0000000000000000 0000 FPR3=0000000000000000 0000
FPR4=0000000000000000 0000 FPR5=0000000000000000 0000
FPR6=0000000000000000 0000 FPR7=0000000000000000 0000
XMM00=0000000000000000 0000000000000000 XMM01=0000000000000000 0000000000000000
XMM02=0000000000000000 0000000000000000 XMM03=0000000000000000 0000000000000000
XMM04=0000000000000000 0000000000000000 XMM05=0000000000000000 0000000000000000
XMM06=0000000000000000 0000000000000000 XMM07=0000000000000000 0000000000000000
CPU Reset (CPU 3)
EAX=00000000 EBX=00000000 ECX=00000000 EDX=00000000
ESI=00000000 EDI=00000000 EBP=00000000 ESP=00000000
EIP=00000000 EFL=00000000 [-------] CPL=0 II=0 A20=0 SMM=0 HLT=0
ES =0000 00000000 00000000 00000000
CS =0000 00000000 00000000 00000000
SS =0000 00000000 00000000 00000000
DS =0000 00000000 00000000 00000000
FS =0000 00000000 00000000 00000000
GS =0000 00000000 00000000 00000000
LDT=0000 00000000 00000000 00000000
TR =0000 00000000 00000000 00000000
GDT=     00000000 00000000
IDT=     00000000 00000000
CR0=00000000 CR2=00000000 CR3=00000000 CR4=00000000
DR0=0000000000000000 DR1=0000000000000000 DR2=0000000000000000 DR3=0000000000000000 
DR6=0000000000000000 DR7=0000000000000000
CCS=00000000 CCD=00000000 CCO=EFLAGS
EFER=0000000000000000
FCW=0000 FSW=0000 [ST=0] FTW=ff MXCSR=00000000
FPR0=0000000000000000 0000 FPR1=0000000000000000 0000
FPR2=0000000000000000 0000 FPR3=0000000000000000 0000
FPR4=0000000000000000 0000 FPR5=0000000000000000 0000
FPR6=0000000000000000 0000 FPR7=0000000000000000 0000
XMM00=0000000000000000 0000000000000000 XMM01=0000000000000000 0000000000000000
XMM02=0000000000000000 0000000000000000 XMM03=0000000000000000 0000000000000000
XMM04=0000000000000000 0000000000000000 XMM05=0000000000000000 0000000000000000
XMM06=0000000000000000 0000000000000000 XMM07=0000000000000000 0000000000000000
CPU Reset (CPU 0)
EAX=00000000 EBX=00000000 ECX=00000000 EDX=00060fb1
ESI=00000000 EDI=00000000 EBP=00000000 ESP=00000000
EIP=0000fff0 EFL=00000002 [-------] CPL=0 II=0 A20=1 SMM=0 HLT=0
ES =0000 00000000 0000ffff 00009300
CS =f000 ffff0000 0000ffff 00009b00
SS =0000 00000000 0000ffff 00009300
DS =0000 00000000 0000ffff 00009300
FS =0000 00000000 0000ffff 00009300
GS =0000 00000000 0000ffff 00009300
LDT=0000 00000000 0000ffff 00008200
TR =0000 00000000 0000ffff 00008b00
GDT=     00000000 0000ffff
IDT=     00000000 0000ffff
CR0=60000010 CR2=00000000 CR3=00000000 CR4=00000000
DR0=0000000000000000 DR1=0000000000000000 DR2=0000000000000000 DR3=0000000000000000 
DR6=00000000ffff0ff0 DR7=0000000000000400
CCS=00000000 CCD=00000000 CCO=EFLAGS
EFER=0000000000000000
FCW=037f FSW=0000 [ST=0] FTW=00 MXCSR=00001f80
FPR0=0000000000000000 0000 FPR1=0000000000000000 0000
FPR2=0000000000000000 0000 FPR3=0000000000000000 0000
FPR4=0000000000000000 0000 FPR5=0000000000000000 0000
FPR6=0000000000000000 0000 FPR7=0000000000000000 0000
XMM00=0000000000000000 0000000000000000 XMM01=0000000000000000 0000000000000000
XMM02=0000000000000000 0000000000000000 XMM03=0000000000000000 0000000000000000
XMM04=0000000000000000 0000000000000000 XMM05=0000000000000000 0000000000000000
XMM06=0000000000000000 0000000000000000 XMM07=0000000000000000 0000000000000000
CPU Reset (CPU 1)
EAX=00000000 EBX=00000000 ECX=00000000 EDX=00060fb1
ESI=00000000 EDI=00000000 EBP=00000000 ESP=00000000
EIP=0000fff0 EFL=00000002 [-------] CPL=0 II=0 A20=1 SMM=0 HLT=1
ES =0000 00000000 0000ffff 00009300
CS =f000 ffff0000 0000ffff 00009b00
SS =0000 00000000 0000ffff 00009300
DS =0000 00000000 0000ffff 00009300
FS =0000 00000000 0000ffff 00009300
GS =0000 00000000 0000ffff 00009300
LDT=0000 00000000 0000ffff 00008200
TR =0000 00000000 0000ffff 00008b00
GDT=     00000000 0000ffff
IDT=     00000000 0000ffff
CR0=60000010 CR2=00000000 CR3=00000000 CR4=00000000
DR0=0000000000000000 DR1=0000000000000000 DR2=0000000000000000 DR3=0000000000000000 
DR6=00000000ffff0ff0 DR7=0000000000000400
CCS=00000000 CCD=00000000 CCO=EFLAGS
EFER=0000000000000000
FCW=037f FSW=0000 [ST=0] FTW=00 MXCSR=00001f80
FPR0=0000000000000000 0000 FPR1=0000000000000000 0000
FPR2=0000000000000000 0000 FPR3=0000000000000000 0000
FPR4=0000000000000000 0000 FPR5=0000000000000000 0000
FPR6=0000000000000000 0000 FPR7=0000000000000000 0000
XMM00=0000000000000000 0000000000000000 XMM01=0000000000000000 0000000000000000
XMM02=0000000000000000 0000000000000000 XMM03=0000000000000000 0000000000000000
XMM04=0000000000000000 0000000000000000 XMM05=0000000000000000 0000000000000000
XMM06=0000000000000000 0000000000000000 XMM07=0000000000000000 0000000000000000
CPU Reset (CPU 2)
EAX=00000000 EBX=00000000 ECX=00000000 EDX=00060fb1
ESI=00000000 EDI=00000000 EBP=00000000 ESP=00000000
EIP=0000fff0 EFL=00000002 [-------] CPL=0 II=0 A20=1 SMM=0 HLT=1
ES =0000 00000000 0000ffff 00009300
CS =f000 ffff0000 0000ffff 00009b00
SS =0000 00000000 0000ffff 00009300
DS =0000 00000000 0000ffff 00009300
FS =0000 00000000 0000ffff 00009300
GS =0000 00000000 0000ffff 00009300
LDT=0000 00000000 0000ffff 00008200
TR =0000 00000000 0000ffff 00008b00
GDT=     00000000 0000ffff
IDT=     00000000 0000ffff
CR0=60000010 CR2=00000000 CR3=00000000 CR4=00000000
DR0=0000000000000000 DR1=0000000000000000 DR2=0000000000000000 DR3=0000000000000000 
DR6=00000000ffff0ff0 DR7=0000000000000400
CCS=00000000 CCD=00000000 CCO=EFLAGS
EFER=0000000000000000
FCW=037f FSW=0000 [ST=0] FTW=00 MXCSR=00001f80
FPR0=0000000000000000 0000 FPR1=0000000000000000 0000
FPR2=0000000000000000 0000 FPR3=0000000000000000 0000
FPR4=0000000000000000 0000 FPR5=0000000000000000 0000
FPR6=0000000000000000 0000 FPR7=0000000000000000 0000
XMM00=0000000000000000 0000000000000000 XMM01=0000000000000000 0000000000000000
XMM02=0000000000000000 0000000000000000 XMM03=0000000000000000 0000000000000000
XMM04=0000000000000000 0000000000000000 XMM05=0000000000000000 0000000000000000
XMM06=0000000000000000 0000000000000000 XMM07=0000000000000000 0000000000000000
CPU Reset (CPU 3)
EAX=00000000 EBX=00000000 ECX=00000000 EDX=00060fb1
ESI=00000000 EDI=00000000 EBP=00000000 ESP=00000000
EIP=0000fff0 EFL=00000002 [-------] CPL=0 II=0 A20=1 SMM=0 HLT=1
ES =0000 00000000 0000ffff 00009300
CS =f000 ffff0000 0000ffff 00009b00
SS =0000 00000000 0000ffff 00009300
DS =0000 00000000 0000ffff 00009300
FS =0000 00000000 0000ffff 00009300
GS =0000 00000000 0000ffff 00009300
LDT=0000 00000000 0000ffff 00008200
TR =0000 00000000 0000ffff 00008b00
GDT=     00000000 0000ffff
IDT=     00000000 0000ffff
CR0=60000010 CR2=00000000 CR3=00000000 CR4=00000000
DR0=0000000000000000 DR1=0000000000000000 DR2=0000000000000000 DR3=0000000000000000 
DR6=00000000ffff0ff0 DR7=0000000000000400
CCS=00000000 CCD=00000000 CCO=EFLAGS
EFER=0000000000000000
FCW=037f FSW=0000 [ST=0] FTW=00 MXCSR=00001f80
FPR0=0000000000000000 0000 FPR1=0000000000000000 0000
FPR2=0000000000000000 0000 FPR3=0000000000000000 0000
FPR4=0000000000000000 0000 FPR5=0000000000000000 0000
FPR6=0000000000000000 0000 FPR7=0000000000000000 0000
XMM00=0000000000000000 0000000000000000 XMM01=0000000000000000 0000000000000000
XMM02=0000000000000000 0000000000000000 XMM03=0000000000000000 0000000000000000
XMM04=0000000000000000 0000000000000000 XMM05=0000000000000000 0000000000000000
XMM06=0000000000000000 0000000000000000 XMM07=0000000000000000 0000000000000000
SMM: enter
EAX=00000000 EBX=00000000 ECX=02000000 EDX=02000628
ESI=0000000b EDI=02000000 EBP=00014e40 ESP=00006c5c
EIP=000ea63d EFL=00000046 [---Z-P-] CPL=0 II=0 A20=1 SMM=0 HLT=0
ES =0010 00000000 ffffffff 00cf9300 DPL=0 DS   [-WA]
CS =0008 00000000 ffffffff 00cf9b00 DPL=0 CS32 [-RA]
SS =0010 00000000 ffffffff 00cf9300 DPL=0 DS   [-WA]
DS =0010 00000000 ffffffff 00cf9300 DPL=0 DS   [-WA]
FS =0010 00000000 ffffffff 00cf9300 DPL=0 DS   [-WA]
GS =0010 00000000 ffffffff 00cf9300 DPL=0 DS   [-WA]
LDT=0000 00000000 0000ffff 00008200 DPL=0 LDT
TR =0000 00000000 0000ffff 00008b00 DPL=0 TSS32-busy
GDT=     000f61e0 00000037
IDT=     000f621e 00000000
CR0=00000011 CR2=00000000 CR3=00000000 CR4=00000000
DR0=0000000000000000 DR1=0000000000000000 DR2=0000000000000000 DR3=0000000000000000 
DR6=00000000ffff0ff0 DR7=0000000000000400
CCS=00000044 CCD=ffffffff CCO=EFLAGS
EFER=0000000000000000
SMM: after RSM
EAX=00000000 EBX=00000000 ECX=02000000 EDX=02000628
ESI=0000000b EDI=02000000 EBP=00014e40 ESP=00006c5c
EIP=000ea63d EFL=00000046 [---Z-P-] CPL=0 II=0 A20=1 SMM=0 HLT=0
ES =0010 00000000 ffffffff 00c09300 DPL=0 DS   [-WA]
CS =0008 00000000 ffffffff 00c09b00 DPL=0 CS32 [-RA]
SS =0010 00000000 ffffffff 00c09300 DPL=0 DS   [-WA]
DS =0010 00000000 ffffffff 00c09300 DPL=0 DS   [-WA]
FS =0010 00000000 ffffffff 00c09300 DPL=0 DS   [-WA]
GS =0010 00000000 ffffffff 00c09300 DPL=0 DS   [-WA]
LDT=0000 00000000 0000ffff 00008200 DPL=0 LDT
TR =0000 00000000 0000ffff 00008b00 DPL=0 TSS32-busy
GDT=     000f61e0 00000037
IDT=     000f621e 00000000
CR0=00000011 CR2=00000000 CR3=00000000 CR4=00000000
DR0=0000000000000000 DR1=0000000000000000 DR2=0000000000000000 DR3=0000000000000000 
DR6=00000000ffff0ff0 DR7=0000000000000400
CCS=00000044 CCD=00000000 CCO=EFLAGS
EFER=0000000000000000
CPU Reset (CPU 3)
EAX=00000000 EBX=00000000 ECX=00000000 EDX=00060fb1
ESI=00000000 EDI=00000000 EBP=00000000 ESP=00000000
EIP=0000fff0 EFL=00000002 [-------] CPL=0 II=0 A20=1 SMM=0 HLT=0
ES =0000 00000000 0000ffff 00009300
CS =f000 ffff0000 0000ffff 00009b00
SS =0000 00000000 0000ffff 00009300
DS =0000 00000000 0000ffff 00009300
FS =0000 00000000 0000ffff 00009300
GS =0000 00000000 0000ffff 00009300
LDT=0000 00000000 0000ffff 00008200
TR =0000 00000000 0000ffff 00008b00
GDT=     00000000 0000ffff
IDT=     00000000 0000ffff
CR0=60000010 CR2=00000000 CR3=00000000 CR4=00000000
DR0=0000000000000000 DR1=0000000000000000 DR2=0000000000000000 DR3=0000000000000000 
DR6=00000000ffff0ff0 DR7=0000000000000400
CCS=00000000 CCD=00000000 CCO=EFLAGS
EFER=0000000000000000
FCW=037f FSW=0000 [ST=0] FTW=00 MXCSR=00001f80
FPR0=0000000000000000 0000 FPR1=0000000000000000 0000
FPR2=0000000000000000 0000 FPR3=0000000000000000 0000
FPR4=0000000000000000 0000 FPR5=0000000000000000 0000
FPR6=0000000000000000 0000 FPR7=0000000000000000 0000
XMM00=0000000000000000 0000000000000000 XMM01=0000000000000000 0000000000000000
XMM02=0000000000000000 0000000000000000 XMM03=0000000000000000 0000000000000000
XMM04=0000000000000000 0000000000000000 XMM05=0000000000000000 0000000000000000
XMM06=0000000000000000 0000000000000000 XMM07=0000000000000000 0000000000000000
CPU Reset (CPU 1)
EAX=00000000 EBX=00000000 ECX=00000000 EDX=00060fb1
ESI=00000000 EDI=00000000 EBP=00000000 ESP=00000000
EIP=0000fff0 EFL=00000002 [-------] CPL=0 II=0 A20=1 SMM=0 HLT=0
ES =0000 00000000 0000ffff 00009300
CS =f000 ffff0000 0000ffff 00009b00
SS =0000 00000000 0000ffff 00009300
DS =0000 00000000 0000ffff 00009300
FS =0000 00000000 0000ffff 00009300
GS =0000 00000000 0000ffff 00009300
LDT=0000 00000000 0000ffff 00008200
TR =0000 00000000 0000ffff 00008b00
GDT=     00000000 0000ffff
IDT=     00000000 0000ffff
CR0=60000010 CR2=00000000 CR3=00000000 CR4=00000000
DR0=0000000000000000 DR1=0000000000000000 DR2=0000000000000000 DR3=0000000000000000 
DR6=00000000ffff0ff0 DR7=0000000000000400
CCS=00000000 CCD=00000000 CCO=EFLAGS
EFER=0000000000000000
FCW=037f FSW=0000 [ST=0] FTW=00 MXCSR=00001f80
FPR0=0000000000000000 0000 FPR1=0000000000000000 0000
FPR2=0000000000000000 0000 FPR3=0000000000000000 0000
FPR4=0000000000000000 0000 FPR5=0000000000000000 0000
FPR6=0000000000000000 0000 FPR7=0000000000000000 0000
XMM00=0000000000000000 0000000000000000 XMM01=0000000000000000 0000000000000000
XMM02=0000000000000000 0000000000000000 XMM03=0000000000000000 0000000000000000
XMM04=0000000000000000 0000000000000000 XMM05=0000000000000000 0000000000000000
XMM06=0000000000000000 0000000000000000 XMM07=0000000000000000 0000000000000000
CPU Reset (CPU 2)
EAX=00000000 EBX=00000000 ECX=00000000 EDX=00060fb1
ESI=00000000 EDI=00000000 EBP=00000000 ESP=00000000
EIP=0000fff0 EFL=00000002 [-------] CPL=0 II=0 A20=1 SMM=0 HLT=0
ES =0000 00000000 0000ffff 00009300
CS =f000 ffff0000 0000ffff 00009b00
SS =0000 00000000 0000ffff 00009300
DS =0000 00000000 0000ffff 00009300
FS =0000 00000000 0000ffff 00009300
GS =0000 00000000 0000ffff 00009300
LDT=0000 00000000 0000ffff 00008200
TR =0000 00000000 0000ffff 00008b00
GDT=     00000000 0000ffff
IDT=     00000000 0000ffff
CR0=60000010 CR2=00000000 CR3=00000000 CR4=00000000
DR0=0000000000000000 DR1=0000000000000000 DR2=0000000000000000 DR3=0000000000000000 
DR6=00000000ffff0ff0 DR7=0000000000000400
CCS=00000000 CCD=00000000 CCO=EFLAGS
EFER=0000000000000000
FCW=037f FSW=0000 [ST=0] FTW=00 MXCSR=00001f80
FPR0=0000000000000000 0000 FPR1=0000000000000000 0000
FPR2=0000000000000000 0000 FPR3=0000000000000000 0000
FPR4=0000000000000000 0000 FPR5=0000000000000000 0000
FPR6=0000000000000000 0000 FPR7=0000000000000000 0000
XMM00=0000000000000000 0000000000000000 XMM01=0000000000000000 0000000000000000
XMM02=0000000000000000 0000000000000000 XMM03=0000000000000000 0000000000000000
XMM04=0000000000000000 0000000000000000 XMM05=0000000000000000 0000000000000000
XMM06=0000000000000000 0000000000000000 XMM07=0000000000000000 0000000000000000
Servicing hardware INT=0x08
SMM: enter
EAX=000000b5 EBX=000f7e0e ECX=00001234 EDX=00006cff
ESI=00006cb4 EDI=1effec55 EBP=00006c74 ESP=00006c74
EIP=00007e0b EFL=00000006 [-----P-] CPL=0 II=0 A20=1 SMM=0 HLT=0
ES =d900 000d9000 ffffffff 008f9300
CS =f000 000f0000 ffffffff 008f9b00
SS =0000 00000000 ffffffff 008f9300
DS =0000 00000000 ffffffff 008f9300
FS =0000 00000000 ffffffff 008f9300
GS =0000 00000000 ffffffff 008f9300
LDT=0000 00000000 0000ffff 00008200
TR =0000 00000000 0000ffff 00008b00
GDT=     00000000 00000000
IDT=     00000000 000003ff
CR0=00000010 CR2=00000000 CR3=00000000 CR4=00000000
DR0=0000000000000000 DR1=0000000000000000 DR2=0000000000000000 DR3=0000000000000000 
DR6=00000000ffff0ff0 DR7=0000000000000400
CCS=00000000 CCD=00006c74 CCO=ADDL
EFER=0000000000000000
SMM: after RSM
EAX=000000b5 EBX=000f7e0e ECX=00001234 EDX=00006cff
ESI=00006cb4 EDI=1effec55 EBP=00006c74 ESP=00006c74
EIP=000f7e0e EFL=00000046 [---Z-P-] CPL=0 II=0 A20=1 SMM=0 HLT=0
ES =0010 00000000 ffffffff 00c09300 DPL=0 DS   [-WA]
CS =0008 00000000 ffffffff 00c09b00 DPL=0 CS32 [-RA]
SS =0010 00000000 ffffffff 00c09300 DPL=0 DS   [-WA]
DS =0010 00000000 ffffffff 00c09300 DPL=0 DS   [-WA]
FS =0010 00000000 ffffffff 00c09300 DPL=0 DS   [-WA]
GS =0010 00000000 ffffffff 00c09300 DPL=0 DS   [-WA]
LDT=0000 00000000 0000ffff 00008200 DPL=0 LDT
TR =0000 00000000 0000ffff 00008b00 DPL=0 TSS32-busy
GDT=     000f61e0 00000037
IDT=     000f621e 00000000
CR0=00000011 CR2=00000000 CR3=00000000 CR4=00000000
DR0=0000000000000000 DR1=0000000000000000 DR2=0000000000000000 DR3=0000000000000000 
DR6=00000000ffff0ff0 DR7=0000000000000400
CCS=00000044 CCD=00000000 CCO=EFLAGS
EFER=0000000000000000
SMM: enter
EAX=000000b5 EBX=00007e28 ECX=00005678 EDX=1efe8ad0
ESI=000e83a0 EDI=1effec55 EBP=00006c74 ESP=00006c74
EIP=000f7e25 EFL=00000016 [----AP-] CPL=0 II=0 A20=1 SMM=0 HLT=0
ES =0010 00000000 ffffffff 00c09300 DPL=0 DS   [-WA]
CS =0008 00000000 ffffffff 00c09b00 DPL=0 CS32 [-RA]
SS =0010 00000000 ffffffff 00c09300 DPL=0 DS   [-WA]
DS =0010 00000000 ffffffff 00c09300 DPL=0 DS   [-WA]
FS =0010 00000000 ffffffff 00c09300 DPL=0 DS   [-WA]
GS =0010 00000000 ffffffff 00c09300 DPL=0 DS   [-WA]
LDT=0000 00000000 0000ffff 00008200 DPL=0 LDT
TR =0000 00000000 0000ffff 00008b00 DPL=0 TSS32-busy
GDT=     000f61e0 00000037
IDT=     000f621e 00000000
CR0=00000011 CR2=00000000 CR3=00000000 CR4=00000000
DR0=0000000000000000 DR1=0000000000000000 DR2=0000000000000000 DR3=0000000000000000 
DR6=00000000ffff0ff0 DR7=0000000000000400
CCS=00000008 CCD=00006c60 CCO=ADDL
EFER=0000000000000000
SMM: after RSM
EAX=000000b5 EBX=00007e28 ECX=00005678 EDX=1efe8ad0
ESI=000e83a0 EDI=1effec55 EBP=00006c74 ESP=00006c74
EIP=00007e28 EFL=00000006 [-----P-] CPL=0 II=0 A20=1 SMM=0 HLT=0
ES =d900 000d9000 ffffffff 00809300
CS =f000 000f0000 ffffffff 00809b00
SS =0000 00000000 ffffffff 00809300
DS =0000 00000000 ffffffff 00809300
FS =0000 00000000 ffffffff 00809300
GS =0000 00000000 ffffffff 00809300
LDT=0000 00000000 0000ffff 00008200
TR =0000 00000000 0000ffff 00008b00
GDT=     00000000 00000000
IDT=     00000000 000003ff
CR0=00000010 CR2=00000000 CR3=00000000 CR4=00000000
DR0=0000000000000000 DR1=0000000000000000 DR2=0000000000000000 DR3=0000000000000000 
DR6=00000000ffff0ff0 DR7=0000000000000400
CCS=00000004 CCD=00000001 CCO=EFLAGS
EFER=0000000000000000
Servicing hardware INT=0x08
Servicing hardware INT=0x08
Servicing hardware INT=0x08
SMM: enter
EAX=000000b5 EBX=000f7e0e ECX=00001234 EDX=000069ff
ESI=00006996 EDI=1effec55 EBP=00006956 ESP=00006956
EIP=00007e0b EFL=00000006 [-----P-] CPL=0 II=0 A20=1 SMM=0 HLT=0
ES =d900 000d9000 ffffffff 008f9300
CS =f000 000f0000 ffffffff 008f9b00
SS =0000 00000000 ffffffff 008f9300
DS =0000 00000000 ffffffff 008f9300
FS =0000 00000000 ffffffff 008f9300
GS =ca00 000ca000 ffffffff 008f9300
LDT=0000 00000000 0000ffff 00008200
TR =0000 00000000 0000ffff 00008b00
GDT=     00000000 00000000
IDT=     00000000 000003ff
CR0=00000010 CR2=00000000 CR3=00000000 CR4=00000000
DR0=0000000000000000 DR1=0000000000000000 DR2=0000000000000000 DR3=0000000000000000 
DR6=00000000ffff0ff0 DR7=0000000000000400
CCS=00000000 CCD=00006956 CCO=ADDL
EFER=0000000000000000
SMM: after RSM
EAX=000000b5 EBX=000f7e0e ECX=00001234 EDX=000069ff
ESI=00006996 EDI=1effec55 EBP=00006956 ESP=00006956
EIP=000f7e0e EFL=00000046 [---Z-P-] CPL=0 II=0 A20=1 SMM=0 HLT=0
ES =0010 00000000 ffffffff 00c09300 DPL=0 DS   [-WA]
CS =0008 00000000 ffffffff 00c09b00 DPL=0 CS32 [-RA]
SS =0010 00000000 ffffffff 00c09300 DPL=0 DS   [-WA]
DS =0010 00000000 ffffffff 00c09300 DPL=0 DS   [-WA]
FS =0010 00000000 ffffffff 00c09300 DPL=0 DS   [-WA]
GS =0010 00000000 ffffffff 00c09300 DPL=0 DS   [-WA]
LDT=0000 00000000 0000ffff 00008200 DPL=0 LDT
TR =0000 00000000 0000ffff 00008b00 DPL=0 TSS32-busy
GDT=     000f61e0 00000037
IDT=     000f621e 00000000
CR0=00000011 CR2=00000000 CR3=00000000 CR4=00000000
DR0=0000000000000000 DR1=0000000000000000 DR2=0000000000000000 DR3=0000000000000000 
DR6=00000000ffff0ff0 DR7=0000000000000400
CCS=00000044 CCD=00000000 CCO=EFLAGS
EFER=0000000000000000
SMM: enter
EAX=000000b5 EBX=00007e28 ECX=00005678 EDX=00000005
ESI=00000000 EDI=1effec55 EBP=00006956 ESP=00006956
EIP=000f7e25 EFL=00000016 [----AP-] CPL=0 II=0 A20=1 SMM=0 HLT=0
ES =0010 00000000 ffffffff 00c09300 DPL=0 DS   [-WA]
CS =0008 00000000 ffffffff 00c09b00 DPL=0 CS32 [-RA]
SS =0010 00000000 ffffffff 00c09300 DPL=0 DS   [-WA]
DS =0010 00000000 ffffffff 00c09300 DPL=0 DS   [-WA]
FS =0010 00000000 ffffffff 00c09300 DPL=0 DS   [-WA]
GS =0010 00000000 ffffffff 00c09300 DPL=0 DS   [-WA]
LDT=0000 00000000 0000ffff 00008200 DPL=0 LDT
TR =0000 00000000 0000ffff 00008b00 DPL=0 TSS32-busy
GDT=     000f61e0 00000037
IDT=     000f621e 00000000
CR0=00000011 CR2=00000000 CR3=00000000 CR4=00000000
DR0=0000000000000000 DR1=0000000000000000 DR2=0000000000000000 DR3=0000000000000000 
DR6=00000000ffff0ff0 DR7=0000000000000400
CCS=00000008 CCD=00006942 CCO=ADDL
EFER=0000000000000000
SMM: after RSM
EAX=000000b5 EBX=00007e28 ECX=00005678 EDX=00000005
ESI=00000000 EDI=1effec55 EBP=00006956 ESP=00006956
EIP=00007e28 EFL=00000006 [-----P-] CPL=0 II=0 A20=1 SMM=0 HLT=0
ES =d900 000d9000 ffffffff 00809300
CS =f000 000f0000 ffffffff 00809b00
SS =0000 00000000 ffffffff 00809300
DS =0000 00000000 ffffffff 00809300
FS =0000 00000000 ffffffff 00809300
GS =ca00 000ca000 ffffffff 00809300
LDT=0000 00000000 0000ffff 00008200
TR =0000 00000000 0000ffff 00008b00
GDT=     00000000 00000000
IDT=     00000000 000003ff
CR0=00000010 CR2=00000000 CR3=00000000 CR4=00000000
DR0=0000000000000000 DR1=0000000000000000 DR2=0000000000000000 DR3=0000000000000000 
DR6=00000000ffff0ff0 DR7=0000000000000400
CCS=00000004 CCD=00000001 CCO=EFLAGS
EFER=0000000000000000
SMM: enter
EAX=000000b5 EBX=000f7e0e ECX=00001234 EDX=000069ff
ESI=00006990 EDI=1effec55 EBP=00006950 ESP=00006950
EIP=00007e0b EFL=00000006 [-----P-] CPL=0 II=0 A20=1 SMM=0 HLT=0
ES =d900 000d9000 ffffffff 00809300
CS =f000 000f0000 ffffffff 00809b00
SS =0000 00000000 ffffffff 00809300
DS =0000 00000000 ffffffff 00809300
FS =0000 00000000 ffffffff 00809300
GS =ca00 000ca000 ffffffff 00809300
LDT=0000 00000000 0000ffff 00008200
TR =0000 00000000 0000ffff 00008b00
GDT=     00000000 00000000
IDT=     00000000 000003ff
CR0=00000010 CR2=00000000 CR3=00000000 CR4=00000000
DR0=0000000000000000 DR1=0000000000000000 DR2=0000000000000000 DR3=0000000000000000 
DR6=00000000ffff0ff0 DR7=0000000000000400
CCS=00000000 CCD=00006950 CCO=ADDL
EFER=0000000000000000
SMM: after RSM
EAX=000000b5 EBX=000f7e0e ECX=00001234 EDX=000069ff
ESI=00006990 EDI=1effec55 EBP=00006950 ESP=00006950
EIP=000f7e0e EFL=00000046 [---Z-P-] CPL=0 II=0 A20=1 SMM=0 HLT=0
ES =0010 00000000 ffffffff 00c09300 DPL=0 DS   [-WA]
CS =0008 00000000 ffffffff 00c09b00 DPL=0 CS32 [-RA]
SS =0010 00000000 ffffffff 00c09300 DPL=0 DS   [-WA]
DS =0010 00000000 ffffffff 00c09300 DPL=0 DS   [-WA]
FS =0010 00000000 ffffffff 00c09300 DPL=0 DS   [-WA]
GS =0010 00000000 ffffffff 00c09300 DPL=0 DS   [-WA]
LDT=0000 00000000 0000ffff 00008200 DPL=0 LDT
TR =0000 00000000 0000ffff 00008b00 DPL=0 TSS32-busy
GDT=     000f61e0 00000037
IDT=     000f621e 00000000
CR0=00000011 CR2=00000000 CR3=00000000 CR4=00000000
DR0=0000000000000000 DR1=0000000000000000 DR2=0000000000000000 DR3=0000000000000000 
DR6=00000000ffff0ff0 DR7=0000000000000400
CCS=00000044 CCD=00000000 CCO=EFLAGS
EFER=0000000000000000
SMM: enter
EAX=000000b5 EBX=00007e28 ECX=00005678 EDX=00000003
ESI=1efc6f60 EDI=1effec55 EBP=00006950 ESP=00006950
EIP=000f7e25 EFL=00000006 [-----P-] CPL=0 II=0 A20=1 SMM=0 HLT=0
ES =0010 00000000 ffffffff 00c09300 DPL=0 DS   [-WA]
CS =0008 00000000 ffffffff 00c09b00 DPL=0 CS32 [-RA]
SS =0010 00000000 ffffffff 00c09300 DPL=0 DS   [-WA]
DS =0010 00000000 ffffffff 00c09300 DPL=0 DS   [-WA]
FS =0010 00000000 ffffffff 00c09300 DPL=0 DS   [-WA]
GS =0010 00000000 ffffffff 00c09300 DPL=0 DS   [-WA]
LDT=0000 00000000 0000ffff 00008200 DPL=0 LDT
TR =0000 00000000 0000ffff 00008b00 DPL=0 TSS32-busy
GDT=     000f61e0 00000037
IDT=     000f621e 00000000
CR0=00000011 CR2=00000000 CR3=00000000 CR4=00000000
DR0=0000000000000000 DR1=0000000000000000 DR2=0000000000000000 DR3=0000000000000000 
DR6=00000000ffff0ff0 DR7=0000000000000400
CCS=00000008 CCD=0000693c CCO=ADDL
EFER=0000000000000000
SMM: after RSM
EAX=000000b5 EBX=00007e28 ECX=00005678 EDX=00000003
ESI=1efc6f60 EDI=1effec55 EBP=00006950 ESP=00006950
EIP=00007e28 EFL=00000006 [-----P-] CPL=0 II=0 A20=1 SMM=0 HLT=0
ES =d900 000d9000 ffffffff 00809300
CS =f000 000f0000 ffffffff 00809b00
SS =0000 00000000 ffffffff 00809300
DS =0000 00000000 ffffffff 00809300
FS =0000 00000000 ffffffff 00809300
GS =ca00 000ca000 ffffffff 00809300
LDT=0000 00000000 0000ffff 00008200
TR =0000 00000000 0000ffff 00008b00
GDT=     00000000 00000000
IDT=     00000000 000003ff
CR0=00000010 CR2=00000000 CR3=00000000 CR4=00000000
DR0=0000000000000000 DR1=0000000000000000 DR2=0000000000000000 DR3=0000000000000000 
DR6=00000000ffff0ff0 DR7=0000000000000400
CCS=00000004 CCD=00000001 CCO=EFLAGS
EFER=0000000000000000
SMM: enter
EAX=000000b5 EBX=000f7e0e ECX=00001234 EDX=000069ff
ESI=00006996 EDI=1effec55 EBP=00006956 ESP=00006956
EIP=00007e0b EFL=00000006 [-----P-] CPL=0 II=0 A20=1 SMM=0 HLT=0
ES =d900 000d9000 ffffffff 00809300
CS =f000 000f0000 ffffffff 00809b00
SS =0000 00000000 ffffffff 00809300
DS =0000 00000000 ffffffff 00809300
FS =0000 00000000 ffffffff 00809300
GS =ca00 000ca000 ffffffff 00809300
LDT=0000 00000000 0000ffff 00008200
TR =0000 00000000 0000ffff 00008b00
GDT=     00000000 00000000
IDT=     00000000 000003ff
CR0=00000010 CR2=00000000 CR3=00000000 CR4=00000000
DR0=0000000000000000 DR1=0000000000000000 DR2=0000000000000000 DR3=0000000000000000 
DR6=00000000ffff0ff0 DR7=0000000000000400
CCS=00000000 CCD=00006956 CCO=ADDL
EFER=0000000000000000
SMM: after RSM
EAX=000000b5 EBX=000f7e0e ECX=00001234 EDX=000069ff
ESI=00006996 EDI=1effec55 EBP=00006956 ESP=00006956
EIP=000f7e0e EFL=00000046 [---Z-P-] CPL=0 II=0 A20=1 SMM=0 HLT=0
ES =0010 00000000 ffffffff 00c09300 DPL=0 DS   [-WA]
CS =0008 00000000 ffffffff 00c09b00 DPL=0 CS32 [-RA]
SS =0010 00000000 ffffffff 00c09300 DPL=0 DS   [-WA]
DS =0010 00000000 ffffffff 00c09300 DPL=0 DS   [-WA]
FS =0010 00000000 ffffffff 00c09300 DPL=0 DS   [-WA]
GS =0010 00000000 ffffffff 00c09300 DPL=0 DS   [-WA]
LDT=0000 00000000 0000ffff 00008200 DPL=0 LDT
TR =0000 00000000 0000ffff 00008b00 DPL=0 TSS32-busy
GDT=     000f61e0 00000037
IDT=     000f621e 00000000
CR0=00000011 CR2=00000000 CR3=00000000 CR4=00000000
DR0=0000000000000000 DR1=0000000000000000 DR2=0000000000000000 DR3=0000000000000000 
DR6=00000000ffff0ff0 DR7=0000000000000400
CCS=00000044 CCD=00000000 CCO=EFLAGS
EFER=0000000000000000
SMM: enter
EAX=000000b5 EBX=00007e28 ECX=00005678 EDX=00000005
ESI=00000000 EDI=1effec55 EBP=00006956 ESP=00006956
EIP=000f7e25 EFL=00000016 [----AP-] CPL=0 II=0 A20=1 SMM=0 HLT=0
ES =0010 00000000 ffffffff 00c09300 DPL=0 DS   [-WA]
CS =0008 00000000 ffffffff 00c09b00 DPL=0 CS32 [-RA]
SS =0010 00000000 ffffffff 00c09300 DPL=0 DS   [-WA]
DS =0010 00000000 ffffffff 00c09300 DPL=0 DS   [-WA]
FS =0010 00000000 ffffffff 00c09300 DPL=0 DS   [-WA]
GS =0010 00000000 ffffffff 00c09300 DPL=0 DS   [-WA]
LDT=0000 00000000 0000ffff 00008200 DPL=0 LDT
TR =0000 00000000 0000ffff 00008b00 DPL=0 TSS32-busy
GDT=     000f61e0 00000037
IDT=     000f621e 00000000
CR0=00000011 CR2=00000000 CR3=00000000 CR4=00000000
DR0=0000000000000000 DR1=0000000000000000 DR2=0000000000000000 DR3=0000000000000000 
DR6=00000000ffff0ff0 DR7=0000000000000400
CCS=00000008 CCD=00006942 CCO=ADDL
EFER=0000000000000000
SMM: after RSM
EAX=000000b5 EBX=00007e28 ECX=00005678 EDX=00000005
ESI=00000000 EDI=1effec55 EBP=00006956 ESP=00006956
EIP=00007e28 EFL=00000006 [-----P-] CPL=0 II=0 A20=1 SMM=0 HLT=0
ES =d900 000d9000 ffffffff 00809300
CS =f000 000f0000 ffffffff 00809b00
SS =0000 00000000 ffffffff 00809300
DS =0000 00000000 ffffffff 00809300
FS =0000 00000000 ffffffff 00809300
GS =ca00 000ca000 ffffffff 00809300
LDT=0000 00000000 0000ffff 00008200
TR =0000 00000000 0000ffff 00008b00
GDT=     00000000 00000000
IDT=     00000000 000003ff
CR0=00000010 CR2=00000000 CR3=00000000 CR4=00000000
DR0=0000000000000000 DR1=0000000000000000 DR2=0000000000000000 DR3=0000000000000000 
DR6=00000000ffff0ff0 DR7=0000000000000400
CCS=00000004 CCD=00000001 CCO=EFLAGS
EFER=0000000000000000
SMM: enter
EAX=000000b5 EBX=000f7e0e ECX=00001234 EDX=000069ff
ESI=00006990 EDI=1effec55 EBP=00006950 ESP=00006950
EIP=00007e0b EFL=00000006 [-----P-] CPL=0 II=0 A20=1 SMM=0 HLT=0
ES =d900 000d9000 ffffffff 00809300
CS =f000 000f0000 ffffffff 00809b00
SS =0000 00000000 ffffffff 00809300
DS =0000 00000000 ffffffff 00809300
FS =0000 00000000 ffffffff 00809300
GS =ca00 000ca000 ffffffff 00809300
LDT=0000 00000000 0000ffff 00008200
TR =0000 00000000 0000ffff 00008b00
GDT=     00000000 00000000
IDT=     00000000 000003ff
CR0=00000010 CR2=00000000 CR3=00000000 CR4=00000000
DR0=0000000000000000 DR1=0000000000000000 DR2=0000000000000000 DR3=0000000000000000 
DR6=00000000ffff0ff0 DR7=0000000000000400
CCS=00000000 CCD=00006950 CCO=ADDL
EFER=0000000000000000
SMM: after RSM
EAX=000000b5 EBX=000f7e0e ECX=00001234 EDX=000069ff
ESI=00006990 EDI=1effec55 EBP=00006950 ESP=00006950
EIP=000f7e0e EFL=00000046 [---Z-P-] CPL=0 II=0 A20=1 SMM=0 HLT=0
ES =0010 00000000 ffffffff 00c09300 DPL=0 DS   [-WA]
CS =0008 00000000 ffffffff 00c09b00 DPL=0 CS32 [-RA]
SS =0010 00000000 ffffffff 00c09300 DPL=0 DS   [-WA]
DS =0010 00000000 ffffffff 00c09300 DPL=0 DS   [-WA]
FS =0010 00000000 ffffffff 00c09300 DPL=0 DS   [-WA]
GS =0010 00000000 ffffffff 00c09300 DPL=0 DS   [-WA]
LDT=0000 00000000 0000ffff 00008200 DPL=0 LDT
TR =0000 00000000 0000ffff 00008b00 DPL=0 TSS32-busy
GDT=     000f61e0 00000037
IDT=     000f621e 00000000
CR0=00000011 CR2=00000000 CR3=00000000 CR4=00000000
DR0=0000000000000000 DR1=0000000000000000 DR2=0000000000000000 DR3=0000000000000000 
DR6=00000000ffff0ff0 DR7=0000000000000400
CCS=00000044 CCD=00000000 CCO=EFLAGS
EFER=0000000000000000
SMM: enter
EAX=000000b5 EBX=00007e28 ECX=00005678 EDX=00000003
ESI=1ef06f60 EDI=1effec55 EBP=00006950 ESP=00006950
EIP=000f7e25 EFL=00000006 [-----P-] CPL=0 II=0 A20=1 SMM=0 HLT=0
ES =0010 00000000 ffffffff 00c09300 DPL=0 DS   [-WA]
CS =0008 00000000 ffffffff 00c09b00 DPL=0 CS32 [-RA]
SS =0010 00000000 ffffffff 00c09300 DPL=0 DS   [-WA]
DS =0010 00000000 ffffffff 00c09300 DPL=0 DS   [-WA]
FS =0010 00000000 ffffffff 00c09300 DPL=0 DS   [-WA]
GS =0010 00000000 ffffffff 00c09300 DPL=0 DS   [-WA]
LDT=0000 00000000 0000ffff 00008200 DPL=0 LDT
TR =0000 00000000 0000ffff 00008b00 DPL=0 TSS32-busy
GDT=     000f61e0 00000037
IDT=     000f621e 00000000
CR0=00000011 CR2=00000000 CR3=00000000 CR4=00000000
DR0=0000000000000000 DR1=0000000000000000 DR2=0000000000000000 DR3=0000000000000000 
DR6=00000000ffff0ff0 DR7=0000000000000400
CCS=00000008 CCD=0000693c CCO=ADDL
EFER=0000000000000000
SMM: after RSM
EAX=000000b5 EBX=00007e28 ECX=00005678 EDX=00000003
ESI=1ef06f60 EDI=1effec55 EBP=00006950 ESP=00006950
EIP=00007e28 EFL=00000006 [-----P-] CPL=0 II=0 A20=1 SMM=0 HLT=0
ES =d900 000d9000 ffffffff 00809300
CS =f000 000f0000 ffffffff 00809b00
SS =0000 00000000 ffffffff 00809300
DS =0000 00000000 ffffffff 00809300
FS =0000 00000000 ffffffff 00809300
GS =ca00 000ca000 ffffffff 00809300
LDT=0000 00000000 0000ffff 00008200
TR =0000 00000000 0000ffff 00008b00
GDT=     00000000 00000000
IDT=     00000000 000003ff
CR0=00000010 CR2=00000000 CR3=00000000 CR4=00000000
DR0=0000000000000000 DR1=0000000000000000 DR2=0000000000000000 DR3=0000000000000000 
DR6=00000000ffff0ff0 DR7=0000000000000400
CCS=00000004 CCD=00000001 CCO=EFLAGS
EFER=0000000000000000
Servicing hardware INT=0x08
Servicing hardware INT=0x08
Servicing hardware INT=0x08
Servicing hardware INT=0x08
Servicing hardware INT=0x0e
Servicing hardware INT=0x0e
Servicing hardware INT=0x0e
Servicing hardware INT=0x08
Servicing hardware INT=0x0e
Servicing hardware INT=0x0e
Servicing hardware INT=0x0e
Servicing hardware INT=0x08
Servicing hardware INT=0x08
Servicing hardware INT=0x08
Servicing hardware INT=0x08
Servicing hardware INT=0x08
Servicing hardware INT=0x08
Servicing hardware INT=0x08
Servicing hardware INT=0x08
Servicing hardware INT=0x08
Servicing hardware INT=0x08
Servicing hardware INT=0x08
Servicing hardware INT=0x08
Servicing hardware INT=0x08
Servicing hardware INT=0x08
Servicing hardware INT=0x08
Servicing hardware INT=0x08
Servicing hardware INT=0x08
Servicing hardware INT=0x08
Servicing hardware INT=0x08
Servicing hardware INT=0x08
Servicing hardware INT=0x08
Servicing hardware INT=0x08
Servicing hardware INT=0x08
Servicing hardware INT=0x08
Servicing hardware INT=0x08
Servicing hardware INT=0x08
Servicing hardware INT=0x08
Servicing hardware INT=0x08
Servicing hardware INT=0x08
Servicing hardware INT=0x08
Servicing hardware INT=0x08
Servicing hardware INT=0x08
Servicing hardware INT=0x08
Servicing hardware INT=0x08
Servicing hardware INT=0x08
Servicing hardware INT=0x08
Servicing hardware INT=0x20
     0: v=20 e=0000 i=0 cpl=0 IP=0008:000000000011064e pc=000000000011064e SP=0010:00000000001b9e60 env->regs[R_EAX]=00000000000000fe
RAX=00000000000000fe RBX=0000000000000000 RCX=000000000000000a RDX=0000000000000021
RSI=000000000000001e RDI=0000000000000f20 RBP=00000000001b9ff0 RSP=00000000001b9e60
R8 =0000000000000001 R9 =0000000000000000 R10=000000000016dc22 R11=00000000001d75e8
R12=cccccccccccccccd R13=0000000000000000 R14=0000000000000030 R15=000000000022a4e0
RIP=000000000011064e RFL=00000282 [--S----] CPL=0 II=0 A20=1 SMM=0 HLT=0
ES =0010 0000000000000000 ffffffff 00cf9300 DPL=0 DS   [-WA]
CS =0008 0000000000000000 ffffffff 00af9a00 DPL=0 CS64 [-R-]
SS =0010 0000000000000000 ffffffff 00cf9300 DPL=0 DS   [-WA]
DS =0010 0000000000000000 ffffffff 00cf9300 DPL=0 DS   [-WA]
FS =0010 0000000000000000 ffffffff 00cf9300 DPL=0 DS   [-WA]
GS =0010 0000000000000000 ffffffff 00cf9300 DPL=0 DS   [-WA]
LDT=0000 0000000000000000 0000ffff 00008200 DPL=0 LDT
TR =0040 0000000000299ae0 0000006f 00208900 DPL=0 TSS64-avl
GDT=     0000000000271ce0 0000004f
IDT=     0000000000271d60 00000fff
CR0=80000013 CR2=0000000000000000 CR3=00000000001ba000 CR4=00000620
DR0=0000000000000000 DR1=0000000000000000 DR2=0000000000000000 DR3=0000000000000000 
DR6=00000000ffff0ff0 DR7=0000000000000400
CCS=000000000000001e CCD=00000000000000fe CCO=LOGICB
EFER=0000000000000500
Servicing hardware INT=0x20
     1: v=20 e=0000 i=0 cpl=0 IP=0008:000000000010ad6f pc=000000000010ad6f SP=0010:00000000001b9da0 env->regs[R_EAX]=fffffffffffffd20
RAX=fffffffffffffd20 RBX=00000000001bb000 RCX=0000000000000000 RDX=0000000000000001
RSI=0000000000000000 RDI=0000000000001000 RBP=00000000001b9df0 RSP=00000000001b9da0
R8 =0000000000000000 R9 =0000000000000020 R10=0000000000001140 R11=00000000001d75e8
R12=000000000000005b R13=0000000000000000 R14=00000000002df000 R15=000000000000005c
RIP=000000000010ad6f RFL=00000246 [---Z-P-] CPL=0 II=0 A20=1 SMM=0 HLT=0
ES =0010 0000000000000000 ffffffff 00cf9300 DPL=0 DS   [-WA]
CS =0008 0000000000000000 ffffffff 00af9a00 DPL=0 CS64 [-R-]
SS =0010 0000000000000000 ffffffff 00cf9300 DPL=0 DS   [-WA]
DS =0010 0000000000000000 ffffffff 00cf9300 DPL=0 DS   [-WA]
FS =0010 0000000000000000 ffffffff 00cf9300 DPL=0 DS   [-WA]
GS =0010 0000000000000000 ffffffff 00cf9300 DPL=0 DS   [-WA]
LDT=0000 0000000000000000 0000ffff 00008200 DPL=0 LDT
TR =0040 0000000000299ae0 0000006f 00208900 DPL=0 TSS64-avl
GDT=     0000000000271ce0 0000004f
IDT=     0000000000271d60 00000fff
CR0=80000013 CR2=0000000000000000 CR3=00000000001ba000 CR4=00000620
DR0=0000000000000000 DR1=0000000000000000 DR2=0000000000000000 DR3=0000000000000000 
DR6=00000000ffff0ff0 DR7=0000000000000400
CCS=0000000000000044 CCD=0000000000000000 CCO=EFLAGS
EFER=0000000000000500
Servicing hardware INT=0x20
     2: v=20 e=0000 i=0 cpl=0 IP=0008:000000000010b001 pc=000000000010b001 SP=0010:00000000001b9da0 env->regs[R_EAX]=0000000000000078
RAX=0000000000000078 RBX=00000000002e1007 RCX=0000000000000078 RDX=00000000000003f8
RSI=000000000000001d RDI=0000000000100000 RBP=00000000001b9df0 RSP=00000000001b9da0
R8 =00000000002e1fd0 R9 =0000000000000030 R10=0000000000001000 R11=00000000001d75e8
R12=000000000000005b R13=00000000002e0000 R14=00000000002df000 R15=000ffffffffff000
RIP=000000000010b001 RFL=00000246 [---Z-P-] CPL=0 II=0 A20=1 SMM=0 HLT=0
ES =0010 0000000000000000 ffffffff 00cf9300 DPL=0 DS   [-WA]
CS =0008 0000000000000000 ffffffff 00af9a00 DPL=0 CS64 [-R-]
SS =0010 0000000000000000 ffffffff 00cf9300 DPL=0 DS   [-WA]
DS =0010 0000000000000000 ffffffff 00cf9300 DPL=0 DS   [-WA]
FS =0010 0000000000000000 ffffffff 00cf9300 DPL=0 DS   [-WA]
GS =0010 0000000000000000 ffffffff 00cf9300 DPL=0 DS   [-WA]
LDT=0000 0000000000000000 0000ffff 00008200 DPL=0 LDT
TR =0040 0000000000299ae0 0000006f 00208900 DPL=0 TSS64-avl
GDT=     0000000000271ce0 0000004f
IDT=     0000000000271d60 00000fff
CR0=80000013 CR2=0000000000000000 CR3=00000000001ba000 CR4=00000620
DR0=0000000000000000 DR1=0000000000000000 DR2=0000000000000000 DR3=0000000000000000 
DR6=00000000ffff0ff0 DR7=0000000000000400
CCS=0000000000000044 CCD=0000000000000000 CCO=EFLAGS
EFER=0000000000000500
Servicing hardware INT=0x20
     3: v=20 e=0000 i=0 cpl=0 IP=0008:000000000010bb43 pc=000000000010bb43 SP=0010:00000000001b9d00 env->regs[R_EAX]=ffffffffffffffff
RAX=ffffffffffffffff RBX=0000000000007d1f RCX=00000000000002e7 RDX=000000000000000e
RSI=000000000000003f RDI=000000000000000f RBP=00000000001b9d60 RSP=00000000001b9d00
R8 =000000000000000f R9 =00000000000002e6 R10=000000000000000f R11=000000000000005c
R12=000000000000000f R13=0000000000007d18 R14=0000000000007d1e R15=0000000000007d19
RIP=000000000010bb43 RFL=00000217 [----APC] CPL=0 II=0 A20=1 SMM=0 HLT=0
ES =0010 0000000000000000 ffffffff 00cf9300 DPL=0 DS   [-WA]
CS =0008 0000000000000000 ffffffff 00af9a00 DPL=0 CS64 [-R-]
SS =0010 0000000000000000 ffffffff 00cf9300 DPL=0 DS   [-WA]
DS =0010 0000000000000000 ffffffff 00cf9300 DPL=0 DS   [-WA]
FS =0010 0000000000000000 ffffffff 00cf9300 DPL=0 DS   [-WA]
GS =0010 0000000000000000 ffffffff 00cf9300 DPL=0 DS   [-WA]
LDT=0000 0000000000000000 0000ffff 00008200 DPL=0 LDT
TR =0040 0000000000299ae0 0000006f 00208900 DPL=0 TSS64-avl
GDT=     0000000000271ce0 0000004f
IDT=     0000000000271d60 00000fff
CR0=80000013 CR2=0000000000000000 CR3=00000000001ba000 CR4=00000620
DR0=0000000000000000 DR1=0000000000000000 DR2=0000000000000000 DR3=0000000000000000 
DR6=00000000ffff0ff0 DR7=0000000000000400
CCS=0000000000000015 CCD=000000000000000f CCO=EFLAGS
EFER=0000000000000500
Servicing hardware INT=0x20
     4: v=20 e=0000 i=0 cpl=0 IP=0008:0000000000123e3c pc=0000000000123e3c SP=0010:00000000001b9d70 env->regs[R_EAX]=00000000002f6048
RAX=00000000002f6048 RBX=00000000001b9e28 RCX=00000000002ee007 RDX=000fffffffff03f8
RSI=00000000000001ff RDI=0000000002001380 RBP=00000000001b9df0 RSP=00000000001b9d70
R8 =0000000000000008 R9 =000000000016c44f R10=00000000002e6000 R11=000000000000005c
R12=0000000000000001 R13=0000000000001000 R14=0000000000219630 R15=00000000002df000
RIP=0000000000123e3c RFL=00000202 [-------] CPL=0 II=0 A20=1 SMM=0 HLT=0
ES =0010 0000000000000000 ffffffff 00cf9300 DPL=0 DS   [-WA]
CS =0008 0000000000000000 ffffffff 00af9a00 DPL=0 CS64 [-R-]
SS =0010 0000000000000000 ffffffff 00cf9300 DPL=0 DS   [-WA]
DS =0010 0000000000000000 ffffffff 00cf9300 DPL=0 DS   [-WA]
FS =0010 0000000000000000 ffffffff 00cf9300 DPL=0 DS   [-WA]
GS =0010 0000000000000000 ffffffff 00cf9300 DPL=0 DS   [-WA]
LDT=0000 0000000000000000 0000ffff 00008200 DPL=0 LDT
TR =0040 0000000000299ae0 0000006f 00208900 DPL=0 TSS64-avl
GDT=     0000000000271ce0 0000004f
IDT=     0000000000271d60 00000fff
CR0=80000013 CR2=0000000000000000 CR3=00000000001ba000 CR4=00000620
DR0=0000000000000000 DR1=0000000000000000 DR2=0000000000000000 DR3=0000000000000000 
DR6=00000000ffff0ff0 DR7=0000000000000400
CCS=0000000000000000 CCD=0000000000000020 CCO=EFLAGS
EFER=0000000000000500
Servicing hardware INT=0x20
     5: v=20 e=0000 i=0 cpl=0 IP=0008:0000000000107ac8 pc=0000000000107ac8 SP=0010:00000000001b9e30 env->regs[R_EAX]=00000000000b8000
RAX=00000000000b8000 RBX=0000000000000000 RCX=0000000000000040 RDX=0000000000000f20
RSI=0000000000000054 RDI=0000000000000f20 RBP=00000000001b9e50 RSP=00000000001b9e30
R8 =0000000000000032 R9 =0000000000000000 R10=00000000002e6000 R11=000000000000005c
R12=cccccccccccccccd R13=0000000000000000 R14=0000000000000019 R15=000000000022a4e0
RIP=0000000000107ac8 RFL=00000293 [--S-A-C] CPL=0 II=0 A20=1 SMM=0 HLT=0
ES =0010 0000000000000000 ffffffff 00cf9300 DPL=0 DS   [-WA]
CS =0008 0000000000000000 ffffffff 00af9a00 DPL=0 CS64 [-R-]
SS =0010 0000000000000000 ffffffff 00cf9300 DPL=0 DS   [-WA]
DS =0010 0000000000000000 ffffffff 00cf9300 DPL=0 DS   [-WA]
FS =0010 0000000000000000 ffffffff 00cf9300 DPL=0 DS   [-WA]
GS =0010 0000000000000000 ffffffff 00cf9300 DPL=0 DS   [-WA]
LDT=0000 0000000000000000 0000ffff 00008200 DPL=0 LDT
TR =0040 0000000000299ae0 0000006f 00208900 DPL=0 TSS64-avl
GDT=     0000000000271ce0 0000004f
IDT=     0000000000271d60 00000fff
CR0=80000013 CR2=0000000000000000 CR3=00000000001ba000 CR4=00000620
DR0=0000000000000000 DR1=0000000000000000 DR2=0000000000000000 DR3=0000000000000000 
DR6=00000000ffff0ff0 DR7=0000000000000400
CCS=0000000000000091 CCD=ffffffffffffffec CCO=EFLAGS
EFER=0000000000000500
Servicing hardware INT=0x20
     6: v=20 e=0000 i=0 cpl=0 IP=0008:0000000000107cf8 pc=0000000000107cf8 SP=0010:00000000001b9e30 env->regs[R_EAX]=00000000000b8000
RAX=00000000000b8000 RBX=0000000000000000 RCX=0000000000000022 RDX=0000000000000f20
RSI=0000000000000054 RDI=0000000000000f20 RBP=00000000001b9e50 RSP=00000000001b9e30
R8 =0000000000000032 R9 =0000000000000000 R10=00000000002e6000 R11=000000000000005c
R12=cccccccccccccccd R13=0000000000000000 R14=0000000000000019 R15=000000000022a4e0
RIP=0000000000107cf8 RFL=00000293 [--S-A-C] CPL=0 II=0 A20=1 SMM=0 HLT=0
ES =0010 0000000000000000 ffffffff 00cf9300 DPL=0 DS   [-WA]
CS =0008 0000000000000000 ffffffff 00af9a00 DPL=0 CS64 [-R-]
SS =0010 0000000000000000 ffffffff 00cf9300 DPL=0 DS   [-WA]
DS =0010 0000000000000000 ffffffff 00cf9300 DPL=0 DS   [-WA]
FS =0010 0000000000000000 ffffffff 00cf9300 DPL=0 DS   [-WA]
GS =0010 0000000000000000 ffffffff 00cf9300 DPL=0 DS   [-WA]
LDT=0000 0000000000000000 0000ffff 00008200 DPL=0 LDT
TR =0040 0000000000299ae0 0000006f 00208900 DPL=0 TSS64-avl
GDT=     0000000000271ce0 0000004f
IDT=     0000000000271d60 00000fff
CR0=80000013 CR2=0000000000000000 CR3=00000000001ba000 CR4=00000620
DR0=0000000000000000 DR1=0000000000000000 DR2=0000000000000000 DR3=0000000000000000 
DR6=00000000ffff0ff0 DR7=0000000000000400
CCS=0000000000000091 CCD=ffffffffffffffce CCO=EFLAGS
EFER=0000000000000500
Servicing hardware INT=0x20
     7: v=20 e=0000 i=0 cpl=0 IP=0008:0000000000110be5 pc=0000000000110be5 SP=0010:00000000001b9e60 env->regs[R_EAX]=0000000000000060
RAX=0000000000000060 RBX=0000000000000000 RCX=0000000000000033 RDX=00000000000003fd
RSI=0000000000000054 RDI=0000000000000003 RBP=00000000001b9ff0 RSP=00000000001b9e60
R8 =0000000000000032 R9 =0000000000000000 R10=00000000002e6000 R11=000000000000005c
R12=cccccccccccccccd R13=0000000000000000 R14=0000000000000030 R15=000000000022a4e0
RIP=0000000000110be5 RFL=00000202 [-------] CPL=0 II=0 A20=1 SMM=0 HLT=0
ES =0010 0000000000000000 ffffffff 00cf9300 DPL=0 DS   [-WA]
CS =0008 0000000000000000 ffffffff 00af9a00 DPL=0 CS64 [-R-]
SS =0010 0000000000000000 ffffffff 00cf9300 DPL=0 DS   [-WA]
DS =0010 0000000000000000 ffffffff 00cf9300 DPL=0 DS   [-WA]
FS =0010 0000000000000000 ffffffff 00cf9300 DPL=0 DS   [-WA]
GS =0010 0000000000000000 ffffffff 00cf9300 DPL=0 DS   [-WA]
LDT=0000 0000000000000000 0000ffff 00008200 DPL=0 LDT
TR =0040 0000000000299ae0 0000006f 00208900 DPL=0 TSS64-avl
GDT=     0000000000271ce0 0000004f
IDT=     0000000000271d60 00000fff
CR0=80000013 CR2=0000000000000000 CR3=00000000001ba000 CR4=00000620
DR0=0000000000000000 DR1=0000000000000000 DR2=0000000000000000 DR3=0000000000000000 
DR6=00000000ffff0ff0 DR7=0000000000000400
CCS=0000000000000000 CCD=0000000000000020 CCO=EFLAGS
EFER=0000000000000500
Servicing hardware INT=0x20
     8: v=20 e=0000 i=0 cpl=0 IP=0008:0000000000103b81 pc=0000000000103b81 SP=0010:00000000001b9db0 env->regs[R_EAX]=0000000000000f00
RAX=0000000000000f00 RBX=0000000000000069 RCX=0000000000000018 RDX=0000000000000569
RSI=0000000000000005 RDI=0000000000000069 RBP=00000000001b9e50 RSP=00000000001b9db0
R8 =0000000000000032 R9 =0000000000000000 R10=00000000002e6000 R11=000000000000005c
R12=cccccccccccccccd R13=0000000000000000 R14=0000000000000069 R15=000000000022a4e0
RIP=0000000000103b81 RFL=00000206 [-----P-] CPL=0 II=0 A20=1 SMM=0 HLT=0
ES =0010 0000000000000000 ffffffff 00cf9300 DPL=0 DS   [-WA]
CS =0008 0000000000000000 ffffffff 00af9a00 DPL=0 CS64 [-R-]
SS =0010 0000000000000000 ffffffff 00cf9300 DPL=0 DS   [-WA]
DS =0010 0000000000000000 ffffffff 00cf9300 DPL=0 DS   [-WA]
FS =0010 0000000000000000 ffffffff 00cf9300 DPL=0 DS   [-WA]
GS =0010 0000000000000000 ffffffff 00cf9300 DPL=0 DS   [-WA]
LDT=0000 0000000000000000 0000ffff 00008200 DPL=0 LDT
TR =0040 0000000000299ae0 0000006f 00208900 DPL=0 TSS64-avl
GDT=     0000000000271ce0 0000004f
IDT=     0000000000271d60 00000fff
CR0=80000013 CR2=0000000000000000 CR3=00000000001ba000 CR4=00000620
DR0=0000000000000000 DR1=0000000000000000 DR2=0000000000000000 DR3=0000000000000000 
DR6=00000000ffff0ff0 DR7=0000000000000400
CCS=0000000000000004 CCD=0000000000000569 CCO=EFLAGS
EFER=0000000000000500
Servicing hardware INT=0x20
     9: v=20 e=0000 i=0 cpl=0 IP=0008:0000000000110d90 pc=0000000000110d90 SP=0010:00000000001b9e60 env->regs[R_EAX]=0000000000000520
RAX=0000000000000520 RBX=0000000000000000 RCX=0000000000000005 RDX=0000000000000520
RSI=0000000000000054 RDI=0000000000000f20 RBP=00000000001b9ff0 RSP=00000000001b9e60
R8 =0000000000000032 R9 =0000000000000000 R10=00000000002e6000 R11=000000000000005c
R12=cccccccccccccccd R13=0000000000000000 R14=0000000000000030 R15=000000000022a4e0
RIP=0000000000110d90 RFL=00000202 [-------] CPL=0 II=0 A20=1 SMM=0 HLT=0
ES =0010 0000000000000000 ffffffff 00cf9300 DPL=0 DS   [-WA]
CS =0008 0000000000000000 ffffffff 00af9a00 DPL=0 CS64 [-R-]
SS =0010 0000000000000000 ffffffff 00cf9300 DPL=0 DS   [-WA]
DS =0010 0000000000000000 ffffffff 00cf9300 DPL=0 DS   [-WA]
FS =0010 0000000000000000 ffffffff 00cf9300 DPL=0 DS   [-WA]
GS =0010 0000000000000000 ffffffff 00cf9300 DPL=0 DS   [-WA]
LDT=0000 0000000000000000 0000ffff 00008200 DPL=0 LDT
TR =0040 0000000000299ae0 0000006f 00208900 DPL=0 TSS64-avl
GDT=     0000000000271ce0 0000004f
IDT=     0000000000271d60 00000fff
CR0=80000013 CR2=0000000000000000 CR3=00000000001ba000 CR4=00000620
DR0=0000000000000000 DR1=0000000000000000 DR2=0000000000000000 DR3=0000000000000000 
DR6=00000000ffff0ff0 DR7=0000000000000400
CCS=0000000000000000 CCD=00000000001b9e38 CCO=EFLAGS
EFER=0000000000000500
Servicing hardware INT=0x20
    10: v=20 e=0000 i=0 cpl=0 IP=0008:0000000000110edc pc=0000000000110edc SP=0010:00000000001b9e60 env->regs[R_EAX]=0000000000000564
RAX=0000000000000564 RBX=0000000000000000 RCX=0000000000000005 RDX=00000000000003f8
RSI=0000000000000054 RDI=0000000000000f20 RBP=00000000001b9ff0 RSP=00000000001b9e60
R8 =0000000000000032 R9 =0000000000000000 R10=00000000002e6000 R11=000000000000005c
R12=cccccccccccccccd R13=0000000000000000 R14=0000000000000030 R15=000000000022a4e0
RIP=0000000000110edc RFL=00000202 [-------] CPL=0 II=0 A20=1 SMM=0 HLT=0
ES =0010 0000000000000000 ffffffff 00cf9300 DPL=0 DS   [-WA]
CS =0008 0000000000000000 ffffffff 00af9a00 DPL=0 CS64 [-R-]
SS =0010 0000000000000000 ffffffff 00cf9300 DPL=0 DS   [-WA]
DS =0010 0000000000000000 ffffffff 00cf9300 DPL=0 DS   [-WA]
FS =0010 0000000000000000 ffffffff 00cf9300 DPL=0 DS   [-WA]
GS =0010 0000000000000000 ffffffff 00cf9300 DPL=0 DS   [-WA]
LDT=0000 0000000000000000 0000ffff 00008200 DPL=0 LDT
TR =0040 0000000000299ae0 0000006f 00208900 DPL=0 TSS64-avl
GDT=     0000000000271ce0 0000004f
IDT=     0000000000271d60 00000fff
CR0=80000013 CR2=0000000000000000 CR3=00000000001ba000 CR4=00000620
DR0=0000000000000000 DR1=0000000000000000 DR2=0000000000000000 DR3=0000000000000000 
DR6=00000000ffff0ff0 DR7=0000000000000400
CCS=0000000000000000 CCD=0000000000000020 CCO=EFLAGS
EFER=0000000000000500
Servicing hardware INT=0x20
    11: v=20 e=0000 i=0 cpl=0 IP=0008:0000000000108108 pc=0000000000108108 SP=0010:00000000001b9e30 env->regs[R_EAX]=00000000000b8000
RAX=00000000000b8000 RBX=0000000000000000 RCX=0000000000000009 RDX=000000000000055d
RSI=0000000000000054 RDI=0000000000000f20 RBP=00000000001b9e50 RSP=00000000001b9e30
R8 =0000000000000032 R9 =0000000000000000 R10=00000000002e6000 R11=000000000000005c
R12=cccccccccccccccd R13=0000000000000000 R14=0000000000000019 R15=000000000022a4e0
RIP=0000000000108108 RFL=00000283 [--S---C] CPL=0 II=0 A20=1 SMM=0 HLT=0
ES =0010 0000000000000000 ffffffff 00cf9300 DPL=0 DS   [-WA]
CS =0008 0000000000000000 ffffffff 00af9a00 DPL=0 CS64 [-R-]
SS =0010 0000000000000000 ffffffff 00cf9300 DPL=0 DS   [-WA]
DS =0010 0000000000000000 ffffffff 00cf9300 DPL=0 DS   [-WA]
FS =0010 0000000000000000 ffffffff 00cf9300 DPL=0 DS   [-WA]
GS =0010 0000000000000000 ffffffff 00cf9300 DPL=0 DS   [-WA]
LDT=0000 0000000000000000 0000ffff 00008200 DPL=0 LDT
TR =0040 0000000000299ae0 0000006f 00208900 DPL=0 TSS64-avl
GDT=     0000000000271ce0 0000004f
IDT=     0000000000271d60 00000fff
CR0=80000013 CR2=0000000000000000 CR3=00000000001ba000 CR4=00000620
DR0=0000000000000000 DR1=0000000000000000 DR2=0000000000000000 DR3=0000000000000000 
DR6=00000000ffff0ff0 DR7=0000000000000400
CCS=0000000000000081 CCD=ffffffffffffffb5 CCO=EFLAGS
EFER=0000000000000500
Servicing hardware INT=0x20
    12: v=20 e=0000 i=0 cpl=0 IP=0008:0000000000144a90 pc=0000000000144a90 SP=0010:00000000001b9e58 env->regs[R_EAX]=000000000000021f
RAX=000000000000021f RBX=00000000000f52b0 RCX=00000000000000c2 RDX=00000000000003f8
RSI=0000000000000021 RDI=00000000000f52b0 RBP=00000000001b9ff0 RSP=00000000001b9e58
R8 =0000000000000032 R9 =0000000000000000 R10=00000000002e6000 R11=000000000000005c
R12=cccccccccccccccd R13=0000000000000000 R14=0000000000000000 R15=000000000022a4e0
RIP=0000000000144a90 RFL=00000246 [---Z-P-] CPL=0 II=0 A20=1 SMM=0 HLT=0
ES =0010 0000000000000000 ffffffff 00cf9300 DPL=0 DS   [-WA]
CS =0008 0000000000000000 ffffffff 00af9a00 DPL=0 CS64 [-R-]
SS =0010 0000000000000000 ffffffff 00cf9300 DPL=0 DS   [-WA]
DS =0010 0000000000000000 ffffffff 00cf9300 DPL=0 DS   [-WA]
FS =0010 0000000000000000 ffffffff 00cf9300 DPL=0 DS   [-WA]
GS =0010 0000000000000000 ffffffff 00cf9300 DPL=0 DS   [-WA]
LDT=0000 0000000000000000 0000ffff 00008200 DPL=0 LDT
TR =0040 0000000000299ae0 0000006f 00208900 DPL=0 TSS64-avl
GDT=     0000000000271ce0 0000004f
IDT=     0000000000271d60 00000fff
CR0=80000013 CR2=0000000000000000 CR3=00000000001ba000 CR4=00000620
DR0=0000000000000000 DR1=0000000000000000 DR2=0000000000000000 DR3=0000000000000000 
DR6=00000000ffff0ff0 DR7=0000000000000400
CCS=0000000000000044 CCD=0000000000000000 CCO=EFLAGS
EFER=0000000000000500
Servicing hardware INT=0x20
    13: v=20 e=0000 i=0 cpl=0 IP=0008:0000000000112f09 pc=0000000000112f09 SP=0010:00000000001b9e60 env->regs[R_EAX]=0000000000000060
RAX=0000000000000060 RBX=00000000000f52b0 RCX=0000000000000034 RDX=00000000000003fd
RSI=0000000000000001 RDI=00000000cccccccd RBP=00000000001b9ff0 RSP=00000000001b9e60
R8 =000000001ffe23ec R9 =0000000000000006 R10=0000000000000003 R11=000000000000005c
R12=cccccccccccccccd R13=0000000000000000 R14=0000000000000000 R15=000000000022a4e0
RIP=0000000000112f09 RFL=00000202 [-------] CPL=0 II=0 A20=1 SMM=0 HLT=0
ES =0010 0000000000000000 ffffffff 00cf9300 DPL=0 DS   [-WA]
CS =0008 0000000000000000 ffffffff 00af9a00 DPL=0 CS64 [-R-]
SS =0010 0000000000000000 ffffffff 00cf9300 DPL=0 DS   [-WA]
DS =0010 0000000000000000 ffffffff 00cf9300 DPL=0 DS   [-WA]
FS =0010 0000000000000000 ffffffff 00cf9300 DPL=0 DS   [-WA]
GS =0010 0000000000000000 ffffffff 00cf9300 DPL=0 DS   [-WA]
LDT=0000 0000000000000000 0000ffff 00008200 DPL=0 LDT
TR =0040 0000000000299ae0 0000006f 00208900 DPL=0 TSS64-avl
GDT=     0000000000271ce0 0000004f
IDT=     0000000000271d60 00000fff
CR0=80000013 CR2=0000000000000000 CR3=00000000001ba000 CR4=00000620
DR0=0000000000000000 DR1=0000000000000000 DR2=0000000000000000 DR3=0000000000000000 
DR6=00000000ffff0ff0 DR7=0000000000000400
CCS=0000000000000000 CCD=0000000000000020 CCO=EFLAGS
EFER=0000000000000500
Servicing hardware INT=0x20
    14: v=20 e=0000 i=0 cpl=0 IP=0008:0000000000111585 pc=0000000000111585 SP=0010:00000000001b9e60 env->regs[R_EAX]=00000000fee00060
RAX=00000000fee00060 RBX=00000000000f52b0 RCX=0000000000000000 RDX=00000000000003fd
RSI=0000000000000004 RDI=00000000cccccccd RBP=00000000001b9ff0 RSP=00000000001b9e60
R8 =0000000000000014 R9 =0000000000000000 R10=0000000000000003 R11=000000000000005c
R12=cccccccccccccccd R13=0000000000000000 R14=0000000000000000 R15=000000000022a4e0
RIP=0000000000111585 RFL=00000202 [-------] CPL=0 II=0 A20=1 SMM=0 HLT=0
ES =0010 0000000000000000 ffffffff 00cf9300 DPL=0 DS   [-WA]
CS =0008 0000000000000000 ffffffff 00af9a00 DPL=0 CS64 [-R-]
SS =0010 0000000000000000 ffffffff 00cf9300 DPL=0 DS   [-WA]
DS =0010 0000000000000000 ffffffff 00cf9300 DPL=0 DS   [-WA]
FS =0010 0000000000000000 ffffffff 00cf9300 DPL=0 DS   [-WA]
GS =0010 0000000000000000 ffffffff 00cf9300 DPL=0 DS   [-WA]
LDT=0000 0000000000000000 0000ffff 00008200 DPL=0 LDT
TR =0040 0000000000299ae0 0000006f 00208900 DPL=0 TSS64-avl
GDT=     0000000000271ce0 0000004f
IDT=     0000000000271d60 00000fff
CR0=80000013 CR2=0000000000000000 CR3=00000000001ba000 CR4=00000620
DR0=0000000000000000 DR1=0000000000000000 DR2=0000000000000000 DR3=0000000000000000 
DR6=00000000ffff0ff0 DR7=0000000000000400
CCS=0000000000000000 CCD=0000000000000020 CCO=EFLAGS
EFER=0000000000000500
Servicing hardware INT=0x20
    15: v=20 e=0000 i=0 cpl=0 IP=0008:0000000000111a30 pc=0000000000111a30 SP=0010:00000000001b9e60 env->regs[R_EAX]=00000000002f7000
RAX=00000000002f7000 RBX=00000000cccccccd RCX=00000000000001d4 RDX=0000000000000000
RSI=0000000000000004 RDI=00000000000002fb RBP=00000000001b9ff0 RSP=00000000001b9e60
R8 =000000000000005f R9 =0000000000000204 R10=00000000002f7000 R11=000000000000005e
R12=0000000000000000 R13=0000000000000001 R14=0000000000000001 R15=0000000000008003
RIP=0000000000111a30 RFL=00000287 [--S--PC] CPL=0 II=0 A20=1 SMM=0 HLT=0
ES =0010 0000000000000000 ffffffff 00cf9300 DPL=0 DS   [-WA]
CS =0008 0000000000000000 ffffffff 00af9a00 DPL=0 CS64 [-R-]
SS =0010 0000000000000000 ffffffff 00cf9300 DPL=0 DS   [-WA]
DS =0010 0000000000000000 ffffffff 00cf9300 DPL=0 DS   [-WA]
FS =0010 0000000000000000 ffffffff 00cf9300 DPL=0 DS   [-WA]
GS =0010 0000000000000000 ffffffff 00cf9300 DPL=0 DS   [-WA]
LDT=0000 0000000000000000 0000ffff 00008200 DPL=0 LDT
TR =0040 0000000000299ae0 0000006f 00208900 DPL=0 TSS64-avl
GDT=     0000000000271ce0 0000004f
IDT=     0000000000271d60 00000fff
CR0=80000013 CR2=0000000000000000 CR3=00000000001ba000 CR4=00000620
DR0=0000000000000000 DR1=0000000000000000 DR2=0000000000000000 DR3=0000000000000000 
DR6=00000000ffff0ff0 DR7=0000000000000400
CCS=0000000000000085 CCD=fffffffffffff1d4 CCO=EFLAGS
EFER=0000000000000500
Servicing hardware INT=0x20
    16: v=20 e=0000 i=0 cpl=0 IP=0008:0000000000111a30 pc=0000000000111a30 SP=0010:00000000001b9e60 env->regs[R_EAX]=00000000002f7000
RAX=00000000002f7000 RBX=00000000cccccccd RCX=0000000000000230 RDX=0000000000000000
RSI=0000000000000004 RDI=00000000000002fb RBP=00000000001b9ff0 RSP=00000000001b9e60
R8 =000000000000005f R9 =0000000000000204 R10=00000000002f7000 R11=000000000000005e
R12=0000000000000000 R13=0000000000000001 R14=0000000000000001 R15=0000000000008003
RIP=0000000000111a30 RFL=00000287 [--S--PC] CPL=0 II=0 A20=1 SMM=0 HLT=0
ES =0010 0000000000000000 ffffffff 00cf9300 DPL=0 DS   [-WA]
CS =0008 0000000000000000 ffffffff 00af9a00 DPL=0 CS64 [-R-]
SS =0010 0000000000000000 ffffffff 00cf9300 DPL=0 DS   [-WA]
DS =0010 0000000000000000 ffffffff 00cf9300 DPL=0 DS   [-WA]
FS =0010 0000000000000000 ffffffff 00cf9300 DPL=0 DS   [-WA]
GS =0010 0000000000000000 ffffffff 00cf9300 DPL=0 DS   [-WA]
LDT=0000 0000000000000000 0000ffff 00008200 DPL=0 LDT
TR =0040 0000000000299ae0 0000006f 00208900 DPL=0 TSS64-avl
GDT=     0000000000271ce0 0000004f
IDT=     0000000000271d60 00000fff
CR0=80000013 CR2=0000000000000000 CR3=00000000001ba000 CR4=00000620
DR0=0000000000000000 DR1=0000000000000000 DR2=0000000000000000 DR3=0000000000000000 
DR6=00000000ffff0ff0 DR7=0000000000000400
CCS=0000000000000085 CCD=fffffffffffff230 CCO=EFLAGS
EFER=0000000000000500
Servicing hardware INT=0x20
    17: v=20 e=0000 i=0 cpl=0 IP=0008:0000000000111a30 pc=0000000000111a30 SP=0010:00000000001b9e60 env->regs[R_EAX]=00000000002f7000
RAX=00000000002f7000 RBX=00000000cccccccd RCX=0000000000000538 RDX=0000000000000000
RSI=0000000000000004 RDI=00000000000002fb RBP=00000000001b9ff0 RSP=00000000001b9e60
R8 =000000000000005f R9 =0000000000000204 R10=00000000002f7000 R11=000000000000005e
R12=0000000000000000 R13=0000000000000001 R14=0000000000000001 R15=0000000000008003
RIP=0000000000111a30 RFL=00000283 [--S---C] CPL=0 II=0 A20=1 SMM=0 HLT=0
ES =0010 0000000000000000 ffffffff 00cf9300 DPL=0 DS   [-WA]
CS =0008 0000000000000000 ffffffff 00af9a00 DPL=0 CS64 [-R-]
SS =0010 0000000000000000 ffffffff 00cf9300 DPL=0 DS   [-WA]
DS =0010 0000000000000000 ffffffff 00cf9300 DPL=0 DS   [-WA]
FS =0010 0000000000000000 ffffffff 00cf9300 DPL=0 DS   [-WA]
GS =0010 0000000000000000 ffffffff 00cf9300 DPL=0 DS   [-WA]
LDT=0000 0000000000000000 0000ffff 00008200 DPL=0 LDT
TR =0040 0000000000299ae0 0000006f 00208900 DPL=0 TSS64-avl
GDT=     0000000000271ce0 0000004f
IDT=     0000000000271d60 00000fff
CR0=80000013 CR2=0000000000000000 CR3=00000000001ba000 CR4=00000620
DR0=0000000000000000 DR1=0000000000000000 DR2=0000000000000000 DR3=0000000000000000 
DR6=00000000ffff0ff0 DR7=0000000000000400
CCS=0000000000000081 CCD=fffffffffffff538 CCO=EFLAGS
EFER=0000000000000500
Servicing hardware INT=0x20
    18: v=20 e=0000 i=0 cpl=0 IP=0008:0000000000111a30 pc=0000000000111a30 SP=0010:00000000001b9e60 env->regs[R_EAX]=00000000002f7000
RAX=00000000002f7000 RBX=00000000cccccccd RCX=00000000000005f4 RDX=0000000000000000
RSI=0000000000000004 RDI=00000000000002fb RBP=00000000001b9ff0 RSP=00000000001b9e60
R8 =000000000000005f R9 =0000000000000204 R10=00000000002f7000 R11=000000000000005e
R12=0000000000000000 R13=0000000000000001 R14=0000000000000001 R15=0000000000008003
RIP=0000000000111a30 RFL=00000283 [--S---C] CPL=0 II=0 A20=1 SMM=0 HLT=0
ES =0010 0000000000000000 ffffffff 00cf9300 DPL=0 DS   [-WA]
CS =0008 0000000000000000 ffffffff 00af9a00 DPL=0 CS64 [-R-]
SS =0010 0000000000000000 ffffffff 00cf9300 DPL=0 DS   [-WA]
DS =0010 0000000000000000 ffffffff 00cf9300 DPL=0 DS   [-WA]
FS =0010 0000000000000000 ffffffff 00cf9300 DPL=0 DS   [-WA]
GS =0010 0000000000000000 ffffffff 00cf9300 DPL=0 DS   [-WA]
LDT=0000 0000000000000000 0000ffff 00008200 DPL=0 LDT
TR =0040 0000000000299ae0 0000006f 00208900 DPL=0 TSS64-avl
GDT=     0000000000271ce0 0000004f
IDT=     0000000000271d60 00000fff
CR0=80000013 CR2=0000000000000000 CR3=00000000001ba000 CR4=00000620
DR0=0000000000000000 DR1=0000000000000000 DR2=0000000000000000 DR3=0000000000000000 
DR6=00000000ffff0ff0 DR7=0000000000000400
CCS=0000000000000081 CCD=fffffffffffff5f4 CCO=EFLAGS
EFER=0000000000000500
Servicing hardware INT=0x20
    19: v=20 e=0000 i=0 cpl=0 IP=0008:0000000000111a30 pc=0000000000111a30 SP=0010:00000000001b9e60 env->regs[R_EAX]=00000000002f7000
RAX=00000000002f7000 RBX=00000000cccccccd RCX=0000000000000960 RDX=0000000000000000
RSI=0000000000000004 RDI=00000000000002fb RBP=00000000001b9ff0 RSP=00000000001b9e60
R8 =000000000000005f R9 =0000000000000204 R10=00000000002f7000 R11=000000000000005e
R12=0000000000000000 R13=0000000000000001 R14=0000000000000001 R15=0000000000008003
RIP=0000000000111a30 RFL=00000287 [--S--PC] CPL=0 II=0 A20=1 SMM=0 HLT=0
ES =0010 0000000000000000 ffffffff 00cf9300 DPL=0 DS   [-WA]
CS =0008 0000000000000000 ffffffff 00af9a00 DPL=0 CS64 [-R-]
SS =0010 0000000000000000 ffffffff 00cf9300 DPL=0 DS   [-WA]
DS =0010 0000000000000000 ffffffff 00cf9300 DPL=0 DS   [-WA]
FS =0010 0000000000000000 ffffffff 00cf9300 DPL=0 DS   [-WA]
GS =0010 0000000000000000 ffffffff 00cf9300 DPL=0 DS   [-WA]
LDT=0000 0000000000000000 0000ffff 00008200 DPL=0 LDT
TR =0040 0000000000299ae0 0000006f 00208900 DPL=0 TSS64-avl
GDT=     0000000000271ce0 0000004f
IDT=     0000000000271d60 00000fff
CR0=80000013 CR2=0000000000000000 CR3=00000000001ba000 CR4=00000620
DR0=0000000000000000 DR1=0000000000000000 DR2=0000000000000000 DR3=0000000000000000 
DR6=00000000ffff0ff0 DR7=0000000000000400
CCS=0000000000000085 CCD=fffffffffffff960 CCO=EFLAGS
EFER=0000000000000500
Servicing hardware INT=0x20
    20: v=20 e=0000 i=0 cpl=0 IP=0008:0000000000111a30 pc=0000000000111a30 SP=0010:00000000001b9e60 env->regs[R_EAX]=00000000002f7000
RAX=00000000002f7000 RBX=00000000cccccccd RCX=0000000000000a44 RDX=0000000000000000
RSI=0000000000000004 RDI=00000000000002fb RBP=00000000001b9ff0 RSP=00000000001b9e60
R8 =000000000000005f R9 =0000000000000204 R10=00000000002f7000 R11=000000000000005e
R12=0000000000000000 R13=0000000000000001 R14=0000000000000001 R15=0000000000008003
RIP=0000000000111a30 RFL=00000287 [--S--PC] CPL=0 II=0 A20=1 SMM=0 HLT=0
ES =0010 0000000000000000 ffffffff 00cf9300 DPL=0 DS   [-WA]
CS =0008 0000000000000000 ffffffff 00af9a00 DPL=0 CS64 [-R-]
SS =0010 0000000000000000 ffffffff 00cf9300 DPL=0 DS   [-WA]
DS =0010 0000000000000000 ffffffff 00cf9300 DPL=0 DS   [-WA]
FS =0010 0000000000000000 ffffffff 00cf9300 DPL=0 DS   [-WA]
GS =0010 0000000000000000 ffffffff 00cf9300 DPL=0 DS   [-WA]
LDT=0000 0000000000000000 0000ffff 00008200 DPL=0 LDT
TR =0040 0000000000299ae0 0000006f 00208900 DPL=0 TSS64-avl
GDT=     0000000000271ce0 0000004f
IDT=     0000000000271d60 00000fff
CR0=80000013 CR2=0000000000000000 CR3=00000000001ba000 CR4=00000620
DR0=0000000000000000 DR1=0000000000000000 DR2=0000000000000000 DR3=0000000000000000 
DR6=00000000ffff0ff0 DR7=0000000000000400
CCS=0000000000000085 CCD=fffffffffffffa44 CCO=EFLAGS
EFER=0000000000000500
Servicing hardware INT=0x20
    21: v=20 e=0000 i=0 cpl=0 IP=0008:0000000000111e50 pc=0000000000111e50 SP=0010:00000000001b9e60 env->regs[R_EAX]=0000000000000031
RAX=0000000000000031 RBX=00000000cccccccd RCX=0000000000000031 RDX=00000000000003f8
RSI=0000000000000013 RDI=0000000000000031 RBP=00000000001b9ff0 RSP=00000000001b9e60
R8 =0000000000000001 R9 =0000000000000204 R10=00000000002f7000 R11=000000000000005e
R12=0000000000000000 R13=0000000000000001 R14=0000000000000001 R15=0000000000008003
RIP=0000000000111e50 RFL=00000202 [-------] CPL=0 II=0 A20=1 SMM=0 HLT=0
ES =0010 0000000000000000 ffffffff 00cf9300 DPL=0 DS   [-WA]
CS =0008 0000000000000000 ffffffff 00af9a00 DPL=0 CS64 [-R-]
SS =0010 0000000000000000 ffffffff 00cf9300 DPL=0 DS   [-WA]
DS =0010 0000000000000000 ffffffff 00cf9300 DPL=0 DS   [-WA]
FS =0010 0000000000000000 ffffffff 00cf9300 DPL=0 DS   [-WA]
GS =0010 0000000000000000 ffffffff 00cf9300 DPL=0 DS   [-WA]
LDT=0000 0000000000000000 0000ffff 00008200 DPL=0 LDT
TR =0040 0000000000299ae0 0000006f 00208900 DPL=0 TSS64-avl
GDT=     0000000000271ce0 0000004f
IDT=     0000000000271d60 00000fff
CR0=80000013 CR2=0000000000000000 CR3=00000000001ba000 CR4=00000620
DR0=0000000000000000 DR1=0000000000000000 DR2=0000000000000000 DR3=0000000000000000 
DR6=00000000ffff0ff0 DR7=0000000000000400
CCS=0000000000000000 CCD=0000000000000020 CCO=EFLAGS
EFER=0000000000000500
Servicing hardware INT=0x20
    22: v=20 e=0000 i=0 cpl=0 IP=0008:0000000000111f11 pc=0000000000111f11 SP=0010:00000000001b9e60 env->regs[R_EAX]=0000000000000018
RAX=0000000000000018 RBX=00000000cccccccd RCX=000000000000001b RDX=00000000000003f8
RSI=0000000000000000 RDI=00000000fee00000 RBP=00000000001b9ff0 RSP=00000000001b9e60
R8 =0000000000000001 R9 =0000000000000204 R10=00000000002f7000 R11=000000000000005e
R12=0000000000000000 R13=0000000000000001 R14=0000000000000001 R15=0000000000008003
RIP=0000000000111f11 RFL=00000293 [--S-A-C] CPL=0 II=0 A20=1 SMM=0 HLT=0
ES =0010 0000000000000000 ffffffff 00cf9300 DPL=0 DS   [-WA]
CS =0008 0000000000000000 ffffffff 00af9a00 DPL=0 CS64 [-R-]
SS =0010 0000000000000000 ffffffff 00cf9300 DPL=0 DS   [-WA]
DS =0010 0000000000000000 ffffffff 00cf9300 DPL=0 DS   [-WA]
FS =0010 0000000000000000 ffffffff 00cf9300 DPL=0 DS   [-WA]
GS =0010 0000000000000000 ffffffff 00cf9300 DPL=0 DS   [-WA]
LDT=0000 0000000000000000 0000ffff 00008200 DPL=0 LDT
TR =0040 0000000000299ae0 0000006f 00208900 DPL=0 TSS64-avl
GDT=     0000000000271ce0 0000004f
IDT=     0000000000271d60 00000fff
CR0=80000013 CR2=0000000000000000 CR3=00000000001ba000 CR4=00000620
DR0=0000000000000000 DR1=0000000000000000 DR2=0000000000000000 DR3=0000000000000000 
DR6=00000000ffff0ff0 DR7=0000000000000400
CCS=0000000000000091 CCD=fffffffffffffffe CCO=EFLAGS
EFER=0000000000000500
Servicing hardware INT=0x20
    23: v=20 e=0000 i=0 cpl=0 IP=0008:0000000000111f11 pc=0000000000111f11 SP=0010:00000000001b9e60 env->regs[R_EAX]=0000000000000018
RAX=0000000000000018 RBX=00000000cccccccd RCX=000000000000001b RDX=00000000000003f8
RSI=0000000000000000 RDI=00000000fee00000 RBP=00000000001b9ff0 RSP=00000000001b9e60
R8 =0000000000000001 R9 =0000000000000204 R10=00000000002f7000 R11=000000000000005e
R12=0000000000000000 R13=0000000000000001 R14=0000000000000001 R15=0000000000008003
RIP=0000000000111f11 RFL=00000297 [--S-APC] CPL=0 II=0 A20=1 SMM=0 HLT=0
ES =0010 0000000000000000 ffffffff 00cf9300 DPL=0 DS   [-WA]
CS =0008 0000000000000000 ffffffff 00af9a00 DPL=0 CS64 [-R-]
SS =0010 0000000000000000 ffffffff 00cf9300 DPL=0 DS   [-WA]
DS =0010 0000000000000000 ffffffff 00cf9300 DPL=0 DS   [-WA]
FS =0010 0000000000000000 ffffffff 00cf9300 DPL=0 DS   [-WA]
GS =0010 0000000000000000 ffffffff 00cf9300 DPL=0 DS   [-WA]
LDT=0000 0000000000000000 0000ffff 00008200 DPL=0 LDT
TR =0040 0000000000299ae0 0000006f 00208900 DPL=0 TSS64-avl
GDT=     0000000000271ce0 0000004f
IDT=     0000000000271d60 00000fff
CR0=80000013 CR2=0000000000000000 CR3=00000000001ba000 CR4=00000620
DR0=0000000000000000 DR1=0000000000000000 DR2=0000000000000000 DR3=0000000000000000 
DR6=00000000ffff0ff0 DR7=0000000000000400
CCS=0000000000000095 CCD=ffffffffffffffff CCO=EFLAGS
EFER=0000000000000500
Servicing hardware INT=0x20
    24: v=20 e=0000 i=0 cpl=0 IP=0008:0000000000111f62 pc=0000000000111f62 SP=0010:00000000001b9e60 env->regs[R_EAX]=0000000000017ff4
RAX=0000000000017ff4 RBX=00000000cccccccd RCX=000000000000001b RDX=00000000000003f8
RSI=0000000000000000 RDI=00000000fee00000 RBP=00000000001b9ff0 RSP=00000000001b9e60
R8 =0000000000000001 R9 =0000000000000204 R10=00000000002f7000 R11=000000000000005e
R12=0000000000000000 R13=0000000000000001 R14=0000000000000001 R15=0000000000008003
RIP=0000000000111f62 RFL=00000213 [----A-C] CPL=0 II=0 A20=1 SMM=0 HLT=0
ES =0010 0000000000000000 ffffffff 00cf9300 DPL=0 DS   [-WA]
CS =0008 0000000000000000 ffffffff 00af9a00 DPL=0 CS64 [-R-]
SS =0010 0000000000000000 ffffffff 00cf9300 DPL=0 DS   [-WA]
DS =0010 0000000000000000 ffffffff 00cf9300 DPL=0 DS   [-WA]
FS =0010 0000000000000000 ffffffff 00cf9300 DPL=0 DS   [-WA]
GS =0010 0000000000000000 ffffffff 00cf9300 DPL=0 DS   [-WA]
LDT=0000 0000000000000000 0000ffff 00008200 DPL=0 LDT
TR =0040 0000000000299ae0 0000006f 00208900 DPL=0 TSS64-avl
GDT=     0000000000271ce0 0000004f
IDT=     0000000000271d60 00000fff
CR0=80000013 CR2=0000000000000000 CR3=00000000001ba000 CR4=00000620
DR0=0000000000000000 DR1=0000000000000000 DR2=0000000000000000 DR3=0000000000000000 
DR6=00000000ffff0ff0 DR7=0000000000000400
CCS=0000000000000011 CCD=0000000000017ff4 CCO=EFLAGS
EFER=0000000000000500
Servicing hardware INT=0x20
    25: v=20 e=0000 i=0 cpl=0 IP=0008:0000000000111f62 pc=0000000000111f62 SP=0010:00000000001b9e60 env->regs[R_EAX]=00000000000146aa
RAX=00000000000146aa RBX=00000000cccccccd RCX=000000000000001b RDX=00000000000003f8
RSI=0000000000000000 RDI=00000000fee00000 RBP=00000000001b9ff0 RSP=00000000001b9e60
R8 =0000000000000001 R9 =0000000000000204 R10=00000000002f7000 R11=000000000000005e
R12=0000000000000000 R13=0000000000000001 R14=0000000000000001 R15=0000000000008003
RIP=0000000000111f62 RFL=00000217 [----APC] CPL=0 II=0 A20=1 SMM=0 HLT=0
ES =0010 0000000000000000 ffffffff 00cf9300 DPL=0 DS   [-WA]
CS =0008 0000000000000000 ffffffff 00af9a00 DPL=0 CS64 [-R-]
SS =0010 0000000000000000 ffffffff 00cf9300 DPL=0 DS   [-WA]
DS =0010 0000000000000000 ffffffff 00cf9300 DPL=0 DS   [-WA]
FS =0010 0000000000000000 ffffffff 00cf9300 DPL=0 DS   [-WA]
GS =0010 0000000000000000 ffffffff 00cf9300 DPL=0 DS   [-WA]
LDT=0000 0000000000000000 0000ffff 00008200 DPL=0 LDT
TR =0040 0000000000299ae0 0000006f 00208900 DPL=0 TSS64-avl
GDT=     0000000000271ce0 0000004f
IDT=     0000000000271d60 00000fff
CR0=80000013 CR2=0000000000000000 CR3=00000000001ba000 CR4=00000620
DR0=0000000000000000 DR1=0000000000000000 DR2=0000000000000000 DR3=0000000000000000 
DR6=00000000ffff0ff0 DR7=0000000000000400
CCS=0000000000000015 CCD=00000000000146aa CCO=EFLAGS
EFER=0000000000000500
Servicing hardware INT=0x20
    26: v=20 e=0000 i=0 cpl=0 IP=0008:0000000000111f62 pc=0000000000111f62 SP=0010:00000000001b9e60 env->regs[R_EAX]=000000000001381d
RAX=000000000001381d RBX=00000000cccccccd RCX=000000000000001b RDX=00000000000003f8
RSI=0000000000000000 RDI=00000000fee00000 RBP=00000000001b9ff0 RSP=00000000001b9e60
R8 =0000000000000001 R9 =0000000000000204 R10=00000000002f7000 R11=000000000000005e
R12=0000000000000000 R13=0000000000000001 R14=0000000000000001 R15=0000000000008003
RIP=0000000000111f62 RFL=00000217 [----APC] CPL=0 II=0 A20=1 SMM=0 HLT=0
ES =0010 0000000000000000 ffffffff 00cf9300 DPL=0 DS   [-WA]
CS =0008 0000000000000000 ffffffff 00af9a00 DPL=0 CS64 [-R-]
SS =0010 0000000000000000 ffffffff 00cf9300 DPL=0 DS   [-WA]
DS =0010 0000000000000000 ffffffff 00cf9300 DPL=0 DS   [-WA]
FS =0010 0000000000000000 ffffffff 00cf9300 DPL=0 DS   [-WA]
GS =0010 0000000000000000 ffffffff 00cf9300 DPL=0 DS   [-WA]
LDT=0000 0000000000000000 0000ffff 00008200 DPL=0 LDT
TR =0040 0000000000299ae0 0000006f 00208900 DPL=0 TSS64-avl
GDT=     0000000000271ce0 0000004f
IDT=     0000000000271d60 00000fff
CR0=80000013 CR2=0000000000000000 CR3=00000000001ba000 CR4=00000620
DR0=0000000000000000 DR1=0000000000000000 DR2=0000000000000000 DR3=0000000000000000 
DR6=00000000ffff0ff0 DR7=0000000000000400
CCS=0000000000000015 CCD=000000000001381d CCO=EFLAGS
EFER=0000000000000500
Servicing hardware INT=0x20
    27: v=20 e=0000 i=0 cpl=0 IP=0008:0000000000111f62 pc=0000000000111f62 SP=0010:00000000001b9e60 env->regs[R_EAX]=000000000000fa5b
RAX=000000000000fa5b RBX=00000000cccccccd RCX=000000000000001b RDX=00000000000003f8
RSI=0000000000000000 RDI=00000000fee00000 RBP=00000000001b9ff0 RSP=00000000001b9e60
R8 =0000000000000001 R9 =0000000000000204 R10=00000000002f7000 R11=000000000000005e
R12=0000000000000000 R13=0000000000000001 R14=0000000000000001 R15=0000000000008003
RIP=0000000000111f62 RFL=00000213 [----A-C] CPL=0 II=0 A20=1 SMM=0 HLT=0
ES =0010 0000000000000000 ffffffff 00cf9300 DPL=0 DS   [-WA]
CS =0008 0000000000000000 ffffffff 00af9a00 DPL=0 CS64 [-R-]
SS =0010 0000000000000000 ffffffff 00cf9300 DPL=0 DS   [-WA]
DS =0010 0000000000000000 ffffffff 00cf9300 DPL=0 DS   [-WA]
FS =0010 0000000000000000 ffffffff 00cf9300 DPL=0 DS   [-WA]
GS =0010 0000000000000000 ffffffff 00cf9300 DPL=0 DS   [-WA]
LDT=0000 0000000000000000 0000ffff 00008200 DPL=0 LDT
TR =0040 0000000000299ae0 0000006f 00208900 DPL=0 TSS64-avl
GDT=     0000000000271ce0 0000004f
IDT=     0000000000271d60 00000fff
CR0=80000013 CR2=0000000000000000 CR3=00000000001ba000 CR4=00000620
DR0=0000000000000000 DR1=0000000000000000 DR2=0000000000000000 DR3=0000000000000000 
DR6=00000000ffff0ff0 DR7=0000000000000400
CCS=0000000000000011 CCD=000000000000fa5b CCO=EFLAGS
EFER=0000000000000500
Servicing hardware INT=0x20
    28: v=20 e=0000 i=0 cpl=0 IP=0008:0000000000111f62 pc=0000000000111f62 SP=0010:00000000001b9e60 env->regs[R_EAX]=000000000000ecbf
RAX=000000000000ecbf RBX=00000000cccccccd RCX=000000000000001b RDX=00000000000003f8
RSI=0000000000000000 RDI=00000000fee00000 RBP=00000000001b9ff0 RSP=00000000001b9e60
R8 =0000000000000001 R9 =0000000000000204 R10=00000000002f7000 R11=000000000000005e
R12=0000000000000000 R13=0000000000000001 R14=0000000000000001 R15=0000000000008003
RIP=0000000000111f62 RFL=00000203 [------C] CPL=0 II=0 A20=1 SMM=0 HLT=0
ES =0010 0000000000000000 ffffffff 00cf9300 DPL=0 DS   [-WA]
CS =0008 0000000000000000 ffffffff 00af9a00 DPL=0 CS64 [-R-]
SS =0010 0000000000000000 ffffffff 00cf9300 DPL=0 DS   [-WA]
DS =0010 0000000000000000 ffffffff 00cf9300 DPL=0 DS   [-WA]
FS =0010 0000000000000000 ffffffff 00cf9300 DPL=0 DS   [-WA]
GS =0010 0000000000000000 ffffffff 00cf9300 DPL=0 DS   [-WA]
LDT=0000 0000000000000000 0000ffff 00008200 DPL=0 LDT
TR =0040 0000000000299ae0 0000006f 00208900 DPL=0 TSS64-avl
GDT=     0000000000271ce0 0000004f
IDT=     0000000000271d60 00000fff
CR0=80000013 CR2=0000000000000000 CR3=00000000001ba000 CR4=00000620
DR0=0000000000000000 DR1=0000000000000000 DR2=0000000000000000 DR3=0000000000000000 
DR6=00000000ffff0ff0 DR7=0000000000000400
CCS=0000000000000001 CCD=000000000000ecbf CCO=EFLAGS
EFER=0000000000000500
Servicing hardware INT=0x20
    29: v=20 e=0000 i=0 cpl=0 IP=0008:0000000000111f62 pc=0000000000111f62 SP=0010:00000000001b9e60 env->regs[R_EAX]=000000000000b010
RAX=000000000000b010 RBX=00000000cccccccd RCX=000000000000001b RDX=00000000000003f8
RSI=0000000000000000 RDI=00000000fee00000 RBP=00000000001b9ff0 RSP=00000000001b9e60
R8 =0000000000000001 R9 =0000000000000204 R10=00000000002f7000 R11=000000000000005e
R12=0000000000000000 R13=0000000000000001 R14=0000000000000001 R15=0000000000008003
RIP=0000000000111f62 RFL=00000213 [----A-C] CPL=0 II=0 A20=1 SMM=0 HLT=0
ES =0010 0000000000000000 ffffffff 00cf9300 DPL=0 DS   [-WA]
CS =0008 0000000000000000 ffffffff 00af9a00 DPL=0 CS64 [-R-]
SS =0010 0000000000000000 ffffffff 00cf9300 DPL=0 DS   [-WA]
DS =0010 0000000000000000 ffffffff 00cf9300 DPL=0 DS   [-WA]
FS =0010 0000000000000000 ffffffff 00cf9300 DPL=0 DS   [-WA]
GS =0010 0000000000000000 ffffffff 00cf9300 DPL=0 DS   [-WA]
LDT=0000 0000000000000000 0000ffff 00008200 DPL=0 LDT
TR =0040 0000000000299ae0 0000006f 00208900 DPL=0 TSS64-avl
GDT=     0000000000271ce0 0000004f
IDT=     0000000000271d60 00000fff
CR0=80000013 CR2=0000000000000000 CR3=00000000001ba000 CR4=00000620
DR0=0000000000000000 DR1=0000000000000000 DR2=0000000000000000 DR3=0000000000000000 
DR6=00000000ffff0ff0 DR7=0000000000000400
CCS=0000000000000011 CCD=000000000000b010 CCO=EFLAGS
EFER=0000000000000500
Servicing hardware INT=0x20
    30: v=20 e=0000 i=0 cpl=0 IP=0008:0000000000111f62 pc=0000000000111f62 SP=0010:00000000001b9e60 env->regs[R_EAX]=00000000000093c4
RAX=00000000000093c4 RBX=00000000cccccccd RCX=000000000000001b RDX=00000000000003f8
RSI=0000000000000000 RDI=00000000fee00000 RBP=00000000001b9ff0 RSP=00000000001b9e60
R8 =0000000000000001 R9 =0000000000000204 R10=00000000002f7000 R11=000000000000005e
R12=0000000000000000 R13=0000000000000001 R14=0000000000000001 R15=0000000000008003
RIP=0000000000111f62 RFL=00000213 [----A-C] CPL=0 II=0 A20=1 SMM=0 HLT=0
ES =0010 0000000000000000 ffffffff 00cf9300 DPL=0 DS   [-WA]
CS =0008 0000000000000000 ffffffff 00af9a00 DPL=0 CS64 [-R-]
SS =0010 0000000000000000 ffffffff 00cf9300 DPL=0 DS   [-WA]
DS =0010 0000000000000000 ffffffff 00cf9300 DPL=0 DS   [-WA]
FS =0010 0000000000000000 ffffffff 00cf9300 DPL=0 DS   [-WA]
GS =0010 0000000000000000 ffffffff 00cf9300 DPL=0 DS   [-WA]
LDT=0000 0000000000000000 0000ffff 00008200 DPL=0 LDT
TR =0040 0000000000299ae0 0000006f 00208900 DPL=0 TSS64-avl
GDT=     0000000000271ce0 0000004f
IDT=     0000000000271d60 00000fff
CR0=80000013 CR2=0000000000000000 CR3=00000000001ba000 CR4=00000620
DR0=0000000000000000 DR1=0000000000000000 DR2=0000000000000000 DR3=0000000000000000 
DR6=00000000ffff0ff0 DR7=0000000000000400
CCS=0000000000000011 CCD=00000000000093c4 CCO=EFLAGS
EFER=0000000000000500
Servicing hardware INT=0x20
    31: v=20 e=0000 i=0 cpl=0 IP=0008:0000000000111f62 pc=0000000000111f62 SP=0010:00000000001b9e60 env->regs[R_EAX]=0000000000006616
RAX=0000000000006616 RBX=00000000cccccccd RCX=000000000000001b RDX=00000000000003f8
RSI=0000000000000000 RDI=00000000fee00000 RBP=00000000001b9ff0 RSP=00000000001b9e60
R8 =0000000000000001 R9 =0000000000000204 R10=00000000002f7000 R11=000000000000005e
R12=0000000000000000 R13=0000000000000001 R14=0000000000000001 R15=0000000000008003
RIP=0000000000111f62 RFL=00000213 [----A-C] CPL=0 II=0 A20=1 SMM=0 HLT=0
ES =0010 0000000000000000 ffffffff 00cf9300 DPL=0 DS   [-WA]
CS =0008 0000000000000000 ffffffff 00af9a00 DPL=0 CS64 [-R-]
SS =0010 0000000000000000 ffffffff 00cf9300 DPL=0 DS   [-WA]
DS =0010 0000000000000000 ffffffff 00cf9300 DPL=0 DS   [-WA]
FS =0010 0000000000000000 ffffffff 00cf9300 DPL=0 DS   [-WA]
GS =0010 0000000000000000 ffffffff 00cf9300 DPL=0 DS   [-WA]
LDT=0000 0000000000000000 0000ffff 00008200 DPL=0 LDT
TR =0040 0000000000299ae0 0000006f 00208900 DPL=0 TSS64-avl
GDT=     0000000000271ce0 0000004f
IDT=     0000000000271d60 00000fff
CR0=80000013 CR2=0000000000000000 CR3=00000000001ba000 CR4=00000620
DR0=0000000000000000 DR1=0000000000000000 DR2=0000000000000000 DR3=0000000000000000 
DR6=00000000ffff0ff0 DR7=0000000000000400
CCS=0000000000000011 CCD=0000000000006616 CCO=EFLAGS
EFER=0000000000000500
Servicing hardware INT=0x20
    32: v=20 e=0000 i=0 cpl=0 IP=0008:0000000000111f62 pc=0000000000111f62 SP=0010:00000000001b9e60 env->regs[R_EAX]=0000000000005ada
RAX=0000000000005ada RBX=00000000cccccccd RCX=000000000000001b RDX=00000000000003f8
RSI=0000000000000000 RDI=00000000fee00000 RBP=00000000001b9ff0 RSP=00000000001b9e60
R8 =0000000000000001 R9 =0000000000000204 R10=00000000002f7000 R11=000000000000005e
R12=0000000000000000 R13=0000000000000001 R14=0000000000000001 R15=0000000000008003
RIP=0000000000111f62 RFL=00000213 [----A-C] CPL=0 II=0 A20=1 SMM=0 HLT=0
ES =0010 0000000000000000 ffffffff 00cf9300 DPL=0 DS   [-WA]
CS =0008 0000000000000000 ffffffff 00af9a00 DPL=0 CS64 [-R-]
SS =0010 0000000000000000 ffffffff 00cf9300 DPL=0 DS   [-WA]
DS =0010 0000000000000000 ffffffff 00cf9300 DPL=0 DS   [-WA]
FS =0010 0000000000000000 ffffffff 00cf9300 DPL=0 DS   [-WA]
GS =0010 0000000000000000 ffffffff 00cf9300 DPL=0 DS   [-WA]
LDT=0000 0000000000000000 0000ffff 00008200 DPL=0 LDT
TR =0040 0000000000299ae0 0000006f 00208900 DPL=0 TSS64-avl
GDT=     0000000000271ce0 0000004f
IDT=     0000000000271d60 00000fff
CR0=80000013 CR2=0000000000000000 CR3=00000000001ba000 CR4=00000620
DR0=0000000000000000 DR1=0000000000000000 DR2=0000000000000000 DR3=0000000000000000 
DR6=00000000ffff0ff0 DR7=0000000000000400
CCS=0000000000000011 CCD=0000000000005ada CCO=EFLAGS
EFER=0000000000000500
Servicing hardware INT=0x20
    33: v=20 e=0000 i=0 cpl=0 IP=0008:0000000000111f62 pc=0000000000111f62 SP=0010:00000000001b9e60 env->regs[R_EAX]=000000000000217a
RAX=000000000000217a RBX=00000000cccccccd RCX=000000000000001b RDX=00000000000003f8
RSI=0000000000000000 RDI=00000000fee00000 RBP=00000000001b9ff0 RSP=00000000001b9e60
R8 =0000000000000001 R9 =0000000000000204 R10=00000000002f7000 R11=000000000000005e
R12=0000000000000000 R13=0000000000000001 R14=0000000000000001 R15=0000000000008003
RIP=0000000000111f62 RFL=00000213 [----A-C] CPL=0 II=0 A20=1 SMM=0 HLT=0
ES =0010 0000000000000000 ffffffff 00cf9300 DPL=0 DS   [-WA]
CS =0008 0000000000000000 ffffffff 00af9a00 DPL=0 CS64 [-R-]
SS =0010 0000000000000000 ffffffff 00cf9300 DPL=0 DS   [-WA]
DS =0010 0000000000000000 ffffffff 00cf9300 DPL=0 DS   [-WA]
FS =0010 0000000000000000 ffffffff 00cf9300 DPL=0 DS   [-WA]
GS =0010 0000000000000000 ffffffff 00cf9300 DPL=0 DS   [-WA]
LDT=0000 0000000000000000 0000ffff 00008200 DPL=0 LDT
TR =0040 0000000000299ae0 0000006f 00208900 DPL=0 TSS64-avl
GDT=     0000000000271ce0 0000004f
IDT=     0000000000271d60 00000fff
CR0=80000013 CR2=0000000000000000 CR3=00000000001ba000 CR4=00000620
DR0=0000000000000000 DR1=0000000000000000 DR2=0000000000000000 DR3=0000000000000000 
DR6=00000000ffff0ff0 DR7=0000000000000400
CCS=0000000000000011 CCD=000000000000217a CCO=EFLAGS
EFER=0000000000000500
Servicing hardware INT=0x20
    34: v=20 e=0000 i=0 cpl=0 IP=0008:0000000000111f62 pc=0000000000111f62 SP=0010:00000000001b9e60 env->regs[R_EAX]=0000000000001646
RAX=0000000000001646 RBX=00000000cccccccd RCX=000000000000001b RDX=00000000000003f8
RSI=0000000000000000 RDI=00000000fee00000 RBP=00000000001b9ff0 RSP=00000000001b9e60
R8 =0000000000000001 R9 =0000000000000204 R10=00000000002f7000 R11=000000000000005e
R12=0000000000000000 R13=0000000000000001 R14=0000000000000001 R15=0000000000008003
RIP=0000000000111f62 RFL=00000213 [----A-C] CPL=0 II=0 A20=1 SMM=0 HLT=0
ES =0010 0000000000000000 ffffffff 00cf9300 DPL=0 DS   [-WA]
CS =0008 0000000000000000 ffffffff 00af9a00 DPL=0 CS64 [-R-]
SS =0010 0000000000000000 ffffffff 00cf9300 DPL=0 DS   [-WA]
DS =0010 0000000000000000 ffffffff 00cf9300 DPL=0 DS   [-WA]
FS =0010 0000000000000000 ffffffff 00cf9300 DPL=0 DS   [-WA]
GS =0010 0000000000000000 ffffffff 00cf9300 DPL=0 DS   [-WA]
LDT=0000 0000000000000000 0000ffff 00008200 DPL=0 LDT
TR =0040 0000000000299ae0 0000006f 00208900 DPL=0 TSS64-avl
GDT=     0000000000271ce0 0000004f
IDT=     0000000000271d60 00000fff
CR0=80000013 CR2=0000000000000000 CR3=00000000001ba000 CR4=00000620
DR0=0000000000000000 DR1=0000000000000000 DR2=0000000000000000 DR3=0000000000000000 
DR6=00000000ffff0ff0 DR7=0000000000000400
CCS=0000000000000011 CCD=0000000000001646 CCO=EFLAGS
EFER=0000000000000500
Servicing hardware INT=0x20
    35: v=20 e=0000 i=0 cpl=0 IP=0008:0000000000111fb2 pc=0000000000111fb2 SP=0010:00000000001b9e60 env->regs[R_EAX]=0000000000016360
RAX=0000000000016360 RBX=00000000cccccccd RCX=000000000000001b RDX=00000000000003f8
RSI=0000000000000000 RDI=00000000fee00000 RBP=00000000001b9ff0 RSP=00000000001b9e60
R8 =0000000000000001 R9 =0000000000000204 R10=00000000002f7000 R11=000000000000005e
R12=0000000000000000 R13=0000000000000001 R14=0000000000000001 R15=0000000000008003
RIP=0000000000111fb2 RFL=00000217 [----APC] CPL=0 II=0 A20=1 SMM=0 HLT=0
ES =0010 0000000000000000 ffffffff 00cf9300 DPL=0 DS   [-WA]
CS =0008 0000000000000000 ffffffff 00af9a00 DPL=0 CS64 [-R-]
SS =0010 0000000000000000 ffffffff 00cf9300 DPL=0 DS   [-WA]
DS =0010 0000000000000000 ffffffff 00cf9300 DPL=0 DS   [-WA]
FS =0010 0000000000000000 ffffffff 00cf9300 DPL=0 DS   [-WA]
GS =0010 0000000000000000 ffffffff 00cf9300 DPL=0 DS   [-WA]
LDT=0000 0000000000000000 0000ffff 00008200 DPL=0 LDT
TR =0040 0000000000299ae0 0000006f 00208900 DPL=0 TSS64-avl
GDT=     0000000000271ce0 0000004f
IDT=     0000000000271d60 00000fff
CR0=80000013 CR2=0000000000000000 CR3=00000000001ba000 CR4=00000620
DR0=0000000000000000 DR1=0000000000000000 DR2=0000000000000000 DR3=0000000000000000 
DR6=00000000ffff0ff0 DR7=0000000000000400
CCS=0000000000000015 CCD=0000000000016360 CCO=EFLAGS
EFER=0000000000000500
Servicing hardware INT=0x20
    36: v=20 e=0000 i=0 cpl=0 IP=0008:0000000000111fb2 pc=0000000000111fb2 SP=0010:00000000001b9e60 env->regs[R_EAX]=00000000000155c4
RAX=00000000000155c4 RBX=00000000cccccccd RCX=000000000000001b RDX=00000000000003f8
RSI=0000000000000000 RDI=00000000fee00000 RBP=00000000001b9ff0 RSP=00000000001b9e60
R8 =0000000000000001 R9 =0000000000000204 R10=00000000002f7000 R11=000000000000005e
R12=0000000000000000 R13=0000000000000001 R14=0000000000000001 R15=0000000000008003
RIP=0000000000111fb2 RFL=00000213 [----A-C] CPL=0 II=0 A20=1 SMM=0 HLT=0
ES =0010 0000000000000000 ffffffff 00cf9300 DPL=0 DS   [-WA]
CS =0008 0000000000000000 ffffffff 00af9a00 DPL=0 CS64 [-R-]
SS =0010 0000000000000000 ffffffff 00cf9300 DPL=0 DS   [-WA]
DS =0010 0000000000000000 ffffffff 00cf9300 DPL=0 DS   [-WA]
FS =0010 0000000000000000 ffffffff 00cf9300 DPL=0 DS   [-WA]
GS =0010 0000000000000000 ffffffff 00cf9300 DPL=0 DS   [-WA]
LDT=0000 0000000000000000 0000ffff 00008200 DPL=0 LDT
TR =0040 0000000000299ae0 0000006f 00208900 DPL=0 TSS64-avl
GDT=     0000000000271ce0 0000004f
IDT=     0000000000271d60 00000fff
CR0=80000013 CR2=0000000000000000 CR3=00000000001ba000 CR4=00000620
DR0=0000000000000000 DR1=0000000000000000 DR2=0000000000000000 DR3=0000000000000000 
DR6=00000000ffff0ff0 DR7=0000000000000400
CCS=0000000000000011 CCD=00000000000155c4 CCO=EFLAGS
EFER=0000000000000500
Servicing hardware INT=0x20
    37: v=20 e=0000 i=0 cpl=0 IP=0008:0000000000111fb2 pc=0000000000111fb2 SP=0010:00000000001b9e60 env->regs[R_EAX]=00000000000118bc
RAX=00000000000118bc RBX=00000000cccccccd RCX=000000000000001b RDX=00000000000003f8
RSI=0000000000000000 RDI=00000000fee00000 RBP=00000000001b9ff0 RSP=00000000001b9e60
R8 =0000000000000001 R9 =0000000000000204 R10=00000000002f7000 R11=000000000000005e
R12=0000000000000000 R13=0000000000000001 R14=0000000000000001 R15=0000000000008003
RIP=0000000000111fb2 RFL=00000213 [----A-C] CPL=0 II=0 A20=1 SMM=0 HLT=0
ES =0010 0000000000000000 ffffffff 00cf9300 DPL=0 DS   [-WA]
CS =0008 0000000000000000 ffffffff 00af9a00 DPL=0 CS64 [-R-]
SS =0010 0000000000000000 ffffffff 00cf9300 DPL=0 DS   [-WA]
DS =0010 0000000000000000 ffffffff 00cf9300 DPL=0 DS   [-WA]
FS =0010 0000000000000000 ffffffff 00cf9300 DPL=0 DS   [-WA]
GS =0010 0000000000000000 ffffffff 00cf9300 DPL=0 DS   [-WA]
LDT=0000 0000000000000000 0000ffff 00008200 DPL=0 LDT
TR =0040 0000000000299ae0 0000006f 00208900 DPL=0 TSS64-avl
GDT=     0000000000271ce0 0000004f
IDT=     0000000000271d60 00000fff
CR0=80000013 CR2=0000000000000000 CR3=00000000001ba000 CR4=00000620
DR0=0000000000000000 DR1=0000000000000000 DR2=0000000000000000 DR3=0000000000000000 
DR6=00000000ffff0ff0 DR7=0000000000000400
CCS=0000000000000011 CCD=00000000000118bc CCO=EFLAGS
EFER=0000000000000500
Servicing hardware INT=0x20
    38: v=20 e=0000 i=0 cpl=0 IP=0008:0000000000111fb2 pc=0000000000111fb2 SP=0010:00000000001b9e60 env->regs[R_EAX]=0000000000010a43
RAX=0000000000010a43 RBX=00000000cccccccd RCX=000000000000001b RDX=00000000000003f8
RSI=0000000000000000 RDI=00000000fee00000 RBP=00000000001b9ff0 RSP=00000000001b9e60
R8 =0000000000000001 R9 =0000000000000204 R10=00000000002f7000 R11=000000000000005e
R12=0000000000000000 R13=0000000000000001 R14=0000000000000001 R15=0000000000008003
RIP=0000000000111fb2 RFL=00000213 [----A-C] CPL=0 II=0 A20=1 SMM=0 HLT=0
ES =0010 0000000000000000 ffffffff 00cf9300 DPL=0 DS   [-WA]
CS =0008 0000000000000000 ffffffff 00af9a00 DPL=0 CS64 [-R-]
SS =0010 0000000000000000 ffffffff 00cf9300 DPL=0 DS   [-WA]
DS =0010 0000000000000000 ffffffff 00cf9300 DPL=0 DS   [-WA]
FS =0010 0000000000000000 ffffffff 00cf9300 DPL=0 DS   [-WA]
GS =0010 0000000000000000 ffffffff 00cf9300 DPL=0 DS   [-WA]
LDT=0000 0000000000000000 0000ffff 00008200 DPL=0 LDT
TR =0040 0000000000299ae0 0000006f 00208900 DPL=0 TSS64-avl
GDT=     0000000000271ce0 0000004f
IDT=     0000000000271d60 00000fff
CR0=80000013 CR2=0000000000000000 CR3=00000000001ba000 CR4=00000620
DR0=0000000000000000 DR1=0000000000000000 DR2=0000000000000000 DR3=0000000000000000 
DR6=00000000ffff0ff0 DR7=0000000000000400
CCS=0000000000000011 CCD=0000000000010a43 CCO=EFLAGS
EFER=0000000000000500
Servicing hardware INT=0x20
    39: v=20 e=0000 i=0 cpl=0 IP=0008:0000000000111fb2 pc=0000000000111fb2 SP=0010:00000000001b9e60 env->regs[R_EAX]=000000000000d441
RAX=000000000000d441 RBX=00000000cccccccd RCX=000000000000001b RDX=00000000000003f8
RSI=0000000000000000 RDI=00000000fee00000 RBP=00000000001b9ff0 RSP=00000000001b9e60
R8 =0000000000000001 R9 =0000000000000204 R10=00000000002f7000 R11=000000000000005e
R12=0000000000000000 R13=0000000000000001 R14=0000000000000001 R15=0000000000008003
RIP=0000000000111fb2 RFL=00000217 [----APC] CPL=0 II=0 A20=1 SMM=0 HLT=0
ES =0010 0000000000000000 ffffffff 00cf9300 DPL=0 DS   [-WA]
CS =0008 0000000000000000 ffffffff 00af9a00 DPL=0 CS64 [-R-]
SS =0010 0000000000000000 ffffffff 00cf9300 DPL=0 DS   [-WA]
DS =0010 0000000000000000 ffffffff 00cf9300 DPL=0 DS   [-WA]
FS =0010 0000000000000000 ffffffff 00cf9300 DPL=0 DS   [-WA]
GS =0010 0000000000000000 ffffffff 00cf9300 DPL=0 DS   [-WA]
LDT=0000 0000000000000000 0000ffff 00008200 DPL=0 LDT
TR =0040 0000000000299ae0 0000006f 00208900 DPL=0 TSS64-avl
GDT=     0000000000271ce0 0000004f
IDT=     0000000000271d60 00000fff
CR0=80000013 CR2=0000000000000000 CR3=00000000001ba000 CR4=00000620
DR0=0000000000000000 DR1=0000000000000000 DR2=0000000000000000 DR3=0000000000000000 
DR6=00000000ffff0ff0 DR7=0000000000000400
CCS=0000000000000015 CCD=000000000000d441 CCO=EFLAGS
EFER=0000000000000500
Servicing hardware INT=0x20
    40: v=20 e=0000 i=0 cpl=0 IP=0008:0000000000111fb2 pc=0000000000111fb2 SP=0010:00000000001b9e60 env->regs[R_EAX]=000000000000c553
RAX=000000000000c553 RBX=00000000cccccccd RCX=000000000000001b RDX=00000000000003f8
RSI=0000000000000000 RDI=00000000fee00000 RBP=00000000001b9ff0 RSP=00000000001b9e60
R8 =0000000000000001 R9 =0000000000000204 R10=00000000002f7000 R11=000000000000005e
R12=0000000000000000 R13=0000000000000001 R14=0000000000000001 R15=0000000000008003
RIP=0000000000111fb2 RFL=00000217 [----APC] CPL=0 II=0 A20=1 SMM=0 HLT=0
ES =0010 0000000000000000 ffffffff 00cf9300 DPL=0 DS   [-WA]
CS =0008 0000000000000000 ffffffff 00af9a00 DPL=0 CS64 [-R-]
SS =0010 0000000000000000 ffffffff 00cf9300 DPL=0 DS   [-WA]
DS =0010 0000000000000000 ffffffff 00cf9300 DPL=0 DS   [-WA]
FS =0010 0000000000000000 ffffffff 00cf9300 DPL=0 DS   [-WA]
GS =0010 0000000000000000 ffffffff 00cf9300 DPL=0 DS   [-WA]
LDT=0000 0000000000000000 0000ffff 00008200 DPL=0 LDT
TR =0040 0000000000299ae0 0000006f 00208900 DPL=0 TSS64-avl
GDT=     0000000000271ce0 0000004f
IDT=     0000000000271d60 00000fff
CR0=80000013 CR2=0000000000000000 CR3=00000000001ba000 CR4=00000620
DR0=0000000000000000 DR1=0000000000000000 DR2=0000000000000000 DR3=0000000000000000 
DR6=00000000ffff0ff0 DR7=0000000000000400
CCS=0000000000000015 CCD=000000000000c553 CCO=EFLAGS
EFER=0000000000000500
Servicing hardware INT=0x20
    41: v=20 e=0000 i=0 cpl=0 IP=0008:0000000000111fb2 pc=0000000000111fb2 SP=0010:00000000001b9e60 env->regs[R_EAX]=0000000000008563
RAX=0000000000008563 RBX=00000000cccccccd RCX=000000000000001b RDX=00000000000003f8
RSI=0000000000000000 RDI=00000000fee00000 RBP=00000000001b9ff0 RSP=00000000001b9e60
R8 =0000000000000001 R9 =0000000000000204 R10=00000000002f7000 R11=000000000000005e
R12=0000000000000000 R13=0000000000000001 R14=0000000000000001 R15=0000000000008003
RIP=0000000000111fb2 RFL=00000217 [----APC] CPL=0 II=0 A20=1 SMM=0 HLT=0
ES =0010 0000000000000000 ffffffff 00cf9300 DPL=0 DS   [-WA]
CS =0008 0000000000000000 ffffffff 00af9a00 DPL=0 CS64 [-R-]
SS =0010 0000000000000000 ffffffff 00cf9300 DPL=0 DS   [-WA]
DS =0010 0000000000000000 ffffffff 00cf9300 DPL=0 DS   [-WA]
FS =0010 0000000000000000 ffffffff 00cf9300 DPL=0 DS   [-WA]
GS =0010 0000000000000000 ffffffff 00cf9300 DPL=0 DS   [-WA]
LDT=0000 0000000000000000 0000ffff 00008200 DPL=0 LDT
TR =0040 0000000000299ae0 0000006f 00208900 DPL=0 TSS64-avl
GDT=     0000000000271ce0 0000004f
IDT=     0000000000271d60 00000fff
CR0=80000013 CR2=0000000000000000 CR3=00000000001ba000 CR4=00000620
DR0=0000000000000000 DR1=0000000000000000 DR2=0000000000000000 DR3=0000000000000000 
DR6=00000000ffff0ff0 DR7=0000000000000400
CCS=0000000000000015 CCD=0000000000008563 CCO=EFLAGS
EFER=0000000000000500
Servicing hardware INT=0x20
    42: v=20 e=0000 i=0 cpl=0 IP=0008:0000000000111fb2 pc=0000000000111fb2 SP=0010:00000000001b9e60 env->regs[R_EAX]=0000000000007653
RAX=0000000000007653 RBX=00000000cccccccd RCX=000000000000001b RDX=00000000000003f8
RSI=0000000000000000 RDI=00000000fee00000 RBP=00000000001b9ff0 RSP=00000000001b9e60
R8 =0000000000000001 R9 =0000000000000204 R10=00000000002f7000 R11=000000000000005e
R12=0000000000000000 R13=0000000000000001 R14=0000000000000001 R15=0000000000008003
RIP=0000000000111fb2 RFL=00000217 [----APC] CPL=0 II=0 A20=1 SMM=0 HLT=0
ES =0010 0000000000000000 ffffffff 00cf9300 DPL=0 DS   [-WA]
CS =0008 0000000000000000 ffffffff 00af9a00 DPL=0 CS64 [-R-]
SS =0010 0000000000000000 ffffffff 00cf9300 DPL=0 DS   [-WA]
DS =0010 0000000000000000 ffffffff 00cf9300 DPL=0 DS   [-WA]
FS =0010 0000000000000000 ffffffff 00cf9300 DPL=0 DS   [-WA]
GS =0010 0000000000000000 ffffffff 00cf9300 DPL=0 DS   [-WA]
LDT=0000 0000000000000000 0000ffff 00008200 DPL=0 LDT
TR =0040 0000000000299ae0 0000006f 00208900 DPL=0 TSS64-avl
GDT=     0000000000271ce0 0000004f
IDT=     0000000000271d60 00000fff
CR0=80000013 CR2=0000000000000000 CR3=00000000001ba000 CR4=00000620
DR0=0000000000000000 DR1=0000000000000000 DR2=0000000000000000 DR3=0000000000000000 
DR6=00000000ffff0ff0 DR7=0000000000000400
CCS=0000000000000015 CCD=0000000000007653 CCO=EFLAGS
EFER=0000000000000500
Servicing hardware INT=0x20
    43: v=20 e=0000 i=0 cpl=0 IP=0008:0000000000111fb2 pc=0000000000111fb2 SP=0010:00000000001b9e60 env->regs[R_EAX]=0000000000003492
RAX=0000000000003492 RBX=00000000cccccccd RCX=000000000000001b RDX=00000000000003f8
RSI=0000000000000000 RDI=00000000fee00000 RBP=00000000001b9ff0 RSP=00000000001b9e60
R8 =0000000000000001 R9 =0000000000000204 R10=00000000002f7000 R11=000000000000005e
R12=0000000000000000 R13=0000000000000001 R14=0000000000000001 R15=0000000000008003
RIP=0000000000111fb2 RFL=00000213 [----A-C] CPL=0 II=0 A20=1 SMM=0 HLT=0
ES =0010 0000000000000000 ffffffff 00cf9300 DPL=0 DS   [-WA]
CS =0008 0000000000000000 ffffffff 00af9a00 DPL=0 CS64 [-R-]
SS =0010 0000000000000000 ffffffff 00cf9300 DPL=0 DS   [-WA]
DS =0010 0000000000000000 ffffffff 00cf9300 DPL=0 DS   [-WA]
FS =0010 0000000000000000 ffffffff 00cf9300 DPL=0 DS   [-WA]
GS =0010 0000000000000000 ffffffff 00cf9300 DPL=0 DS   [-WA]
LDT=0000 0000000000000000 0000ffff 00008200 DPL=0 LDT
TR =0040 0000000000299ae0 0000006f 00208900 DPL=0 TSS64-avl
GDT=     0000000000271ce0 0000004f
IDT=     0000000000271d60 00000fff
CR0=80000013 CR2=0000000000000000 CR3=00000000001ba000 CR4=00000620
DR0=0000000000000000 DR1=0000000000000000 DR2=0000000000000000 DR3=0000000000000000 
DR6=00000000ffff0ff0 DR7=0000000000000400
CCS=0000000000000011 CCD=0000000000003492 CCO=EFLAGS
EFER=0000000000000500
Servicing hardware INT=0x20
    44: v=20 e=0000 i=0 cpl=0 IP=0008:0000000000111fb2 pc=0000000000111fb2 SP=0010:00000000001b9e60 env->regs[R_EAX]=0000000000002b05
RAX=0000000000002b05 RBX=00000000cccccccd RCX=000000000000001b RDX=00000000000003f8
RSI=0000000000000000 RDI=00000000fee00000 RBP=00000000001b9ff0 RSP=00000000001b9e60
R8 =0000000000000001 R9 =0000000000000204 R10=00000000002f7000 R11=000000000000005e
R12=0000000000000000 R13=0000000000000001 R14=0000000000000001 R15=0000000000008003
RIP=0000000000111fb2 RFL=00000217 [----APC] CPL=0 II=0 A20=1 SMM=0 HLT=0
ES =0010 0000000000000000 ffffffff 00cf9300 DPL=0 DS   [-WA]
CS =0008 0000000000000000 ffffffff 00af9a00 DPL=0 CS64 [-R-]
SS =0010 0000000000000000 ffffffff 00cf9300 DPL=0 DS   [-WA]
DS =0010 0000000000000000 ffffffff 00cf9300 DPL=0 DS   [-WA]
FS =0010 0000000000000000 ffffffff 00cf9300 DPL=0 DS   [-WA]
GS =0010 0000000000000000 ffffffff 00cf9300 DPL=0 DS   [-WA]
LDT=0000 0000000000000000 0000ffff 00008200 DPL=0 LDT
TR =0040 0000000000299ae0 0000006f 00208900 DPL=0 TSS64-avl
GDT=     0000000000271ce0 0000004f
IDT=     0000000000271d60 00000fff
CR0=80000013 CR2=0000000000000000 CR3=00000000001ba000 CR4=00000620
DR0=0000000000000000 DR1=0000000000000000 DR2=0000000000000000 DR3=0000000000000000 
DR6=00000000ffff0ff0 DR7=0000000000000400
CCS=0000000000000015 CCD=0000000000002b05 CCO=EFLAGS
EFER=0000000000000500
Servicing hardware INT=0x20
    45: v=20 e=0000 i=0 cpl=0 IP=0008:0000000000111ff2 pc=0000000000111ff2 SP=0010:00000000001b9e60 env->regs[R_EAX]=0000000000000f44
RAX=0000000000000f44 RBX=00000000cccccccd RCX=000000000000001b RDX=00000000000003f8
RSI=0000000000000000 RDI=00000000fee00000 RBP=00000000001b9ff0 RSP=00000000001b9e60
R8 =0000000000000001 R9 =0000000000000000 R10=00000000002f7000 R11=000000000000005e
R12=0000000000000000 R13=0000000000000001 R14=0000000000000001 R15=0000000000008003
RIP=0000000000111ff2 RFL=00000293 [--S-A-C] CPL=0 II=0 A20=1 SMM=0 HLT=0
ES =0010 0000000000000000 ffffffff 00cf9300 DPL=0 DS   [-WA]
CS =0008 0000000000000000 ffffffff 00af9a00 DPL=0 CS64 [-R-]
SS =0010 0000000000000000 ffffffff 00cf9300 DPL=0 DS   [-WA]
DS =0010 0000000000000000 ffffffff 00cf9300 DPL=0 DS   [-WA]
FS =0010 0000000000000000 ffffffff 00cf9300 DPL=0 DS   [-WA]
GS =0010 0000000000000000 ffffffff 00cf9300 DPL=0 DS   [-WA]
LDT=0000 0000000000000000 0000ffff 00008200 DPL=0 LDT
TR =0040 0000000000299ae0 0000006f 00208900 DPL=0 TSS64-avl
GDT=     0000000000271ce0 0000004f
IDT=     0000000000271d60 00000fff
CR0=80000013 CR2=0000000000000000 CR3=00000000001ba000 CR4=00000620
DR0=0000000000000000 DR1=0000000000000000 DR2=0000000000000000 DR3=0000000000000000 
DR6=00000000ffff0ff0 DR7=0000000000000400
CCS=0000000000000091 CCD=fffffffffd051ec4 CCO=EFLAGS
EFER=0000000000000500
Servicing hardware INT=0x20
    46: v=20 e=0000 i=0 cpl=0 IP=0008:0000000000111ff2 pc=0000000000111ff2 SP=0010:00000000001b9e60 env->regs[R_EAX]=0000000000001535
RAX=0000000000001535 RBX=00000000cccccccd RCX=000000000000001b RDX=00000000000003f8
RSI=0000000000000000 RDI=00000000fee00000 RBP=00000000001b9ff0 RSP=00000000001b9e60
R8 =0000000000000001 R9 =0000000000000000 R10=00000000002f7000 R11=000000000000005e
R12=0000000000000000 R13=0000000000000001 R14=0000000000000001 R15=0000000000008003
RIP=0000000000111ff2 RFL=00000293 [--S-A-C] CPL=0 II=0 A20=1 SMM=0 HLT=0
ES =0010 0000000000000000 ffffffff 00cf9300 DPL=0 DS   [-WA]
CS =0008 0000000000000000 ffffffff 00af9a00 DPL=0 CS64 [-R-]
SS =0010 0000000000000000 ffffffff 00cf9300 DPL=0 DS   [-WA]
DS =0010 0000000000000000 ffffffff 00cf9300 DPL=0 DS   [-WA]
FS =0010 0000000000000000 ffffffff 00cf9300 DPL=0 DS   [-WA]
GS =0010 0000000000000000 ffffffff 00cf9300 DPL=0 DS   [-WA]
LDT=0000 0000000000000000 0000ffff 00008200 DPL=0 LDT
TR =0040 0000000000299ae0 0000006f 00208900 DPL=0 TSS64-avl
GDT=     0000000000271ce0 0000004f
IDT=     0000000000271d60 00000fff
CR0=80000013 CR2=0000000000000000 CR3=00000000001ba000 CR4=00000620
DR0=0000000000000000 DR1=0000000000000000 DR2=0000000000000000 DR3=0000000000000000 
DR6=00000000ffff0ff0 DR7=0000000000000400
CCS=0000000000000091 CCD=fffffffffd0524b5 CCO=EFLAGS
EFER=0000000000000500
Servicing hardware INT=0x20
    47: v=20 e=0000 i=0 cpl=0 IP=0008:0000000000111ff2 pc=0000000000111ff2 SP=0010:00000000001b9e60 env->regs[R_EAX]=0000000000004707
RAX=0000000000004707 RBX=00000000cccccccd RCX=000000000000001b RDX=00000000000003f8
RSI=0000000000000000 RDI=00000000fee00000 RBP=00000000001b9ff0 RSP=00000000001b9e60
R8 =0000000000000001 R9 =0000000000000000 R10=00000000002f7000 R11=000000000000005e
R12=0000000000000000 R13=0000000000000001 R14=0000000000000001 R15=0000000000008003
RIP=0000000000111ff2 RFL=00000297 [--S-APC] CPL=0 II=0 A20=1 SMM=0 HLT=0
ES =0010 0000000000000000 ffffffff 00cf9300 DPL=0 DS   [-WA]
CS =0008 0000000000000000 ffffffff 00af9a00 DPL=0 CS64 [-R-]
SS =0010 0000000000000000 ffffffff 00cf9300 DPL=0 DS   [-WA]
DS =0010 0000000000000000 ffffffff 00cf9300 DPL=0 DS   [-WA]
FS =0010 0000000000000000 ffffffff 00cf9300 DPL=0 DS   [-WA]
GS =0010 0000000000000000 ffffffff 00cf9300 DPL=0 DS   [-WA]
LDT=0000 0000000000000000 0000ffff 00008200 DPL=0 LDT
TR =0040 0000000000299ae0 0000006f 00208900 DPL=0 TSS64-avl
GDT=     0000000000271ce0 0000004f
IDT=     0000000000271d60 00000fff
CR0=80000013 CR2=0000000000000000 CR3=00000000001ba000 CR4=00000620
DR0=0000000000000000 DR1=0000000000000000 DR2=0000000000000000 DR3=0000000000000000 
DR6=00000000ffff0ff0 DR7=0000000000000400
CCS=0000000000000095 CCD=fffffffffd055687 CCO=EFLAGS
EFER=0000000000000500
Servicing hardware INT=0x20
    48: v=20 e=0000 i=0 cpl=0 IP=0008:0000000000111ff2 pc=0000000000111ff2 SP=0010:00000000001b9e60 env->regs[R_EAX]=0000000000006153
RAX=0000000000006153 RBX=00000000cccccccd RCX=000000000000001b RDX=00000000000003f8
RSI=0000000000000000 RDI=00000000fee00000 RBP=00000000001b9ff0 RSP=00000000001b9e60
R8 =0000000000000001 R9 =0000000000000000 R10=00000000002f7000 R11=000000000000005e
R12=0000000000000000 R13=0000000000000001 R14=0000000000000001 R15=0000000000008003
RIP=0000000000111ff2 RFL=00000293 [--S-A-C] CPL=0 II=0 A20=1 SMM=0 HLT=0
ES =0010 0000000000000000 ffffffff 00cf9300 DPL=0 DS   [-WA]
CS =0008 0000000000000000 ffffffff 00af9a00 DPL=0 CS64 [-R-]
SS =0010 0000000000000000 ffffffff 00cf9300 DPL=0 DS   [-WA]
DS =0010 0000000000000000 ffffffff 00cf9300 DPL=0 DS   [-WA]
FS =0010 0000000000000000 ffffffff 00cf9300 DPL=0 DS   [-WA]
GS =0010 0000000000000000 ffffffff 00cf9300 DPL=0 DS   [-WA]
LDT=0000 0000000000000000 0000ffff 00008200 DPL=0 LDT
TR =0040 0000000000299ae0 0000006f 00208900 DPL=0 TSS64-avl
GDT=     0000000000271ce0 0000004f
IDT=     0000000000271d60 00000fff
CR0=80000013 CR2=0000000000000000 CR3=00000000001ba000 CR4=00000620
DR0=0000000000000000 DR1=0000000000000000 DR2=0000000000000000 DR3=0000000000000000 
DR6=00000000ffff0ff0 DR7=0000000000000400
CCS=0000000000000091 CCD=fffffffffd0570d3 CCO=EFLAGS
EFER=0000000000000500
Servicing hardware INT=0x20
    49: v=20 e=0000 i=0 cpl=0 IP=0008:0000000000111ff2 pc=0000000000111ff2 SP=0010:00000000001b9e60 env->regs[R_EAX]=00000000000083a0
RAX=00000000000083a0 RBX=00000000cccccccd RCX=000000000000001b RDX=00000000000003f8
RSI=0000000000000000 RDI=00000000fee00000 RBP=00000000001b9ff0 RSP=00000000001b9e60
R8 =0000000000000001 R9 =0000000000000000 R10=00000000002f7000 R11=000000000000005e
R12=0000000000000000 R13=0000000000000001 R14=0000000000000001 R15=0000000000008003
RIP=0000000000111ff2 RFL=00000283 [--S---C] CPL=0 II=0 A20=1 SMM=0 HLT=0
ES =0010 0000000000000000 ffffffff 00cf9300 DPL=0 DS   [-WA]
CS =0008 0000000000000000 ffffffff 00af9a00 DPL=0 CS64 [-R-]
SS =0010 0000000000000000 ffffffff 00cf9300 DPL=0 DS   [-WA]
DS =0010 0000000000000000 ffffffff 00cf9300 DPL=0 DS   [-WA]
FS =0010 0000000000000000 ffffffff 00cf9300 DPL=0 DS   [-WA]
GS =0010 0000000000000000 ffffffff 00cf9300 DPL=0 DS   [-WA]
LDT=0000 0000000000000000 0000ffff 00008200 DPL=0 LDT
TR =0040 0000000000299ae0 0000006f 00208900 DPL=0 TSS64-avl
GDT=     0000000000271ce0 0000004f
IDT=     0000000000271d60 00000fff
CR0=80000013 CR2=0000000000000000 CR3=00000000001ba000 CR4=00000620
DR0=0000000000000000 DR1=0000000000000000 DR2=0000000000000000 DR3=0000000000000000 
DR6=00000000ffff0ff0 DR7=0000000000000400
CCS=0000000000000081 CCD=fffffffffd059320 CCO=EFLAGS
EFER=0000000000000500
Servicing hardware INT=0x20
    50: v=20 e=0000 i=0 cpl=0 IP=0008:0000000000111ff2 pc=0000000000111ff2 SP=0010:00000000001b9e60 env->regs[R_EAX]=0000000000008edb
RAX=0000000000008edb RBX=00000000cccccccd RCX=000000000000001b RDX=00000000000003f8
RSI=0000000000000000 RDI=00000000fee00000 RBP=00000000001b9ff0 RSP=00000000001b9e60
R8 =0000000000000001 R9 =0000000000000000 R10=00000000002f7000 R11=000000000000005e
R12=0000000000000000 R13=0000000000000001 R14=0000000000000001 R15=0000000000008003
RIP=0000000000111ff2 RFL=00000293 [--S-A-C] CPL=0 II=0 A20=1 SMM=0 HLT=0
ES =0010 0000000000000000 ffffffff 00cf9300 DPL=0 DS   [-WA]
CS =0008 0000000000000000 ffffffff 00af9a00 DPL=0 CS64 [-R-]
SS =0010 0000000000000000 ffffffff 00cf9300 DPL=0 DS   [-WA]
DS =0010 0000000000000000 ffffffff 00cf9300 DPL=0 DS   [-WA]
FS =0010 0000000000000000 ffffffff 00cf9300 DPL=0 DS   [-WA]
GS =0010 0000000000000000 ffffffff 00cf9300 DPL=0 DS   [-WA]
LDT=0000 0000000000000000 0000ffff 00008200 DPL=0 LDT
TR =0040 0000000000299ae0 0000006f 00208900 DPL=0 TSS64-avl
GDT=     0000000000271ce0 0000004f
IDT=     0000000000271d60 00000fff
CR0=80000013 CR2=0000000000000000 CR3=00000000001ba000 CR4=00000620
DR0=0000000000000000 DR1=0000000000000000 DR2=0000000000000000 DR3=0000000000000000 
DR6=00000000ffff0ff0 DR7=0000000000000400
CCS=0000000000000091 CCD=fffffffffd059e5b CCO=EFLAGS
EFER=0000000000000500
Servicing hardware INT=0x20
    51: v=20 e=0000 i=0 cpl=0 IP=0008:0000000000111ff2 pc=0000000000111ff2 SP=0010:00000000001b9e60 env->regs[R_EAX]=000000000000bf71
RAX=000000000000bf71 RBX=00000000cccccccd RCX=000000000000001b RDX=00000000000003f8
RSI=0000000000000000 RDI=00000000fee00000 RBP=00000000001b9ff0 RSP=00000000001b9e60
R8 =0000000000000001 R9 =0000000000000000 R10=00000000002f7000 R11=000000000000005e
R12=0000000000000000 R13=0000000000000001 R14=0000000000000001 R15=0000000000008003
RIP=0000000000111ff2 RFL=00000293 [--S-A-C] CPL=0 II=0 A20=1 SMM=0 HLT=0
ES =0010 0000000000000000 ffffffff 00cf9300 DPL=0 DS   [-WA]
CS =0008 0000000000000000 ffffffff 00af9a00 DPL=0 CS64 [-R-]
SS =0010 0000000000000000 ffffffff 00cf9300 DPL=0 DS   [-WA]
DS =0010 0000000000000000 ffffffff 00cf9300 DPL=0 DS   [-WA]
FS =0010 0000000000000000 ffffffff 00cf9300 DPL=0 DS   [-WA]
GS =0010 0000000000000000 ffffffff 00cf9300 DPL=0 DS   [-WA]
LDT=0000 0000000000000000 0000ffff 00008200 DPL=0 LDT
TR =0040 0000000000299ae0 0000006f 00208900 DPL=0 TSS64-avl
GDT=     0000000000271ce0 0000004f
IDT=     0000000000271d60 00000fff
CR0=80000013 CR2=0000000000000000 CR3=00000000001ba000 CR4=00000620
DR0=0000000000000000 DR1=0000000000000000 DR2=0000000000000000 DR3=0000000000000000 
DR6=00000000ffff0ff0 DR7=0000000000000400
CCS=0000000000000091 CCD=fffffffffd05cef1 CCO=EFLAGS
EFER=0000000000000500
Servicing hardware INT=0x20
    52: v=20 e=0000 i=0 cpl=0 IP=0008:0000000000111ff2 pc=0000000000111ff2 SP=0010:00000000001b9e60 env->regs[R_EAX]=000000000000ca01
RAX=000000000000ca01 RBX=00000000cccccccd RCX=000000000000001b RDX=00000000000003f8
RSI=0000000000000000 RDI=00000000fee00000 RBP=00000000001b9ff0 RSP=00000000001b9e60
R8 =0000000000000001 R9 =0000000000000000 R10=00000000002f7000 R11=000000000000005e
R12=0000000000000000 R13=0000000000000001 R14=0000000000000001 R15=0000000000008003
RIP=0000000000111ff2 RFL=00000297 [--S-APC] CPL=0 II=0 A20=1 SMM=0 HLT=0
ES =0010 0000000000000000 ffffffff 00cf9300 DPL=0 DS   [-WA]
CS =0008 0000000000000000 ffffffff 00af9a00 DPL=0 CS64 [-R-]
SS =0010 0000000000000000 ffffffff 00cf9300 DPL=0 DS   [-WA]
DS =0010 0000000000000000 ffffffff 00cf9300 DPL=0 DS   [-WA]
FS =0010 0000000000000000 ffffffff 00cf9300 DPL=0 DS   [-WA]
GS =0010 0000000000000000 ffffffff 00cf9300 DPL=0 DS   [-WA]
LDT=0000 0000000000000000 0000ffff 00008200 DPL=0 LDT
TR =0040 0000000000299ae0 0000006f 00208900 DPL=0 TSS64-avl
GDT=     0000000000271ce0 0000004f
IDT=     0000000000271d60 00000fff
CR0=80000013 CR2=0000000000000000 CR3=00000000001ba000 CR4=00000620
DR0=0000000000000000 DR1=0000000000000000 DR2=0000000000000000 DR3=0000000000000000 
DR6=00000000ffff0ff0 DR7=0000000000000400
CCS=0000000000000095 CCD=fffffffffd05d981 CCO=EFLAGS
EFER=0000000000000500
Servicing hardware INT=0x20
    53: v=20 e=0000 i=0 cpl=0 IP=0008:0000000000111ff2 pc=0000000000111ff2 SP=0010:00000000001b9e60 env->regs[R_EAX]=000000000000f92e
RAX=000000000000f92e RBX=00000000cccccccd RCX=000000000000001b RDX=00000000000003f8
RSI=0000000000000000 RDI=00000000fee00000 RBP=00000000001b9ff0 RSP=00000000001b9e60
R8 =0000000000000001 R9 =0000000000000000 R10=00000000002f7000 R11=000000000000005e
R12=0000000000000000 R13=0000000000000001 R14=0000000000000001 R15=0000000000008003
RIP=0000000000111ff2 RFL=00000293 [--S-A-C] CPL=0 II=0 A20=1 SMM=0 HLT=0
ES =0010 0000000000000000 ffffffff 00cf9300 DPL=0 DS   [-WA]
CS =0008 0000000000000000 ffffffff 00af9a00 DPL=0 CS64 [-R-]
SS =0010 0000000000000000 ffffffff 00cf9300 DPL=0 DS   [-WA]
DS =0010 0000000000000000 ffffffff 00cf9300 DPL=0 DS   [-WA]
FS =0010 0000000000000000 ffffffff 00cf9300 DPL=0 DS   [-WA]
GS =0010 0000000000000000 ffffffff 00cf9300 DPL=0 DS   [-WA]
LDT=0000 0000000000000000 0000ffff 00008200 DPL=0 LDT
TR =0040 0000000000299ae0 0000006f 00208900 DPL=0 TSS64-avl
GDT=     0000000000271ce0 0000004f
IDT=     0000000000271d60 00000fff
CR0=80000013 CR2=0000000000000000 CR3=00000000001ba000 CR4=00000620
DR0=0000000000000000 DR1=0000000000000000 DR2=0000000000000000 DR3=0000000000000000 
DR6=00000000ffff0ff0 DR7=0000000000000400
CCS=0000000000000091 CCD=fffffffffd0608ae CCO=EFLAGS
EFER=0000000000000500
Servicing hardware INT=0x20
    54: v=20 e=0000 i=0 cpl=0 IP=0008:0000000000111ff2 pc=0000000000111ff2 SP=0010:00000000001b9e60 env->regs[R_EAX]=00000000000104ac
RAX=00000000000104ac RBX=00000000cccccccd RCX=000000000000001b RDX=00000000000003f8
RSI=0000000000000000 RDI=00000000fee00000 RBP=00000000001b9ff0 RSP=00000000001b9e60
R8 =0000000000000001 R9 =0000000000000000 R10=00000000002f7000 R11=000000000000005e
R12=0000000000000000 R13=0000000000000001 R14=0000000000000001 R15=0000000000008003
RIP=0000000000111ff2 RFL=00000293 [--S-A-C] CPL=0 II=0 A20=1 SMM=0 HLT=0
ES =0010 0000000000000000 ffffffff 00cf9300 DPL=0 DS   [-WA]
CS =0008 0000000000000000 ffffffff 00af9a00 DPL=0 CS64 [-R-]
SS =0010 0000000000000000 ffffffff 00cf9300 DPL=0 DS   [-WA]
DS =0010 0000000000000000 ffffffff 00cf9300 DPL=0 DS   [-WA]
FS =0010 0000000000000000 ffffffff 00cf9300 DPL=0 DS   [-WA]
GS =0010 0000000000000000 ffffffff 00cf9300 DPL=0 DS   [-WA]
LDT=0000 0000000000000000 0000ffff 00008200 DPL=0 LDT
TR =0040 0000000000299ae0 0000006f 00208900 DPL=0 TSS64-avl
GDT=     0000000000271ce0 0000004f
IDT=     0000000000271d60 00000fff
CR0=80000013 CR2=0000000000000000 CR3=00000000001ba000 CR4=00000620
DR0=0000000000000000 DR1=0000000000000000 DR2=0000000000000000 DR3=0000000000000000 
DR6=00000000ffff0ff0 DR7=0000000000000400
CCS=0000000000000091 CCD=fffffffffd06142c CCO=EFLAGS
EFER=0000000000000500
Servicing hardware INT=0x20
    55: v=20 e=0000 i=0 cpl=0 IP=0008:0000000000111ff2 pc=0000000000111ff2 SP=0010:00000000001b9e60 env->regs[R_EAX]=00000000000136ca
RAX=00000000000136ca RBX=00000000cccccccd RCX=000000000000001b RDX=00000000000003f8
RSI=0000000000000000 RDI=00000000fee00000 RBP=00000000001b9ff0 RSP=00000000001b9e60
R8 =0000000000000001 R9 =0000000000000000 R10=00000000002f7000 R11=000000000000005e
R12=0000000000000000 R13=0000000000000001 R14=0000000000000001 R15=0000000000008003
RIP=0000000000111ff2 RFL=00000293 [--S-A-C] CPL=0 II=0 A20=1 SMM=0 HLT=0
ES =0010 0000000000000000 ffffffff 00cf9300 DPL=0 DS   [-WA]
CS =0008 0000000000000000 ffffffff 00af9a00 DPL=0 CS64 [-R-]
SS =0010 0000000000000000 ffffffff 00cf9300 DPL=0 DS   [-WA]
DS =0010 0000000000000000 ffffffff 00cf9300 DPL=0 DS   [-WA]
FS =0010 0000000000000000 ffffffff 00cf9300 DPL=0 DS   [-WA]
GS =0010 0000000000000000 ffffffff 00cf9300 DPL=0 DS   [-WA]
LDT=0000 0000000000000000 0000ffff 00008200 DPL=0 LDT
TR =0040 0000000000299ae0 0000006f 00208900 DPL=0 TSS64-avl
GDT=     0000000000271ce0 0000004f
IDT=     0000000000271d60 00000fff
CR0=80000013 CR2=0000000000000000 CR3=00000000001ba000 CR4=00000620
DR0=0000000000000000 DR1=0000000000000000 DR2=0000000000000000 DR3=0000000000000000 
DR6=00000000ffff0ff0 DR7=0000000000000400
CCS=0000000000000091 CCD=fffffffffd06464a CCO=EFLAGS
EFER=0000000000000500
Servicing hardware INT=0x20
    56: v=20 e=0000 i=0 cpl=0 IP=0008:0000000000111ff2 pc=0000000000111ff2 SP=0010:00000000001b9e60 env->regs[R_EAX]=0000000000014182
RAX=0000000000014182 RBX=00000000cccccccd RCX=000000000000001b RDX=00000000000003f8
RSI=0000000000000000 RDI=00000000fee00000 RBP=00000000001b9ff0 RSP=00000000001b9e60
R8 =0000000000000001 R9 =0000000000000000 R10=00000000002f7000 R11=000000000000005e
R12=0000000000000000 R13=0000000000000001 R14=0000000000000001 R15=0000000000008003
RIP=0000000000111ff2 RFL=00000293 [--S-A-C] CPL=0 II=0 A20=1 SMM=0 HLT=0
ES =0010 0000000000000000 ffffffff 00cf9300 DPL=0 DS   [-WA]
CS =0008 0000000000000000 ffffffff 00af9a00 DPL=0 CS64 [-R-]
SS =0010 0000000000000000 ffffffff 00cf9300 DPL=0 DS   [-WA]
DS =0010 0000000000000000 ffffffff 00cf9300 DPL=0 DS   [-WA]
FS =0010 0000000000000000 ffffffff 00cf9300 DPL=0 DS   [-WA]
GS =0010 0000000000000000 ffffffff 00cf9300 DPL=0 DS   [-WA]
LDT=0000 0000000000000000 0000ffff 00008200 DPL=0 LDT
TR =0040 0000000000299ae0 0000006f 00208900 DPL=0 TSS64-avl
GDT=     0000000000271ce0 0000004f
IDT=     0000000000271d60 00000fff
CR0=80000013 CR2=0000000000000000 CR3=00000000001ba000 CR4=00000620
DR0=0000000000000000 DR1=0000000000000000 DR2=0000000000000000 DR3=0000000000000000 
DR6=00000000ffff0ff0 DR7=0000000000000400
CCS=0000000000000091 CCD=fffffffffd065102 CCO=EFLAGS
EFER=0000000000000500
Servicing hardware INT=0x20
    57: v=20 e=0000 i=0 cpl=0 IP=0008:0000000000111ff2 pc=0000000000111ff2 SP=0010:00000000001b9e60 env->regs[R_EAX]=0000000000017322
RAX=0000000000017322 RBX=00000000cccccccd RCX=000000000000001b RDX=00000000000003f8
RSI=0000000000000000 RDI=00000000fee00000 RBP=00000000001b9ff0 RSP=00000000001b9e60
R8 =0000000000000001 R9 =0000000000000000 R10=00000000002f7000 R11=000000000000005e
R12=0000000000000000 R13=0000000000000001 R14=0000000000000001 R15=0000000000008003
RIP=0000000000111ff2 RFL=00000293 [--S-A-C] CPL=0 II=0 A20=1 SMM=0 HLT=0
ES =0010 0000000000000000 ffffffff 00cf9300 DPL=0 DS   [-WA]
CS =0008 0000000000000000 ffffffff 00af9a00 DPL=0 CS64 [-R-]
SS =0010 0000000000000000 ffffffff 00cf9300 DPL=0 DS   [-WA]
DS =0010 0000000000000000 ffffffff 00cf9300 DPL=0 DS   [-WA]
FS =0010 0000000000000000 ffffffff 00cf9300 DPL=0 DS   [-WA]
GS =0010 0000000000000000 ffffffff 00cf9300 DPL=0 DS   [-WA]
LDT=0000 0000000000000000 0000ffff 00008200 DPL=0 LDT
TR =0040 0000000000299ae0 0000006f 00208900 DPL=0 TSS64-avl
GDT=     0000000000271ce0 0000004f
IDT=     0000000000271d60 00000fff
CR0=80000013 CR2=0000000000000000 CR3=00000000001ba000 CR4=00000620
DR0=0000000000000000 DR1=0000000000000000 DR2=0000000000000000 DR3=0000000000000000 
DR6=00000000ffff0ff0 DR7=0000000000000400
CCS=0000000000000091 CCD=fffffffffd0682a2 CCO=EFLAGS
EFER=0000000000000500
Servicing hardware INT=0x20
    58: v=20 e=0000 i=0 cpl=0 IP=0008:0000000000111ff2 pc=0000000000111ff2 SP=0010:00000000001b9e60 env->regs[R_EAX]=0000000000017c16
RAX=0000000000017c16 RBX=00000000cccccccd RCX=000000000000001b RDX=00000000000003f8
RSI=0000000000000000 RDI=00000000fee00000 RBP=00000000001b9ff0 RSP=00000000001b9e60
R8 =0000000000000001 R9 =0000000000000000 R10=00000000002f7000 R11=000000000000005e
R12=0000000000000000 R13=0000000000000001 R14=0000000000000001 R15=0000000000008003
RIP=0000000000111ff2 RFL=00000297 [--S-APC] CPL=0 II=0 A20=1 SMM=0 HLT=0
ES =0010 0000000000000000 ffffffff 00cf9300 DPL=0 DS   [-WA]
CS =0008 0000000000000000 ffffffff 00af9a00 DPL=0 CS64 [-R-]
SS =0010 0000000000000000 ffffffff 00cf9300 DPL=0 DS   [-WA]
DS =0010 0000000000000000 ffffffff 00cf9300 DPL=0 DS   [-WA]
FS =0010 0000000000000000 ffffffff 00cf9300 DPL=0 DS   [-WA]
GS =0010 0000000000000000 ffffffff 00cf9300 DPL=0 DS   [-WA]
LDT=0000 0000000000000000 0000ffff 00008200 DPL=0 LDT
TR =0040 0000000000299ae0 0000006f 00208900 DPL=0 TSS64-avl
GDT=     0000000000271ce0 0000004f
IDT=     0000000000271d60 00000fff
CR0=80000013 CR2=0000000000000000 CR3=00000000001ba000 CR4=00000620
DR0=0000000000000000 DR1=0000000000000000 DR2=0000000000000000 DR3=0000000000000000 
DR6=00000000ffff0ff0 DR7=0000000000000400
CCS=0000000000000095 CCD=fffffffffd068b96 CCO=EFLAGS
EFER=0000000000000500
Servicing hardware INT=0x20
    59: v=20 e=0000 i=0 cpl=0 IP=0008:0000000000111ff2 pc=0000000000111ff2 SP=0010:00000000001b9e60 env->regs[R_EAX]=000000000001acfd
RAX=000000000001acfd RBX=00000000cccccccd RCX=000000000000001b RDX=00000000000003f8
RSI=0000000000000000 RDI=00000000fee00000 RBP=00000000001b9ff0 RSP=00000000001b9e60
R8 =0000000000000001 R9 =0000000000000000 R10=00000000002f7000 R11=000000000000005e
R12=0000000000000000 R13=0000000000000001 R14=0000000000000001 R15=0000000000008003
RIP=0000000000111ff2 RFL=00000297 [--S-APC] CPL=0 II=0 A20=1 SMM=0 HLT=0
ES =0010 0000000000000000 ffffffff 00cf9300 DPL=0 DS   [-WA]
CS =0008 0000000000000000 ffffffff 00af9a00 DPL=0 CS64 [-R-]
SS =0010 0000000000000000 ffffffff 00cf9300 DPL=0 DS   [-WA]
DS =0010 0000000000000000 ffffffff 00cf9300 DPL=0 DS   [-WA]
FS =0010 0000000000000000 ffffffff 00cf9300 DPL=0 DS   [-WA]
GS =0010 0000000000000000 ffffffff 00cf9300 DPL=0 DS   [-WA]
LDT=0000 0000000000000000 0000ffff 00008200 DPL=0 LDT
TR =0040 0000000000299ae0 0000006f 00208900 DPL=0 TSS64-avl
GDT=     0000000000271ce0 0000004f
IDT=     0000000000271d60 00000fff
CR0=80000013 CR2=0000000000000000 CR3=00000000001ba000 CR4=00000620
DR0=0000000000000000 DR1=0000000000000000 DR2=0000000000000000 DR3=0000000000000000 
DR6=00000000ffff0ff0 DR7=0000000000000400
CCS=0000000000000095 CCD=fffffffffd06bc7d CCO=EFLAGS
EFER=0000000000000500
Servicing hardware INT=0x20
    60: v=20 e=0000 i=0 cpl=0 IP=0008:0000000000111ff2 pc=0000000000111ff2 SP=0010:00000000001b9e60 env->regs[R_EAX]=000000000001b716
RAX=000000000001b716 RBX=00000000cccccccd RCX=000000000000001b RDX=00000000000003f8
RSI=0000000000000000 RDI=00000000fee00000 RBP=00000000001b9ff0 RSP=00000000001b9e60
R8 =0000000000000001 R9 =0000000000000000 R10=00000000002f7000 R11=000000000000005e
R12=0000000000000000 R13=0000000000000001 R14=0000000000000001 R15=0000000000008003
RIP=0000000000111ff2 RFL=00000297 [--S-APC] CPL=0 II=0 A20=1 SMM=0 HLT=0
ES =0010 0000000000000000 ffffffff 00cf9300 DPL=0 DS   [-WA]
CS =0008 0000000000000000 ffffffff 00af9a00 DPL=0 CS64 [-R-]
SS =0010 0000000000000000 ffffffff 00cf9300 DPL=0 DS   [-WA]
DS =0010 0000000000000000 ffffffff 00cf9300 DPL=0 DS   [-WA]
FS =0010 0000000000000000 ffffffff 00cf9300 DPL=0 DS   [-WA]
GS =0010 0000000000000000 ffffffff 00cf9300 DPL=0 DS   [-WA]
LDT=0000 0000000000000000 0000ffff 00008200 DPL=0 LDT
TR =0040 0000000000299ae0 0000006f 00208900 DPL=0 TSS64-avl
GDT=     0000000000271ce0 0000004f
IDT=     0000000000271d60 00000fff
CR0=80000013 CR2=0000000000000000 CR3=00000000001ba000 CR4=00000620
DR0=0000000000000000 DR1=0000000000000000 DR2=0000000000000000 DR3=0000000000000000 
DR6=00000000ffff0ff0 DR7=0000000000000400
CCS=0000000000000095 CCD=fffffffffd06c696 CCO=EFLAGS
EFER=0000000000000500
Servicing hardware INT=0x20
    61: v=20 e=0000 i=0 cpl=0 IP=0008:0000000000111ff2 pc=0000000000111ff2 SP=0010:00000000001b9e60 env->regs[R_EAX]=000000000001f565
RAX=000000000001f565 RBX=00000000cccccccd RCX=000000000000001b RDX=00000000000003f8
RSI=0000000000000000 RDI=00000000fee00000 RBP=00000000001b9ff0 RSP=00000000001b9e60
R8 =0000000000000001 R9 =0000000000000000 R10=00000000002f7000 R11=000000000000005e
R12=0000000000000000 R13=0000000000000001 R14=0000000000000001 R15=0000000000008003
RIP=0000000000111ff2 RFL=00000293 [--S-A-C] CPL=0 II=0 A20=1 SMM=0 HLT=0
ES =0010 0000000000000000 ffffffff 00cf9300 DPL=0 DS   [-WA]
CS =0008 0000000000000000 ffffffff 00af9a00 DPL=0 CS64 [-R-]
SS =0010 0000000000000000 ffffffff 00cf9300 DPL=0 DS   [-WA]
DS =0010 0000000000000000 ffffffff 00cf9300 DPL=0 DS   [-WA]
FS =0010 0000000000000000 ffffffff 00cf9300 DPL=0 DS   [-WA]
GS =0010 0000000000000000 ffffffff 00cf9300 DPL=0 DS   [-WA]
LDT=0000 0000000000000000 0000ffff 00008200 DPL=0 LDT
TR =0040 0000000000299ae0 0000006f 00208900 DPL=0 TSS64-avl
GDT=     0000000000271ce0 0000004f
IDT=     0000000000271d60 00000fff
CR0=80000013 CR2=0000000000000000 CR3=00000000001ba000 CR4=00000620
DR0=0000000000000000 DR1=0000000000000000 DR2=0000000000000000 DR3=0000000000000000 
DR6=00000000ffff0ff0 DR7=0000000000000400
CCS=0000000000000091 CCD=fffffffffd0704e5 CCO=EFLAGS
EFER=0000000000000500
Servicing hardware INT=0x20
    62: v=20 e=0000 i=0 cpl=0 IP=0008:0000000000111ff2 pc=0000000000111ff2 SP=0010:00000000001b9e60 env->regs[R_EAX]=000000000001f565
RAX=000000000001f565 RBX=00000000cccccccd RCX=000000000000001b RDX=00000000000003f8
RSI=0000000000000000 RDI=00000000fee00000 RBP=00000000001b9ff0 RSP=00000000001b9e60
R8 =0000000000000001 R9 =0000000000000000 R10=00000000002f7000 R11=000000000000005e
R12=0000000000000000 R13=0000000000000001 R14=0000000000000001 R15=0000000000008003
RIP=0000000000111ff2 RFL=00010293 [--S-A-C] CPL=0 II=0 A20=1 SMM=0 HLT=0
ES =0010 0000000000000000 ffffffff 00cf9300 DPL=0 DS   [-WA]
CS =0008 0000000000000000 ffffffff 00af9a00 DPL=0 CS64 [-R-]
SS =0010 0000000000000000 ffffffff 00cf9300 DPL=0 DS   [-WA]
DS =0010 0000000000000000 ffffffff 00cf9300 DPL=0 DS   [-WA]
FS =0010 0000000000000000 ffffffff 00cf9300 DPL=0 DS   [-WA]
GS =0010 0000000000000000 ffffffff 00cf9300 DPL=0 DS   [-WA]
LDT=0000 0000000000000000 0000ffff 00008200 DPL=0 LDT
TR =0040 0000000000299ae0 0000006f 00208900 DPL=0 TSS64-avl
GDT=     0000000000271ce0 0000004f
IDT=     0000000000271d60 00000fff
CR0=80000013 CR2=0000000000000000 CR3=00000000001ba000 CR4=00000620
DR0=0000000000000000 DR1=0000000000000000 DR2=0000000000000000 DR3=0000000000000000 
DR6=00000000ffff0ff0 DR7=0000000000000400
CCS=0000000000000091 CCD=00000000001b9e38 CCO=EFLAGS
EFER=0000000000000500
Servicing hardware INT=0x20
    63: v=20 e=0000 i=0 cpl=0 IP=0008:0000000000111ff2 pc=0000000000111ff2 SP=0010:00000000001b9e60 env->regs[R_EAX]=000000000002210c
RAX=000000000002210c RBX=00000000cccccccd RCX=000000000000001b RDX=00000000000003f8
RSI=0000000000000000 RDI=00000000fee00000 RBP=00000000001b9ff0 RSP=00000000001b9e60
R8 =0000000000000001 R9 =0000000000000000 R10=00000000002f7000 R11=000000000000005e
R12=0000000000000000 R13=0000000000000001 R14=0000000000000001 R15=0000000000008003
RIP=0000000000111ff2 RFL=00000293 [--S-A-C] CPL=0 II=0 A20=1 SMM=0 HLT=0
ES =0010 0000000000000000 ffffffff 00cf9300 DPL=0 DS   [-WA]
CS =0008 0000000000000000 ffffffff 00af9a00 DPL=0 CS64 [-R-]
SS =0010 0000000000000000 ffffffff 00cf9300 DPL=0 DS   [-WA]
DS =0010 0000000000000000 ffffffff 00cf9300 DPL=0 DS   [-WA]
FS =0010 0000000000000000 ffffffff 00cf9300 DPL=0 DS   [-WA]
GS =0010 0000000000000000 ffffffff 00cf9300 DPL=0 DS   [-WA]
LDT=0000 0000000000000000 0000ffff 00008200 DPL=0 LDT
TR =0040 0000000000299ae0 0000006f 00208900 DPL=0 TSS64-avl
GDT=     0000000000271ce0 0000004f
IDT=     0000000000271d60 00000fff
CR0=80000013 CR2=0000000000000000 CR3=00000000001ba000 CR4=00000620
DR0=0000000000000000 DR1=0000000000000000 DR2=0000000000000000 DR3=0000000000000000 
DR6=00000000ffff0ff0 DR7=0000000000000400
CCS=0000000000000091 CCD=fffffffffd07308c CCO=EFLAGS
EFER=0000000000000500
Servicing hardware INT=0x20
    64: v=20 e=0000 i=0 cpl=0 IP=0008:0000000000111ff2 pc=0000000000111ff2 SP=0010:00000000001b9e60 env->regs[R_EAX]=0000000000022b72
RAX=0000000000022b72 RBX=00000000cccccccd RCX=000000000000001b RDX=00000000000003f8
RSI=0000000000000000 RDI=00000000fee00000 RBP=00000000001b9ff0 RSP=00000000001b9e60
R8 =0000000000000001 R9 =0000000000000000 R10=00000000002f7000 R11=000000000000005e
R12=0000000000000000 R13=0000000000000001 R14=0000000000000001 R15=0000000000008003
RIP=0000000000111ff2 RFL=00000293 [--S-A-C] CPL=0 II=0 A20=1 SMM=0 HLT=0
ES =0010 0000000000000000 ffffffff 00cf9300 DPL=0 DS   [-WA]
CS =0008 0000000000000000 ffffffff 00af9a00 DPL=0 CS64 [-R-]
SS =0010 0000000000000000 ffffffff 00cf9300 DPL=0 DS   [-WA]
DS =0010 0000000000000000 ffffffff 00cf9300 DPL=0 DS   [-WA]
FS =0010 0000000000000000 ffffffff 00cf9300 DPL=0 DS   [-WA]
GS =0010 0000000000000000 ffffffff 00cf9300 DPL=0 DS   [-WA]
LDT=0000 0000000000000000 0000ffff 00008200 DPL=0 LDT
TR =0040 0000000000299ae0 0000006f 00208900 DPL=0 TSS64-avl
GDT=     0000000000271ce0 0000004f
IDT=     0000000000271d60 00000fff
CR0=80000013 CR2=0000000000000000 CR3=00000000001ba000 CR4=00000620
DR0=0000000000000000 DR1=0000000000000000 DR2=0000000000000000 DR3=0000000000000000 
DR6=00000000ffff0ff0 DR7=0000000000000400
CCS=0000000000000091 CCD=fffffffffd073af2 CCO=EFLAGS
EFER=0000000000000500
Servicing hardware INT=0x20
    65: v=20 e=0000 i=0 cpl=0 IP=0008:0000000000111ff2 pc=0000000000111ff2 SP=0010:00000000001b9e60 env->regs[R_EAX]=000000000002642f
RAX=000000000002642f RBX=00000000cccccccd RCX=000000000000001b RDX=00000000000003f8
RSI=0000000000000000 RDI=00000000fee00000 RBP=00000000001b9ff0 RSP=00000000001b9e60
R8 =0000000000000001 R9 =0000000000000000 R10=00000000002f7000 R11=000000000000005e
R12=0000000000000000 R13=0000000000000001 R14=0000000000000001 R15=0000000000008003
RIP=0000000000111ff2 RFL=00000297 [--S-APC] CPL=0 II=0 A20=1 SMM=0 HLT=0
ES =0010 0000000000000000 ffffffff 00cf9300 DPL=0 DS   [-WA]
CS =0008 0000000000000000 ffffffff 00af9a00 DPL=0 CS64 [-R-]
SS =0010 0000000000000000 ffffffff 00cf9300 DPL=0 DS   [-WA]
DS =0010 0000000000000000 ffffffff 00cf9300 DPL=0 DS   [-WA]
FS =0010 0000000000000000 ffffffff 00cf9300 DPL=0 DS   [-WA]
GS =0010 0000000000000000 ffffffff 00cf9300 DPL=0 DS   [-WA]
LDT=0000 0000000000000000 0000ffff 00008200 DPL=0 LDT
TR =0040 0000000000299ae0 0000006f 00208900 DPL=0 TSS64-avl
GDT=     0000000000271ce0 0000004f
IDT=     0000000000271d60 00000fff
CR0=80000013 CR2=0000000000000000 CR3=00000000001ba000 CR4=00000620
DR0=0000000000000000 DR1=0000000000000000 DR2=0000000000000000 DR3=0000000000000000 
DR6=00000000ffff0ff0 DR7=0000000000000400
CCS=0000000000000095 CCD=fffffffffd0773af CCO=EFLAGS
EFER=0000000000000500
Servicing hardware INT=0x20
    66: v=20 e=0000 i=0 cpl=0 IP=0008:0000000000111ff2 pc=0000000000111ff2 SP=0010:00000000001b9e60 env->regs[R_EAX]=0000000000026462
RAX=0000000000026462 RBX=00000000cccccccd RCX=000000000000001b RDX=00000000000003f8
RSI=0000000000000000 RDI=00000000fee00000 RBP=00000000001b9ff0 RSP=00000000001b9e60
R8 =0000000000000001 R9 =0000000000000000 R10=00000000002f7000 R11=000000000000005e
R12=0000000000000000 R13=0000000000000001 R14=0000000000000001 R15=0000000000008003
RIP=0000000000111ff2 RFL=00000297 [--S-APC] CPL=0 II=0 A20=1 SMM=0 HLT=0
ES =0010 0000000000000000 ffffffff 00cf9300 DPL=0 DS   [-WA]
CS =0008 0000000000000000 ffffffff 00af9a00 DPL=0 CS64 [-R-]
SS =0010 0000000000000000 ffffffff 00cf9300 DPL=0 DS   [-WA]
DS =0010 0000000000000000 ffffffff 00cf9300 DPL=0 DS   [-WA]
FS =0010 0000000000000000 ffffffff 00cf9300 DPL=0 DS   [-WA]
GS =0010 0000000000000000 ffffffff 00cf9300 DPL=0 DS   [-WA]
LDT=0000 0000000000000000 0000ffff 00008200 DPL=0 LDT
TR =0040 0000000000299ae0 0000006f 00208900 DPL=0 TSS64-avl
GDT=     0000000000271ce0 0000004f
IDT=     0000000000271d60 00000fff
CR0=80000013 CR2=0000000000000000 CR3=00000000001ba000 CR4=00000620
DR0=0000000000000000 DR1=0000000000000000 DR2=0000000000000000 DR3=0000000000000000 
DR6=00000000ffff0ff0 DR7=0000000000000400
CCS=0000000000000095 CCD=fffffffffd0773e2 CCO=EFLAGS
EFER=0000000000000500
Servicing hardware INT=0x20
    67: v=20 e=0000 i=0 cpl=0 IP=0008:0000000000111ff2 pc=0000000000111ff2 SP=0010:00000000001b9e60 env->regs[R_EAX]=0000000000029472
RAX=0000000000029472 RBX=00000000cccccccd RCX=000000000000001b RDX=00000000000003f8
RSI=0000000000000000 RDI=00000000fee00000 RBP=00000000001b9ff0 RSP=00000000001b9e60
R8 =0000000000000001 R9 =0000000000000000 R10=00000000002f7000 R11=000000000000005e
R12=0000000000000000 R13=0000000000000001 R14=0000000000000001 R15=0000000000008003
RIP=0000000000111ff2 RFL=00000293 [--S-A-C] CPL=0 II=0 A20=1 SMM=0 HLT=0
ES =0010 0000000000000000 ffffffff 00cf9300 DPL=0 DS   [-WA]
CS =0008 0000000000000000 ffffffff 00af9a00 DPL=0 CS64 [-R-]
SS =0010 0000000000000000 ffffffff 00cf9300 DPL=0 DS   [-WA]
DS =0010 0000000000000000 ffffffff 00cf9300 DPL=0 DS   [-WA]
FS =0010 0000000000000000 ffffffff 00cf9300 DPL=0 DS   [-WA]
GS =0010 0000000000000000 ffffffff 00cf9300 DPL=0 DS   [-WA]
LDT=0000 0000000000000000 0000ffff 00008200 DPL=0 LDT
TR =0040 0000000000299ae0 0000006f 00208900 DPL=0 TSS64-avl
GDT=     0000000000271ce0 0000004f
IDT=     0000000000271d60 00000fff
CR0=80000013 CR2=0000000000000000 CR3=00000000001ba000 CR4=00000620
DR0=0000000000000000 DR1=0000000000000000 DR2=0000000000000000 DR3=0000000000000000 
DR6=00000000ffff0ff0 DR7=0000000000000400
CCS=0000000000000091 CCD=fffffffffd07a3f2 CCO=EFLAGS
EFER=0000000000000500
Servicing hardware INT=0x20
    68: v=20 e=0000 i=0 cpl=0 IP=0008:0000000000111ff2 pc=0000000000111ff2 SP=0010:00000000001b9e60 env->regs[R_EAX]=000000000002a039
RAX=000000000002a039 RBX=00000000cccccccd RCX=000000000000001b RDX=00000000000003f8
RSI=0000000000000000 RDI=00000000fee00000 RBP=00000000001b9ff0 RSP=00000000001b9e60
R8 =0000000000000001 R9 =0000000000000000 R10=00000000002f7000 R11=000000000000005e
R12=0000000000000000 R13=0000000000000001 R14=0000000000000001 R15=0000000000008003
RIP=0000000000111ff2 RFL=00000293 [--S-A-C] CPL=0 II=0 A20=1 SMM=0 HLT=0
ES =0010 0000000000000000 ffffffff 00cf9300 DPL=0 DS   [-WA]
CS =0008 0000000000000000 ffffffff 00af9a00 DPL=0 CS64 [-R-]
SS =0010 0000000000000000 ffffffff 00cf9300 DPL=0 DS   [-WA]
DS =0010 0000000000000000 ffffffff 00cf9300 DPL=0 DS   [-WA]
FS =0010 0000000000000000 ffffffff 00cf9300 DPL=0 DS   [-WA]
GS =0010 0000000000000000 ffffffff 00cf9300 DPL=0 DS   [-WA]
LDT=0000 0000000000000000 0000ffff 00008200 DPL=0 LDT
TR =0040 0000000000299ae0 0000006f 00208900 DPL=0 TSS64-avl
GDT=     0000000000271ce0 0000004f
IDT=     0000000000271d60 00000fff
CR0=80000013 CR2=0000000000000000 CR3=00000000001ba000 CR4=00000620
DR0=0000000000000000 DR1=0000000000000000 DR2=0000000000000000 DR3=0000000000000000 
DR6=00000000ffff0ff0 DR7=0000000000000400
CCS=0000000000000091 CCD=fffffffffd07afb9 CCO=EFLAGS
EFER=0000000000000500
Servicing hardware INT=0x20
    69: v=20 e=0000 i=0 cpl=0 IP=0008:0000000000111ff2 pc=0000000000111ff2 SP=0010:00000000001b9e60 env->regs[R_EAX]=000000000002d281
RAX=000000000002d281 RBX=00000000cccccccd RCX=000000000000001b RDX=00000000000003f8
RSI=0000000000000000 RDI=00000000fee00000 RBP=00000000001b9ff0 RSP=00000000001b9e60
R8 =0000000000000001 R9 =0000000000000000 R10=00000000002f7000 R11=000000000000005e
R12=0000000000000000 R13=0000000000000001 R14=0000000000000001 R15=0000000000008003
RIP=0000000000111ff2 RFL=00000293 [--S-A-C] CPL=0 II=0 A20=1 SMM=0 HLT=0
ES =0010 0000000000000000 ffffffff 00cf9300 DPL=0 DS   [-WA]
CS =0008 0000000000000000 ffffffff 00af9a00 DPL=0 CS64 [-R-]
SS =0010 0000000000000000 ffffffff 00cf9300 DPL=0 DS   [-WA]
DS =0010 0000000000000000 ffffffff 00cf9300 DPL=0 DS   [-WA]
FS =0010 0000000000000000 ffffffff 00cf9300 DPL=0 DS   [-WA]
GS =0010 0000000000000000 ffffffff 00cf9300 DPL=0 DS   [-WA]
LDT=0000 0000000000000000 0000ffff 00008200 DPL=0 LDT
TR =0040 0000000000299ae0 0000006f 00208900 DPL=0 TSS64-avl
GDT=     0000000000271ce0 0000004f
IDT=     0000000000271d60 00000fff
CR0=80000013 CR2=0000000000000000 CR3=00000000001ba000 CR4=00000620
DR0=0000000000000000 DR1=0000000000000000 DR2=0000000000000000 DR3=0000000000000000 
DR6=00000000ffff0ff0 DR7=0000000000000400
CCS=0000000000000091 CCD=fffffffffd07e201 CCO=EFLAGS
EFER=0000000000000500
Servicing hardware INT=0x20
    70: v=20 e=0000 i=0 cpl=0 IP=0008:0000000000111ff2 pc=0000000000111ff2 SP=0010:00000000001b9e60 env->regs[R_EAX]=000000000002de5e
RAX=000000000002de5e RBX=00000000cccccccd RCX=000000000000001b RDX=00000000000003f8
RSI=0000000000000000 RDI=00000000fee00000 RBP=00000000001b9ff0 RSP=00000000001b9e60
R8 =0000000000000001 R9 =0000000000000000 R10=00000000002f7000 R11=000000000000005e
R12=0000000000000000 R13=0000000000000001 R14=0000000000000001 R15=0000000000008003
RIP=0000000000111ff2 RFL=00000297 [--S-APC] CPL=0 II=0 A20=1 SMM=0 HLT=0
ES =0010 0000000000000000 ffffffff 00cf9300 DPL=0 DS   [-WA]
CS =0008 0000000000000000 ffffffff 00af9a00 DPL=0 CS64 [-R-]
SS =0010 0000000000000000 ffffffff 00cf9300 DPL=0 DS   [-WA]
DS =0010 0000000000000000 ffffffff 00cf9300 DPL=0 DS   [-WA]
FS =0010 0000000000000000 ffffffff 00cf9300 DPL=0 DS   [-WA]
GS =0010 0000000000000000 ffffffff 00cf9300 DPL=0 DS   [-WA]
LDT=0000 0000000000000000 0000ffff 00008200 DPL=0 LDT
TR =0040 0000000000299ae0 0000006f 00208900 DPL=0 TSS64-avl
GDT=     0000000000271ce0 0000004f
IDT=     0000000000271d60 00000fff
CR0=80000013 CR2=0000000000000000 CR3=00000000001ba000 CR4=00000620
DR0=0000000000000000 DR1=0000000000000000 DR2=0000000000000000 DR3=0000000000000000 
DR6=00000000ffff0ff0 DR7=0000000000000400
CCS=0000000000000095 CCD=fffffffffd07edde CCO=EFLAGS
EFER=0000000000000500
Servicing hardware INT=0x20
    71: v=20 e=0000 i=0 cpl=0 IP=0008:0000000000111ff2 pc=0000000000111ff2 SP=0010:00000000001b9e60 env->regs[R_EAX]=0000000000030f22
RAX=0000000000030f22 RBX=00000000cccccccd RCX=000000000000001b RDX=00000000000003f8
RSI=0000000000000000 RDI=00000000fee00000 RBP=00000000001b9ff0 RSP=00000000001b9e60
R8 =0000000000000001 R9 =0000000000000000 R10=00000000002f7000 R11=000000000000005e
R12=0000000000000000 R13=0000000000000001 R14=0000000000000001 R15=0000000000008003
RIP=0000000000111ff2 RFL=00000293 [--S-A-C] CPL=0 II=0 A20=1 SMM=0 HLT=0
ES =0010 0000000000000000 ffffffff 00cf9300 DPL=0 DS   [-WA]
CS =0008 0000000000000000 ffffffff 00af9a00 DPL=0 CS64 [-R-]
SS =0010 0000000000000000 ffffffff 00cf9300 DPL=0 DS   [-WA]
DS =0010 0000000000000000 ffffffff 00cf9300 DPL=0 DS   [-WA]
FS =0010 0000000000000000 ffffffff 00cf9300 DPL=0 DS   [-WA]
GS =0010 0000000000000000 ffffffff 00cf9300 DPL=0 DS   [-WA]
LDT=0000 0000000000000000 0000ffff 00008200 DPL=0 LDT
TR =0040 0000000000299ae0 0000006f 00208900 DPL=0 TSS64-avl
GDT=     0000000000271ce0 0000004f
IDT=     0000000000271d60 00000fff
CR0=80000013 CR2=0000000000000000 CR3=00000000001ba000 CR4=00000620
DR0=0000000000000000 DR1=0000000000000000 DR2=0000000000000000 DR3=0000000000000000 
DR6=00000000ffff0ff0 DR7=0000000000000400
CCS=0000000000000091 CCD=fffffffffd081ea2 CCO=EFLAGS
EFER=0000000000000500
Servicing hardware INT=0x20
    72: v=20 e=0000 i=0 cpl=0 IP=0008:0000000000111ff2 pc=0000000000111ff2 SP=0010:00000000001b9e60 env->regs[R_EAX]=0000000000031d43
RAX=0000000000031d43 RBX=00000000cccccccd RCX=000000000000001b RDX=00000000000003f8
RSI=0000000000000000 RDI=00000000fee00000 RBP=00000000001b9ff0 RSP=00000000001b9e60
R8 =0000000000000001 R9 =0000000000000000 R10=00000000002f7000 R11=000000000000005e
R12=0000000000000000 R13=0000000000000001 R14=0000000000000001 R15=0000000000008003
RIP=0000000000111ff2 RFL=00000297 [--S-APC] CPL=0 II=0 A20=1 SMM=0 HLT=0
ES =0010 0000000000000000 ffffffff 00cf9300 DPL=0 DS   [-WA]
CS =0008 0000000000000000 ffffffff 00af9a00 DPL=0 CS64 [-R-]
SS =0010 0000000000000000 ffffffff 00cf9300 DPL=0 DS   [-WA]
DS =0010 0000000000000000 ffffffff 00cf9300 DPL=0 DS   [-WA]
FS =0010 0000000000000000 ffffffff 00cf9300 DPL=0 DS   [-WA]
GS =0010 0000000000000000 ffffffff 00cf9300 DPL=0 DS   [-WA]
LDT=0000 0000000000000000 0000ffff 00008200 DPL=0 LDT
TR =0040 0000000000299ae0 0000006f 00208900 DPL=0 TSS64-avl
GDT=     0000000000271ce0 0000004f
IDT=     0000000000271d60 00000fff
CR0=80000013 CR2=0000000000000000 CR3=00000000001ba000 CR4=00000620
DR0=0000000000000000 DR1=0000000000000000 DR2=0000000000000000 DR3=0000000000000000 
DR6=00000000ffff0ff0 DR7=0000000000000400
CCS=0000000000000095 CCD=fffffffffd082cc3 CCO=EFLAGS
EFER=0000000000000500
Servicing hardware INT=0x20
    73: v=20 e=0000 i=0 cpl=0 IP=0008:0000000000111ff2 pc=0000000000111ff2 SP=0010:00000000001b9e60 env->regs[R_EAX]=0000000000034b01
RAX=0000000000034b01 RBX=00000000cccccccd RCX=000000000000001b RDX=00000000000003f8
RSI=0000000000000000 RDI=00000000fee00000 RBP=00000000001b9ff0 RSP=00000000001b9e60
R8 =0000000000000001 R9 =0000000000000000 R10=00000000002f7000 R11=000000000000005e
R12=0000000000000000 R13=0000000000000001 R14=0000000000000001 R15=0000000000008003
RIP=0000000000111ff2 RFL=00000297 [--S-APC] CPL=0 II=0 A20=1 SMM=0 HLT=0
ES =0010 0000000000000000 ffffffff 00cf9300 DPL=0 DS   [-WA]
CS =0008 0000000000000000 ffffffff 00af9a00 DPL=0 CS64 [-R-]
SS =0010 0000000000000000 ffffffff 00cf9300 DPL=0 DS   [-WA]
DS =0010 0000000000000000 ffffffff 00cf9300 DPL=0 DS   [-WA]
FS =0010 0000000000000000 ffffffff 00cf9300 DPL=0 DS   [-WA]
GS =0010 0000000000000000 ffffffff 00cf9300 DPL=0 DS   [-WA]
LDT=0000 0000000000000000 0000ffff 00008200 DPL=0 LDT
TR =0040 0000000000299ae0 0000006f 00208900 DPL=0 TSS64-avl
GDT=     0000000000271ce0 0000004f
IDT=     0000000000271d60 00000fff
CR0=80000013 CR2=0000000000000000 CR3=00000000001ba000 CR4=00000620
DR0=0000000000000000 DR1=0000000000000000 DR2=0000000000000000 DR3=0000000000000000 
DR6=00000000ffff0ff0 DR7=0000000000000400
CCS=0000000000000095 CCD=fffffffffd085a81 CCO=EFLAGS
EFER=0000000000000500
Servicing hardware INT=0x20
    74: v=20 e=0000 i=0 cpl=0 IP=0008:0000000000111ff2 pc=0000000000111ff2 SP=0010:00000000001b9e60 env->regs[R_EAX]=0000000000035732
RAX=0000000000035732 RBX=00000000cccccccd RCX=000000000000001b RDX=00000000000003f8
RSI=0000000000000000 RDI=00000000fee00000 RBP=00000000001b9ff0 RSP=00000000001b9e60
R8 =0000000000000001 R9 =0000000000000000 R10=00000000002f7000 R11=000000000000005e
R12=0000000000000000 R13=0000000000000001 R14=0000000000000001 R15=0000000000008003
RIP=0000000000111ff2 RFL=00000297 [--S-APC] CPL=0 II=0 A20=1 SMM=0 HLT=0
ES =0010 0000000000000000 ffffffff 00cf9300 DPL=0 DS   [-WA]
CS =0008 0000000000000000 ffffffff 00af9a00 DPL=0 CS64 [-R-]
SS =0010 0000000000000000 ffffffff 00cf9300 DPL=0 DS   [-WA]
DS =0010 0000000000000000 ffffffff 00cf9300 DPL=0 DS   [-WA]
FS =0010 0000000000000000 ffffffff 00cf9300 DPL=0 DS   [-WA]
GS =0010 0000000000000000 ffffffff 00cf9300 DPL=0 DS   [-WA]
LDT=0000 0000000000000000 0000ffff 00008200 DPL=0 LDT
TR =0040 0000000000299ae0 0000006f 00208900 DPL=0 TSS64-avl
GDT=     0000000000271ce0 0000004f
IDT=     0000000000271d60 00000fff
CR0=80000013 CR2=0000000000000000 CR3=00000000001ba000 CR4=00000620
DR0=0000000000000000 DR1=0000000000000000 DR2=0000000000000000 DR3=0000000000000000 
DR6=00000000ffff0ff0 DR7=0000000000000400
CCS=0000000000000095 CCD=fffffffffd0866b2 CCO=EFLAGS
EFER=0000000000000500
Servicing hardware INT=0x20
    75: v=20 e=0000 i=0 cpl=0 IP=0008:0000000000111ff2 pc=0000000000111ff2 SP=0010:00000000001b9e60 env->regs[R_EAX]=00000000000389b4
RAX=00000000000389b4 RBX=00000000cccccccd RCX=000000000000001b RDX=00000000000003f8
RSI=0000000000000000 RDI=00000000fee00000 RBP=00000000001b9ff0 RSP=00000000001b9e60
R8 =0000000000000001 R9 =0000000000000000 R10=00000000002f7000 R11=000000000000005e
R12=0000000000000000 R13=0000000000000001 R14=0000000000000001 R15=0000000000008003
RIP=0000000000111ff2 RFL=00000293 [--S-A-C] CPL=0 II=0 A20=1 SMM=0 HLT=0
ES =0010 0000000000000000 ffffffff 00cf9300 DPL=0 DS   [-WA]
CS =0008 0000000000000000 ffffffff 00af9a00 DPL=0 CS64 [-R-]
SS =0010 0000000000000000 ffffffff 00cf9300 DPL=0 DS   [-WA]
DS =0010 0000000000000000 ffffffff 00cf9300 DPL=0 DS   [-WA]
FS =0010 0000000000000000 ffffffff 00cf9300 DPL=0 DS   [-WA]
GS =0010 0000000000000000 ffffffff 00cf9300 DPL=0 DS   [-WA]
LDT=0000 0000000000000000 0000ffff 00008200 DPL=0 LDT
TR =0040 0000000000299ae0 0000006f 00208900 DPL=0 TSS64-avl
GDT=     0000000000271ce0 0000004f
IDT=     0000000000271d60 00000fff
CR0=80000013 CR2=0000000000000000 CR3=00000000001ba000 CR4=00000620
DR0=0000000000000000 DR1=0000000000000000 DR2=0000000000000000 DR3=0000000000000000 
DR6=00000000ffff0ff0 DR7=0000000000000400
CCS=0000000000000091 CCD=fffffffffd089934 CCO=EFLAGS
EFER=0000000000000500
Servicing hardware INT=0x20
    76: v=20 e=0000 i=0 cpl=0 IP=0008:0000000000111ff2 pc=0000000000111ff2 SP=0010:00000000001b9e60 env->regs[R_EAX]=0000000000039388
RAX=0000000000039388 RBX=00000000cccccccd RCX=000000000000001b RDX=00000000000003f8
RSI=0000000000000000 RDI=00000000fee00000 RBP=00000000001b9ff0 RSP=00000000001b9e60
R8 =0000000000000001 R9 =0000000000000000 R10=00000000002f7000 R11=000000000000005e
R12=0000000000000000 R13=0000000000000001 R14=0000000000000001 R15=0000000000008003
RIP=0000000000111ff2 RFL=00000293 [--S-A-C] CPL=0 II=0 A20=1 SMM=0 HLT=0
ES =0010 0000000000000000 ffffffff 00cf9300 DPL=0 DS   [-WA]
CS =0008 0000000000000000 ffffffff 00af9a00 DPL=0 CS64 [-R-]
SS =0010 0000000000000000 ffffffff 00cf9300 DPL=0 DS   [-WA]
DS =0010 0000000000000000 ffffffff 00cf9300 DPL=0 DS   [-WA]
FS =0010 0000000000000000 ffffffff 00cf9300 DPL=0 DS   [-WA]
GS =0010 0000000000000000 ffffffff 00cf9300 DPL=0 DS   [-WA]
LDT=0000 0000000000000000 0000ffff 00008200 DPL=0 LDT
TR =0040 0000000000299ae0 0000006f 00208900 DPL=0 TSS64-avl
GDT=     0000000000271ce0 0000004f
IDT=     0000000000271d60 00000fff
CR0=80000013 CR2=0000000000000000 CR3=00000000001ba000 CR4=00000620
DR0=0000000000000000 DR1=0000000000000000 DR2=0000000000000000 DR3=0000000000000000 
DR6=00000000ffff0ff0 DR7=0000000000000400
CCS=0000000000000091 CCD=fffffffffd08a308 CCO=EFLAGS
EFER=0000000000000500
Servicing hardware INT=0x20
    77: v=20 e=0000 i=0 cpl=0 IP=0008:0000000000111ff2 pc=0000000000111ff2 SP=0010:00000000001b9e60 env->regs[R_EAX]=000000000003c32c
RAX=000000000003c32c RBX=00000000cccccccd RCX=000000000000001b RDX=00000000000003f8
RSI=0000000000000000 RDI=00000000fee00000 RBP=00000000001b9ff0 RSP=00000000001b9e60
R8 =0000000000000001 R9 =0000000000000000 R10=00000000002f7000 R11=000000000000005e
R12=0000000000000000 R13=0000000000000001 R14=0000000000000001 R15=0000000000008003
RIP=0000000000111ff2 RFL=00000297 [--S-APC] CPL=0 II=0 A20=1 SMM=0 HLT=0
ES =0010 0000000000000000 ffffffff 00cf9300 DPL=0 DS   [-WA]
CS =0008 0000000000000000 ffffffff 00af9a00 DPL=0 CS64 [-R-]
SS =0010 0000000000000000 ffffffff 00cf9300 DPL=0 DS   [-WA]
DS =0010 0000000000000000 ffffffff 00cf9300 DPL=0 DS   [-WA]
FS =0010 0000000000000000 ffffffff 00cf9300 DPL=0 DS   [-WA]
GS =0010 0000000000000000 ffffffff 00cf9300 DPL=0 DS   [-WA]
LDT=0000 0000000000000000 0000ffff 00008200 DPL=0 LDT
TR =0040 0000000000299ae0 0000006f 00208900 DPL=0 TSS64-avl
GDT=     0000000000271ce0 0000004f
IDT=     0000000000271d60 00000fff
CR0=80000013 CR2=0000000000000000 CR3=00000000001ba000 CR4=00000620
DR0=0000000000000000 DR1=0000000000000000 DR2=0000000000000000 DR3=0000000000000000 
DR6=00000000ffff0ff0 DR7=0000000000000400
CCS=0000000000000095 CCD=fffffffffd08d2ac CCO=EFLAGS
EFER=0000000000000500
Servicing hardware INT=0x20
    78: v=20 e=0000 i=0 cpl=0 IP=0008:0000000000111ff2 pc=0000000000111ff2 SP=0010:00000000001b9e60 env->regs[R_EAX]=000000000003cf39
RAX=000000000003cf39 RBX=00000000cccccccd RCX=000000000000001b RDX=00000000000003f8
RSI=0000000000000000 RDI=00000000fee00000 RBP=00000000001b9ff0 RSP=00000000001b9e60
R8 =0000000000000001 R9 =0000000000000000 R10=00000000002f7000 R11=000000000000005e
R12=0000000000000000 R13=0000000000000001 R14=0000000000000001 R15=0000000000008003
RIP=0000000000111ff2 RFL=00000293 [--S-A-C] CPL=0 II=0 A20=1 SMM=0 HLT=0
ES =0010 0000000000000000 ffffffff 00cf9300 DPL=0 DS   [-WA]
CS =0008 0000000000000000 ffffffff 00af9a00 DPL=0 CS64 [-R-]
SS =0010 0000000000000000 ffffffff 00cf9300 DPL=0 DS   [-WA]
DS =0010 0000000000000000 ffffffff 00cf9300 DPL=0 DS   [-WA]
FS =0010 0000000000000000 ffffffff 00cf9300 DPL=0 DS   [-WA]
GS =0010 0000000000000000 ffffffff 00cf9300 DPL=0 DS   [-WA]
LDT=0000 0000000000000000 0000ffff 00008200 DPL=0 LDT
TR =0040 0000000000299ae0 0000006f 00208900 DPL=0 TSS64-avl
GDT=     0000000000271ce0 0000004f
IDT=     0000000000271d60 00000fff
CR0=80000013 CR2=0000000000000000 CR3=00000000001ba000 CR4=00000620
DR0=0000000000000000 DR1=0000000000000000 DR2=0000000000000000 DR3=0000000000000000 
DR6=00000000ffff0ff0 DR7=0000000000000400
CCS=0000000000000091 CCD=fffffffffd08deb9 CCO=EFLAGS
EFER=0000000000000500
Servicing hardware INT=0x20
    79: v=20 e=0000 i=0 cpl=0 IP=0008:0000000000111ff2 pc=0000000000111ff2 SP=0010:00000000001b9e60 env->regs[R_EAX]=000000000003fe3e
RAX=000000000003fe3e RBX=00000000cccccccd RCX=000000000000001b RDX=00000000000003f8
RSI=0000000000000000 RDI=00000000fee00000 RBP=00000000001b9ff0 RSP=00000000001b9e60
R8 =0000000000000001 R9 =0000000000000000 R10=00000000002f7000 R11=000000000000005e
R12=0000000000000000 R13=0000000000000001 R14=0000000000000001 R15=0000000000008003
RIP=0000000000111ff2 RFL=00000297 [--S-APC] CPL=0 II=0 A20=1 SMM=0 HLT=0
ES =0010 0000000000000000 ffffffff 00cf9300 DPL=0 DS   [-WA]
CS =0008 0000000000000000 ffffffff 00af9a00 DPL=0 CS64 [-R-]
SS =0010 0000000000000000 ffffffff 00cf9300 DPL=0 DS   [-WA]
DS =0010 0000000000000000 ffffffff 00cf9300 DPL=0 DS   [-WA]
FS =0010 0000000000000000 ffffffff 00cf9300 DPL=0 DS   [-WA]
GS =0010 0000000000000000 ffffffff 00cf9300 DPL=0 DS   [-WA]
LDT=0000 0000000000000000 0000ffff 00008200 DPL=0 LDT
TR =0040 0000000000299ae0 0000006f 00208900 DPL=0 TSS64-avl
GDT=     0000000000271ce0 0000004f
IDT=     0000000000271d60 00000fff
CR0=80000013 CR2=0000000000000000 CR3=00000000001ba000 CR4=00000620
DR0=0000000000000000 DR1=0000000000000000 DR2=0000000000000000 DR3=0000000000000000 
DR6=00000000ffff0ff0 DR7=0000000000000400
CCS=0000000000000095 CCD=fffffffffd090dbe CCO=EFLAGS
EFER=0000000000000500
Servicing hardware INT=0x20
    80: v=20 e=0000 i=0 cpl=0 IP=0008:0000000000111ff2 pc=0000000000111ff2 SP=0010:00000000001b9e60 env->regs[R_EAX]=00000000000408e8
RAX=00000000000408e8 RBX=00000000cccccccd RCX=000000000000001b RDX=00000000000003f8
RSI=0000000000000000 RDI=00000000fee00000 RBP=00000000001b9ff0 RSP=00000000001b9e60
R8 =0000000000000001 R9 =0000000000000000 R10=00000000002f7000 R11=000000000000005e
R12=0000000000000000 R13=0000000000000001 R14=0000000000000001 R15=0000000000008003
RIP=0000000000111ff2 RFL=00000293 [--S-A-C] CPL=0 II=0 A20=1 SMM=0 HLT=0
ES =0010 0000000000000000 ffffffff 00cf9300 DPL=0 DS   [-WA]
CS =0008 0000000000000000 ffffffff 00af9a00 DPL=0 CS64 [-R-]
SS =0010 0000000000000000 ffffffff 00cf9300 DPL=0 DS   [-WA]
DS =0010 0000000000000000 ffffffff 00cf9300 DPL=0 DS   [-WA]
FS =0010 0000000000000000 ffffffff 00cf9300 DPL=0 DS   [-WA]
GS =0010 0000000000000000 ffffffff 00cf9300 DPL=0 DS   [-WA]
LDT=0000 0000000000000000 0000ffff 00008200 DPL=0 LDT
TR =0040 0000000000299ae0 0000006f 00208900 DPL=0 TSS64-avl
GDT=     0000000000271ce0 0000004f
IDT=     0000000000271d60 00000fff
CR0=80000013 CR2=0000000000000000 CR3=00000000001ba000 CR4=00000620
DR0=0000000000000000 DR1=0000000000000000 DR2=0000000000000000 DR3=0000000000000000 
DR6=00000000ffff0ff0 DR7=0000000000000400
CCS=0000000000000091 CCD=fffffffffd091868 CCO=EFLAGS
EFER=0000000000000500
Servicing hardware INT=0x20
    81: v=20 e=0000 i=0 cpl=0 IP=0008:0000000000111ff2 pc=0000000000111ff2 SP=0010:00000000001b9e60 env->regs[R_EAX]=0000000000044523
RAX=0000000000044523 RBX=00000000cccccccd RCX=000000000000001b RDX=00000000000003f8
RSI=0000000000000000 RDI=00000000fee00000 RBP=00000000001b9ff0 RSP=00000000001b9e60
R8 =0000000000000001 R9 =0000000000000000 R10=00000000002f7000 R11=000000000000005e
R12=0000000000000000 R13=0000000000000001 R14=0000000000000001 R15=0000000000008003
RIP=0000000000111ff2 RFL=00000297 [--S-APC] CPL=0 II=0 A20=1 SMM=0 HLT=0
ES =0010 0000000000000000 ffffffff 00cf9300 DPL=0 DS   [-WA]
CS =0008 0000000000000000 ffffffff 00af9a00 DPL=0 CS64 [-R-]
SS =0010 0000000000000000 ffffffff 00cf9300 DPL=0 DS   [-WA]
DS =0010 0000000000000000 ffffffff 00cf9300 DPL=0 DS   [-WA]
FS =0010 0000000000000000 ffffffff 00cf9300 DPL=0 DS   [-WA]
GS =0010 0000000000000000 ffffffff 00cf9300 DPL=0 DS   [-WA]
LDT=0000 0000000000000000 0000ffff 00008200 DPL=0 LDT
TR =0040 0000000000299ae0 0000006f 00208900 DPL=0 TSS64-avl
GDT=     0000000000271ce0 0000004f
IDT=     0000000000271d60 00000fff
CR0=80000013 CR2=0000000000000000 CR3=00000000001ba000 CR4=00000620
DR0=0000000000000000 DR1=0000000000000000 DR2=0000000000000000 DR3=0000000000000000 
DR6=00000000ffff0ff0 DR7=0000000000000400
CCS=0000000000000095 CCD=fffffffffd0954a3 CCO=EFLAGS
EFER=0000000000000500
Servicing hardware INT=0x20
    82: v=20 e=0000 i=0 cpl=0 IP=0008:0000000000111ff2 pc=0000000000111ff2 SP=0010:00000000001b9e60 env->regs[R_EAX]=00000000000445dc
RAX=00000000000445dc RBX=00000000cccccccd RCX=000000000000001b RDX=00000000000003f8
RSI=0000000000000000 RDI=00000000fee00000 RBP=00000000001b9ff0 RSP=00000000001b9e60
R8 =0000000000000001 R9 =0000000000000000 R10=00000000002f7000 R11=000000000000005e
R12=0000000000000000 R13=0000000000000001 R14=0000000000000001 R15=0000000000008003
RIP=0000000000111ff2 RFL=00000297 [--S-APC] CPL=0 II=0 A20=1 SMM=0 HLT=0
ES =0010 0000000000000000 ffffffff 00cf9300 DPL=0 DS   [-WA]
CS =0008 0000000000000000 ffffffff 00af9a00 DPL=0 CS64 [-R-]
SS =0010 0000000000000000 ffffffff 00cf9300 DPL=0 DS   [-WA]
DS =0010 0000000000000000 ffffffff 00cf9300 DPL=0 DS   [-WA]
FS =0010 0000000000000000 ffffffff 00cf9300 DPL=0 DS   [-WA]
GS =0010 0000000000000000 ffffffff 00cf9300 DPL=0 DS   [-WA]
LDT=0000 0000000000000000 0000ffff 00008200 DPL=0 LDT
TR =0040 0000000000299ae0 0000006f 00208900 DPL=0 TSS64-avl
GDT=     0000000000271ce0 0000004f
IDT=     0000000000271d60 00000fff
CR0=80000013 CR2=0000000000000000 CR3=00000000001ba000 CR4=00000620
DR0=0000000000000000 DR1=0000000000000000 DR2=0000000000000000 DR3=0000000000000000 
DR6=00000000ffff0ff0 DR7=0000000000000400
CCS=0000000000000095 CCD=fffffffffd09555c CCO=EFLAGS
EFER=0000000000000500
Servicing hardware INT=0x20
    83: v=20 e=0000 i=0 cpl=0 IP=0008:0000000000111ff2 pc=0000000000111ff2 SP=0010:00000000001b9e60 env->regs[R_EAX]=00000000000475a4
RAX=00000000000475a4 RBX=00000000cccccccd RCX=000000000000001b RDX=00000000000003f8
RSI=0000000000000000 RDI=00000000fee00000 RBP=00000000001b9ff0 RSP=00000000001b9e60
R8 =0000000000000001 R9 =0000000000000000 R10=00000000002f7000 R11=000000000000005e
R12=0000000000000000 R13=0000000000000001 R14=0000000000000001 R15=0000000000008003
RIP=0000000000111ff2 RFL=00000297 [--S-APC] CPL=0 II=0 A20=1 SMM=0 HLT=0
ES =0010 0000000000000000 ffffffff 00cf9300 DPL=0 DS   [-WA]
CS =0008 0000000000000000 ffffffff 00af9a00 DPL=0 CS64 [-R-]
SS =0010 0000000000000000 ffffffff 00cf9300 DPL=0 DS   [-WA]
DS =0010 0000000000000000 ffffffff 00cf9300 DPL=0 DS   [-WA]
FS =0010 0000000000000000 ffffffff 00cf9300 DPL=0 DS   [-WA]
GS =0010 0000000000000000 ffffffff 00cf9300 DPL=0 DS   [-WA]
LDT=0000 0000000000000000 0000ffff 00008200 DPL=0 LDT
TR =0040 0000000000299ae0 0000006f 00208900 DPL=0 TSS64-avl
GDT=     0000000000271ce0 0000004f
IDT=     0000000000271d60 00000fff
CR0=80000013 CR2=0000000000000000 CR3=00000000001ba000 CR4=00000620
DR0=0000000000000000 DR1=0000000000000000 DR2=0000000000000000 DR3=0000000000000000 
DR6=00000000ffff0ff0 DR7=0000000000000400
CCS=0000000000000095 CCD=fffffffffd098524 CCO=EFLAGS
EFER=0000000000000500
Servicing hardware INT=0x20
    84: v=20 e=0000 i=0 cpl=0 IP=0008:0000000000111ff2 pc=0000000000111ff2 SP=0010:00000000001b9e60 env->regs[R_EAX]=0000000000048088
RAX=0000000000048088 RBX=00000000cccccccd RCX=000000000000001b RDX=00000000000003f8
RSI=0000000000000000 RDI=00000000fee00000 RBP=00000000001b9ff0 RSP=00000000001b9e60
R8 =0000000000000001 R9 =0000000000000000 R10=00000000002f7000 R11=000000000000005e
R12=0000000000000000 R13=0000000000000001 R14=0000000000000001 R15=0000000000008003
RIP=0000000000111ff2 RFL=00000293 [--S-A-C] CPL=0 II=0 A20=1 SMM=0 HLT=0
ES =0010 0000000000000000 ffffffff 00cf9300 DPL=0 DS   [-WA]
CS =0008 0000000000000000 ffffffff 00af9a00 DPL=0 CS64 [-R-]
SS =0010 0000000000000000 ffffffff 00cf9300 DPL=0 DS   [-WA]
DS =0010 0000000000000000 ffffffff 00cf9300 DPL=0 DS   [-WA]
FS =0010 0000000000000000 ffffffff 00cf9300 DPL=0 DS   [-WA]
GS =0010 0000000000000000 ffffffff 00cf9300 DPL=0 DS   [-WA]
LDT=0000 0000000000000000 0000ffff 00008200 DPL=0 LDT
TR =0040 0000000000299ae0 0000006f 00208900 DPL=0 TSS64-avl
GDT=     0000000000271ce0 0000004f
IDT=     0000000000271d60 00000fff
CR0=80000013 CR2=0000000000000000 CR3=00000000001ba000 CR4=00000620
DR0=0000000000000000 DR1=0000000000000000 DR2=0000000000000000 DR3=0000000000000000 
DR6=00000000ffff0ff0 DR7=0000000000000400
CCS=0000000000000091 CCD=fffffffffd099008 CCO=EFLAGS
EFER=0000000000000500
Servicing hardware INT=0x20
    85: v=20 e=0000 i=0 cpl=0 IP=0008:0000000000111ff2 pc=0000000000111ff2 SP=0010:00000000001b9e60 env->regs[R_EAX]=000000000004b125
RAX=000000000004b125 RBX=00000000cccccccd RCX=000000000000001b RDX=00000000000003f8
RSI=0000000000000000 RDI=00000000fee00000 RBP=00000000001b9ff0 RSP=00000000001b9e60
R8 =0000000000000001 R9 =0000000000000000 R10=00000000002f7000 R11=000000000000005e
R12=0000000000000000 R13=0000000000000001 R14=0000000000000001 R15=0000000000008003
RIP=0000000000111ff2 RFL=00000297 [--S-APC] CPL=0 II=0 A20=1 SMM=0 HLT=0
ES =0010 0000000000000000 ffffffff 00cf9300 DPL=0 DS   [-WA]
CS =0008 0000000000000000 ffffffff 00af9a00 DPL=0 CS64 [-R-]
SS =0010 0000000000000000 ffffffff 00cf9300 DPL=0 DS   [-WA]
DS =0010 0000000000000000 ffffffff 00cf9300 DPL=0 DS   [-WA]
FS =0010 0000000000000000 ffffffff 00cf9300 DPL=0 DS   [-WA]
GS =0010 0000000000000000 ffffffff 00cf9300 DPL=0 DS   [-WA]
LDT=0000 0000000000000000 0000ffff 00008200 DPL=0 LDT
TR =0040 0000000000299ae0 0000006f 00208900 DPL=0 TSS64-avl
GDT=     0000000000271ce0 0000004f
IDT=     0000000000271d60 00000fff
CR0=80000013 CR2=0000000000000000 CR3=00000000001ba000 CR4=00000620
DR0=0000000000000000 DR1=0000000000000000 DR2=0000000000000000 DR3=0000000000000000 
DR6=00000000ffff0ff0 DR7=0000000000000400
CCS=0000000000000095 CCD=fffffffffd09c0a5 CCO=EFLAGS
EFER=0000000000000500
Servicing hardware INT=0x20
    86: v=20 e=0000 i=0 cpl=0 IP=0008:0000000000111ff2 pc=0000000000111ff2 SP=0010:00000000001b9e60 env->regs[R_EAX]=000000000004bd5f
RAX=000000000004bd5f RBX=00000000cccccccd RCX=000000000000001b RDX=00000000000003f8
RSI=0000000000000000 RDI=00000000fee00000 RBP=00000000001b9ff0 RSP=00000000001b9e60
R8 =0000000000000001 R9 =0000000000000000 R10=00000000002f7000 R11=000000000000005e
R12=0000000000000000 R13=0000000000000001 R14=0000000000000001 R15=0000000000008003
RIP=0000000000111ff2 RFL=00000293 [--S-A-C] CPL=0 II=0 A20=1 SMM=0 HLT=0
ES =0010 0000000000000000 ffffffff 00cf9300 DPL=0 DS   [-WA]
CS =0008 0000000000000000 ffffffff 00af9a00 DPL=0 CS64 [-R-]
SS =0010 0000000000000000 ffffffff 00cf9300 DPL=0 DS   [-WA]
DS =0010 0000000000000000 ffffffff 00cf9300 DPL=0 DS   [-WA]
FS =0010 0000000000000000 ffffffff 00cf9300 DPL=0 DS   [-WA]
GS =0010 0000000000000000 ffffffff 00cf9300 DPL=0 DS   [-WA]
LDT=0000 0000000000000000 0000ffff 00008200 DPL=0 LDT
TR =0040 0000000000299ae0 0000006f 00208900 DPL=0 TSS64-avl
GDT=     0000000000271ce0 0000004f
IDT=     0000000000271d60 00000fff
CR0=80000013 CR2=0000000000000000 CR3=00000000001ba000 CR4=00000620
DR0=0000000000000000 DR1=0000000000000000 DR2=0000000000000000 DR3=0000000000000000 
DR6=00000000ffff0ff0 DR7=0000000000000400
CCS=0000000000000091 CCD=fffffffffd09ccdf CCO=EFLAGS
EFER=0000000000000500
Servicing hardware INT=0x20
    87: v=20 e=0000 i=0 cpl=0 IP=0008:0000000000111ff2 pc=0000000000111ff2 SP=0010:00000000001b9e60 env->regs[R_EAX]=000000000004ee3e
RAX=000000000004ee3e RBX=00000000cccccccd RCX=000000000000001b RDX=00000000000003f8
RSI=0000000000000000 RDI=00000000fee00000 RBP=00000000001b9ff0 RSP=00000000001b9e60
R8 =0000000000000001 R9 =0000000000000000 R10=00000000002f7000 R11=000000000000005e
R12=0000000000000000 R13=0000000000000001 R14=0000000000000001 R15=0000000000008003
RIP=0000000000111ff2 RFL=00000297 [--S-APC] CPL=0 II=0 A20=1 SMM=0 HLT=0
ES =0010 0000000000000000 ffffffff 00cf9300 DPL=0 DS   [-WA]
CS =0008 0000000000000000 ffffffff 00af9a00 DPL=0 CS64 [-R-]
SS =0010 0000000000000000 ffffffff 00cf9300 DPL=0 DS   [-WA]
DS =0010 0000000000000000 ffffffff 00cf9300 DPL=0 DS   [-WA]
FS =0010 0000000000000000 ffffffff 00cf9300 DPL=0 DS   [-WA]
GS =0010 0000000000000000 ffffffff 00cf9300 DPL=0 DS   [-WA]
LDT=0000 0000000000000000 0000ffff 00008200 DPL=0 LDT
TR =0040 0000000000299ae0 0000006f 00208900 DPL=0 TSS64-avl
GDT=     0000000000271ce0 0000004f
IDT=     0000000000271d60 00000fff
CR0=80000013 CR2=0000000000000000 CR3=00000000001ba000 CR4=00000620
DR0=0000000000000000 DR1=0000000000000000 DR2=0000000000000000 DR3=0000000000000000 
DR6=00000000ffff0ff0 DR7=0000000000000400
CCS=0000000000000095 CCD=fffffffffd09fdbe CCO=EFLAGS
EFER=0000000000000500
Servicing hardware INT=0x20
    88: v=20 e=0000 i=0 cpl=0 IP=0008:0000000000111ff2 pc=0000000000111ff2 SP=0010:00000000001b9e60 env->regs[R_EAX]=000000000004f8d8
RAX=000000000004f8d8 RBX=00000000cccccccd RCX=000000000000001b RDX=00000000000003f8
RSI=0000000000000000 RDI=00000000fee00000 RBP=00000000001b9ff0 RSP=00000000001b9e60
R8 =0000000000000001 R9 =0000000000000000 R10=00000000002f7000 R11=000000000000005e
R12=0000000000000000 R13=0000000000000001 R14=0000000000000001 R15=0000000000008003
RIP=0000000000111ff2 RFL=00000293 [--S-A-C] CPL=0 II=0 A20=1 SMM=0 HLT=0
ES =0010 0000000000000000 ffffffff 00cf9300 DPL=0 DS   [-WA]
CS =0008 0000000000000000 ffffffff 00af9a00 DPL=0 CS64 [-R-]
SS =0010 0000000000000000 ffffffff 00cf9300 DPL=0 DS   [-WA]
DS =0010 0000000000000000 ffffffff 00cf9300 DPL=0 DS   [-WA]
FS =0010 0000000000000000 ffffffff 00cf9300 DPL=0 DS   [-WA]
GS =0010 0000000000000000 ffffffff 00cf9300 DPL=0 DS   [-WA]
LDT=0000 0000000000000000 0000ffff 00008200 DPL=0 LDT
TR =0040 0000000000299ae0 0000006f 00208900 DPL=0 TSS64-avl
GDT=     0000000000271ce0 0000004f
IDT=     0000000000271d60 00000fff
CR0=80000013 CR2=0000000000000000 CR3=00000000001ba000 CR4=00000620
DR0=0000000000000000 DR1=0000000000000000 DR2=0000000000000000 DR3=0000000000000000 
DR6=00000000ffff0ff0 DR7=0000000000000400
CCS=0000000000000091 CCD=fffffffffd0a0858 CCO=EFLAGS
EFER=0000000000000500
Servicing hardware INT=0x20
    89: v=20 e=0000 i=0 cpl=0 IP=0008:0000000000111ff2 pc=0000000000111ff2 SP=0010:00000000001b9e60 env->regs[R_EAX]=0000000000052893
RAX=0000000000052893 RBX=00000000cccccccd RCX=000000000000001b RDX=00000000000003f8
RSI=0000000000000000 RDI=00000000fee00000 RBP=00000000001b9ff0 RSP=00000000001b9e60
R8 =0000000000000001 R9 =0000000000000000 R10=00000000002f7000 R11=000000000000005e
R12=0000000000000000 R13=0000000000000001 R14=0000000000000001 R15=0000000000008003
RIP=0000000000111ff2 RFL=00000293 [--S-A-C] CPL=0 II=0 A20=1 SMM=0 HLT=0
ES =0010 0000000000000000 ffffffff 00cf9300 DPL=0 DS   [-WA]
CS =0008 0000000000000000 ffffffff 00af9a00 DPL=0 CS64 [-R-]
SS =0010 0000000000000000 ffffffff 00cf9300 DPL=0 DS   [-WA]
DS =0010 0000000000000000 ffffffff 00cf9300 DPL=0 DS   [-WA]
FS =0010 0000000000000000 ffffffff 00cf9300 DPL=0 DS   [-WA]
GS =0010 0000000000000000 ffffffff 00cf9300 DPL=0 DS   [-WA]
LDT=0000 0000000000000000 0000ffff 00008200 DPL=0 LDT
TR =0040 0000000000299ae0 0000006f 00208900 DPL=0 TSS64-avl
GDT=     0000000000271ce0 0000004f
IDT=     0000000000271d60 00000fff
CR0=80000013 CR2=0000000000000000 CR3=00000000001ba000 CR4=00000620
DR0=0000000000000000 DR1=0000000000000000 DR2=0000000000000000 DR3=0000000000000000 
DR6=00000000ffff0ff0 DR7=0000000000000400
CCS=0000000000000091 CCD=fffffffffd0a3813 CCO=EFLAGS
EFER=0000000000000500
Servicing hardware INT=0x20
    90: v=20 e=0000 i=0 cpl=0 IP=0008:0000000000111ff2 pc=0000000000111ff2 SP=0010:00000000001b9e60 env->regs[R_EAX]=0000000000053365
RAX=0000000000053365 RBX=00000000cccccccd RCX=000000000000001b RDX=00000000000003f8
RSI=0000000000000000 RDI=00000000fee00000 RBP=00000000001b9ff0 RSP=00000000001b9e60
R8 =0000000000000001 R9 =0000000000000000 R10=00000000002f7000 R11=000000000000005e
R12=0000000000000000 R13=0000000000000001 R14=0000000000000001 R15=0000000000008003
RIP=0000000000111ff2 RFL=00000293 [--S-A-C] CPL=0 II=0 A20=1 SMM=0 HLT=0
ES =0010 0000000000000000 ffffffff 00cf9300 DPL=0 DS   [-WA]
CS =0008 0000000000000000 ffffffff 00af9a00 DPL=0 CS64 [-R-]
SS =0010 0000000000000000 ffffffff 00cf9300 DPL=0 DS   [-WA]
DS =0010 0000000000000000 ffffffff 00cf9300 DPL=0 DS   [-WA]
FS =0010 0000000000000000 ffffffff 00cf9300 DPL=0 DS   [-WA]
GS =0010 0000000000000000 ffffffff 00cf9300 DPL=0 DS   [-WA]
LDT=0000 0000000000000000 0000ffff 00008200 DPL=0 LDT
TR =0040 0000000000299ae0 0000006f 00208900 DPL=0 TSS64-avl
GDT=     0000000000271ce0 0000004f
IDT=     0000000000271d60 00000fff
CR0=80000013 CR2=0000000000000000 CR3=00000000001ba000 CR4=00000620
DR0=0000000000000000 DR1=0000000000000000 DR2=0000000000000000 DR3=0000000000000000 
DR6=00000000ffff0ff0 DR7=0000000000000400
CCS=0000000000000091 CCD=fffffffffd0a42e5 CCO=EFLAGS
EFER=0000000000000500
Servicing hardware INT=0x20
    91: v=20 e=0000 i=0 cpl=0 IP=0008:0000000000111ff2 pc=0000000000111ff2 SP=0010:00000000001b9e60 env->regs[R_EAX]=0000000000056401
RAX=0000000000056401 RBX=00000000cccccccd RCX=000000000000001b RDX=00000000000003f8
RSI=0000000000000000 RDI=00000000fee00000 RBP=00000000001b9ff0 RSP=00000000001b9e60
R8 =0000000000000001 R9 =0000000000000000 R10=00000000002f7000 R11=000000000000005e
R12=0000000000000000 R13=0000000000000001 R14=0000000000000001 R15=0000000000008003
RIP=0000000000111ff2 RFL=00000297 [--S-APC] CPL=0 II=0 A20=1 SMM=0 HLT=0
ES =0010 0000000000000000 ffffffff 00cf9300 DPL=0 DS   [-WA]
CS =0008 0000000000000000 ffffffff 00af9a00 DPL=0 CS64 [-R-]
SS =0010 0000000000000000 ffffffff 00cf9300 DPL=0 DS   [-WA]
DS =0010 0000000000000000 ffffffff 00cf9300 DPL=0 DS   [-WA]
FS =0010 0000000000000000 ffffffff 00cf9300 DPL=0 DS   [-WA]
GS =0010 0000000000000000 ffffffff 00cf9300 DPL=0 DS   [-WA]
LDT=0000 0000000000000000 0000ffff 00008200 DPL=0 LDT
TR =0040 0000000000299ae0 0000006f 00208900 DPL=0 TSS64-avl
GDT=     0000000000271ce0 0000004f
IDT=     0000000000271d60 00000fff
CR0=80000013 CR2=0000000000000000 CR3=00000000001ba000 CR4=00000620
DR0=0000000000000000 DR1=0000000000000000 DR2=0000000000000000 DR3=0000000000000000 
DR6=00000000ffff0ff0 DR7=0000000000000400
CCS=0000000000000095 CCD=fffffffffd0a7381 CCO=EFLAGS
EFER=0000000000000500
Servicing hardware INT=0x20
    92: v=20 e=0000 i=0 cpl=0 IP=0008:0000000000111ff2 pc=0000000000111ff2 SP=0010:00000000001b9e60 env->regs[R_EAX]=0000000000056ec0
RAX=0000000000056ec0 RBX=00000000cccccccd RCX=000000000000001b RDX=00000000000003f8
RSI=0000000000000000 RDI=00000000fee00000 RBP=00000000001b9ff0 RSP=00000000001b9e60
R8 =0000000000000001 R9 =0000000000000000 R10=00000000002f7000 R11=000000000000005e
R12=0000000000000000 R13=0000000000000001 R14=0000000000000001 R15=0000000000008003
RIP=0000000000111ff2 RFL=00000283 [--S---C] CPL=0 II=0 A20=1 SMM=0 HLT=0
ES =0010 0000000000000000 ffffffff 00cf9300 DPL=0 DS   [-WA]
CS =0008 0000000000000000 ffffffff 00af9a00 DPL=0 CS64 [-R-]
SS =0010 0000000000000000 ffffffff 00cf9300 DPL=0 DS   [-WA]
DS =0010 0000000000000000 ffffffff 00cf9300 DPL=0 DS   [-WA]
FS =0010 0000000000000000 ffffffff 00cf9300 DPL=0 DS   [-WA]
GS =0010 0000000000000000 ffffffff 00cf9300 DPL=0 DS   [-WA]
LDT=0000 0000000000000000 0000ffff 00008200 DPL=0 LDT
TR =0040 0000000000299ae0 0000006f 00208900 DPL=0 TSS64-avl
GDT=     0000000000271ce0 0000004f
IDT=     0000000000271d60 00000fff
CR0=80000013 CR2=0000000000000000 CR3=00000000001ba000 CR4=00000620
DR0=0000000000000000 DR1=0000000000000000 DR2=0000000000000000 DR3=0000000000000000 
DR6=00000000ffff0ff0 DR7=0000000000000400
CCS=0000000000000081 CCD=fffffffffd0a7e40 CCO=EFLAGS
EFER=0000000000000500
Servicing hardware INT=0x20
    93: v=20 e=0000 i=0 cpl=0 IP=0008:0000000000111ff2 pc=0000000000111ff2 SP=0010:00000000001b9e60 env->regs[R_EAX]=000000000005a9d4
RAX=000000000005a9d4 RBX=00000000cccccccd RCX=000000000000001b RDX=00000000000003f8
RSI=0000000000000000 RDI=00000000fee00000 RBP=00000000001b9ff0 RSP=00000000001b9e60
R8 =0000000000000001 R9 =0000000000000000 R10=00000000002f7000 R11=000000000000005e
R12=0000000000000000 R13=0000000000000001 R14=0000000000000001 R15=0000000000008003
RIP=0000000000111ff2 RFL=00000293 [--S-A-C] CPL=0 II=0 A20=1 SMM=0 HLT=0
ES =0010 0000000000000000 ffffffff 00cf9300 DPL=0 DS   [-WA]
CS =0008 0000000000000000 ffffffff 00af9a00 DPL=0 CS64 [-R-]
SS =0010 0000000000000000 ffffffff 00cf9300 DPL=0 DS   [-WA]
DS =0010 0000000000000000 ffffffff 00cf9300 DPL=0 DS   [-WA]
FS =0010 0000000000000000 ffffffff 00cf9300 DPL=0 DS   [-WA]
GS =0010 0000000000000000 ffffffff 00cf9300 DPL=0 DS   [-WA]
LDT=0000 0000000000000000 0000ffff 00008200 DPL=0 LDT
TR =0040 0000000000299ae0 0000006f 00208900 DPL=0 TSS64-avl
GDT=     0000000000271ce0 0000004f
IDT=     0000000000271d60 00000fff
CR0=80000013 CR2=0000000000000000 CR3=00000000001ba000 CR4=00000620
DR0=0000000000000000 DR1=0000000000000000 DR2=0000000000000000 DR3=0000000000000000 
DR6=00000000ffff0ff0 DR7=0000000000000400
CCS=0000000000000091 CCD=fffffffffd0ab954 CCO=EFLAGS
EFER=0000000000000500
Servicing hardware INT=0x20
    94: v=20 e=0000 i=0 cpl=0 IP=0008:0000000000111ff2 pc=0000000000111ff2 SP=0010:00000000001b9e60 env->regs[R_EAX]=000000000005a9d5
RAX=000000000005a9d5 RBX=00000000cccccccd RCX=000000000000001b RDX=00000000000003f8
RSI=0000000000000000 RDI=00000000fee00000 RBP=00000000001b9ff0 RSP=00000000001b9e60
R8 =0000000000000001 R9 =0000000000000000 R10=00000000002f7000 R11=000000000000005e
R12=0000000000000000 R13=0000000000000001 R14=0000000000000001 R15=0000000000008003
RIP=0000000000111ff2 RFL=00000297 [--S-APC] CPL=0 II=0 A20=1 SMM=0 HLT=0
ES =0010 0000000000000000 ffffffff 00cf9300 DPL=0 DS   [-WA]
CS =0008 0000000000000000 ffffffff 00af9a00 DPL=0 CS64 [-R-]
SS =0010 0000000000000000 ffffffff 00cf9300 DPL=0 DS   [-WA]
DS =0010 0000000000000000 ffffffff 00cf9300 DPL=0 DS   [-WA]
FS =0010 0000000000000000 ffffffff 00cf9300 DPL=0 DS   [-WA]
GS =0010 0000000000000000 ffffffff 00cf9300 DPL=0 DS   [-WA]
LDT=0000 0000000000000000 0000ffff 00008200 DPL=0 LDT
TR =0040 0000000000299ae0 0000006f 00208900 DPL=0 TSS64-avl
GDT=     0000000000271ce0 0000004f
IDT=     0000000000271d60 00000fff
CR0=80000013 CR2=0000000000000000 CR3=00000000001ba000 CR4=00000620
DR0=0000000000000000 DR1=0000000000000000 DR2=0000000000000000 DR3=0000000000000000 
DR6=00000000ffff0ff0 DR7=0000000000000400
CCS=0000000000000095 CCD=fffffffffd0ab955 CCO=EFLAGS
EFER=0000000000000500
Servicing hardware INT=0x20
    95: v=20 e=0000 i=0 cpl=0 IP=0008:0000000000111ff2 pc=0000000000111ff2 SP=0010:00000000001b9e60 env->regs[R_EAX]=000000000005dbaa
RAX=000000000005dbaa RBX=00000000cccccccd RCX=000000000000001b RDX=00000000000003f8
RSI=0000000000000000 RDI=00000000fee00000 RBP=00000000001b9ff0 RSP=00000000001b9e60
R8 =0000000000000001 R9 =0000000000000000 R10=00000000002f7000 R11=000000000000005e
R12=0000000000000000 R13=0000000000000001 R14=0000000000000001 R15=0000000000008003
RIP=0000000000111ff2 RFL=00000293 [--S-A-C] CPL=0 II=0 A20=1 SMM=0 HLT=0
ES =0010 0000000000000000 ffffffff 00cf9300 DPL=0 DS   [-WA]
CS =0008 0000000000000000 ffffffff 00af9a00 DPL=0 CS64 [-R-]
SS =0010 0000000000000000 ffffffff 00cf9300 DPL=0 DS   [-WA]
DS =0010 0000000000000000 ffffffff 00cf9300 DPL=0 DS   [-WA]
FS =0010 0000000000000000 ffffffff 00cf9300 DPL=0 DS   [-WA]
GS =0010 0000000000000000 ffffffff 00cf9300 DPL=0 DS   [-WA]
LDT=0000 0000000000000000 0000ffff 00008200 DPL=0 LDT
TR =0040 0000000000299ae0 0000006f 00208900 DPL=0 TSS64-avl
GDT=     0000000000271ce0 0000004f
IDT=     0000000000271d60 00000fff
CR0=80000013 CR2=0000000000000000 CR3=00000000001ba000 CR4=00000620
DR0=0000000000000000 DR1=0000000000000000 DR2=0000000000000000 DR3=0000000000000000 
DR6=00000000ffff0ff0 DR7=0000000000000400
CCS=0000000000000091 CCD=fffffffffd0aeb2a CCO=EFLAGS
EFER=0000000000000500
Servicing hardware INT=0x20
    96: v=20 e=0000 i=0 cpl=0 IP=0008:0000000000111ff2 pc=0000000000111ff2 SP=0010:00000000001b9e60 env->regs[R_EAX]=000000000005e997
RAX=000000000005e997 RBX=00000000cccccccd RCX=000000000000001b RDX=00000000000003f8
RSI=0000000000000000 RDI=00000000fee00000 RBP=00000000001b9ff0 RSP=00000000001b9e60
R8 =0000000000000001 R9 =0000000000000000 R10=00000000002f7000 R11=000000000000005e
R12=0000000000000000 R13=0000000000000001 R14=0000000000000001 R15=0000000000008003
RIP=0000000000111ff2 RFL=00000297 [--S-APC] CPL=0 II=0 A20=1 SMM=0 HLT=0
ES =0010 0000000000000000 ffffffff 00cf9300 DPL=0 DS   [-WA]
CS =0008 0000000000000000 ffffffff 00af9a00 DPL=0 CS64 [-R-]
SS =0010 0000000000000000 ffffffff 00cf9300 DPL=0 DS   [-WA]
DS =0010 0000000000000000 ffffffff 00cf9300 DPL=0 DS   [-WA]
FS =0010 0000000000000000 ffffffff 00cf9300 DPL=0 DS   [-WA]
GS =0010 0000000000000000 ffffffff 00cf9300 DPL=0 DS   [-WA]
LDT=0000 0000000000000000 0000ffff 00008200 DPL=0 LDT
TR =0040 0000000000299ae0 0000006f 00208900 DPL=0 TSS64-avl
GDT=     0000000000271ce0 0000004f
IDT=     0000000000271d60 00000fff
CR0=80000013 CR2=0000000000000000 CR3=00000000001ba000 CR4=00000620
DR0=0000000000000000 DR1=0000000000000000 DR2=0000000000000000 DR3=0000000000000000 
DR6=00000000ffff0ff0 DR7=0000000000000400
CCS=0000000000000095 CCD=fffffffffd0af917 CCO=EFLAGS
EFER=0000000000000500
Servicing hardware INT=0x20
    97: v=20 e=0000 i=0 cpl=0 IP=0008:0000000000111ff2 pc=0000000000111ff2 SP=0010:00000000001b9e60 env->regs[R_EAX]=0000000000061615
RAX=0000000000061615 RBX=00000000cccccccd RCX=000000000000001b RDX=00000000000003f8
RSI=0000000000000000 RDI=00000000fee00000 RBP=00000000001b9ff0 RSP=00000000001b9e60
R8 =0000000000000001 R9 =0000000000000000 R10=00000000002f7000 R11=000000000000005e
R12=0000000000000000 R13=0000000000000001 R14=0000000000000001 R15=0000000000008003
RIP=0000000000111ff2 RFL=00000297 [--S-APC] CPL=0 II=0 A20=1 SMM=0 HLT=0
ES =0010 0000000000000000 ffffffff 00cf9300 DPL=0 DS   [-WA]
CS =0008 0000000000000000 ffffffff 00af9a00 DPL=0 CS64 [-R-]
SS =0010 0000000000000000 ffffffff 00cf9300 DPL=0 DS   [-WA]
DS =0010 0000000000000000 ffffffff 00cf9300 DPL=0 DS   [-WA]
FS =0010 0000000000000000 ffffffff 00cf9300 DPL=0 DS   [-WA]
GS =0010 0000000000000000 ffffffff 00cf9300 DPL=0 DS   [-WA]
LDT=0000 0000000000000000 0000ffff 00008200 DPL=0 LDT
TR =0040 0000000000299ae0 0000006f 00208900 DPL=0 TSS64-avl
GDT=     0000000000271ce0 0000004f
IDT=     0000000000271d60 00000fff
CR0=80000013 CR2=0000000000000000 CR3=00000000001ba000 CR4=00000620
DR0=0000000000000000 DR1=0000000000000000 DR2=0000000000000000 DR3=0000000000000000 
DR6=00000000ffff0ff0 DR7=0000000000000400
CCS=0000000000000095 CCD=fffffffffd0b2595 CCO=EFLAGS
EFER=0000000000000500
Servicing hardware INT=0x20
    98: v=20 e=0000 i=0 cpl=0 IP=0008:0000000000111ff2 pc=0000000000111ff2 SP=0010:00000000001b9e60 env->regs[R_EAX]=00000000000621e3
RAX=00000000000621e3 RBX=00000000cccccccd RCX=000000000000001b RDX=00000000000003f8
RSI=0000000000000000 RDI=00000000fee00000 RBP=00000000001b9ff0 RSP=00000000001b9e60
R8 =0000000000000001 R9 =0000000000000000 R10=00000000002f7000 R11=000000000000005e
R12=0000000000000000 R13=0000000000000001 R14=0000000000000001 R15=0000000000008003
RIP=0000000000111ff2 RFL=00000297 [--S-APC] CPL=0 II=0 A20=1 SMM=0 HLT=0
ES =0010 0000000000000000 ffffffff 00cf9300 DPL=0 DS   [-WA]
CS =0008 0000000000000000 ffffffff 00af9a00 DPL=0 CS64 [-R-]
SS =0010 0000000000000000 ffffffff 00cf9300 DPL=0 DS   [-WA]
DS =0010 0000000000000000 ffffffff 00cf9300 DPL=0 DS   [-WA]
FS =0010 0000000000000000 ffffffff 00cf9300 DPL=0 DS   [-WA]
GS =0010 0000000000000000 ffffffff 00cf9300 DPL=0 DS   [-WA]
LDT=0000 0000000000000000 0000ffff 00008200 DPL=0 LDT
TR =0040 0000000000299ae0 0000006f 00208900 DPL=0 TSS64-avl
GDT=     0000000000271ce0 0000004f
IDT=     0000000000271d60 00000fff
CR0=80000013 CR2=0000000000000000 CR3=00000000001ba000 CR4=00000620
DR0=0000000000000000 DR1=0000000000000000 DR2=0000000000000000 DR3=0000000000000000 
DR6=00000000ffff0ff0 DR7=0000000000000400
CCS=0000000000000095 CCD=fffffffffd0b3163 CCO=EFLAGS
EFER=0000000000000500
Servicing hardware INT=0x20
    99: v=20 e=0000 i=0 cpl=0 IP=0008:0000000000111ff2 pc=0000000000111ff2 SP=0010:00000000001b9e60 env->regs[R_EAX]=00000000000651a0
RAX=00000000000651a0 RBX=00000000cccccccd RCX=000000000000001b RDX=00000000000003f8
RSI=0000000000000000 RDI=00000000fee00000 RBP=00000000001b9ff0 RSP=00000000001b9e60
R8 =0000000000000001 R9 =0000000000000000 R10=00000000002f7000 R11=000000000000005e
R12=0000000000000000 R13=0000000000000001 R14=0000000000000001 R15=0000000000008003
RIP=0000000000111ff2 RFL=00000283 [--S---C] CPL=0 II=0 A20=1 SMM=0 HLT=0
ES =0010 0000000000000000 ffffffff 00cf9300 DPL=0 DS   [-WA]
CS =0008 0000000000000000 ffffffff 00af9a00 DPL=0 CS64 [-R-]
SS =0010 0000000000000000 ffffffff 00cf9300 DPL=0 DS   [-WA]
DS =0010 0000000000000000 ffffffff 00cf9300 DPL=0 DS   [-WA]
FS =0010 0000000000000000 ffffffff 00cf9300 DPL=0 DS   [-WA]
GS =0010 0000000000000000 ffffffff 00cf9300 DPL=0 DS   [-WA]
LDT=0000 0000000000000000 0000ffff 00008200 DPL=0 LDT
TR =0040 0000000000299ae0 0000006f 00208900 DPL=0 TSS64-avl
GDT=     0000000000271ce0 0000004f
IDT=     0000000000271d60 00000fff
CR0=80000013 CR2=0000000000000000 CR3=00000000001ba000 CR4=00000620
DR0=0000000000000000 DR1=0000000000000000 DR2=0000000000000000 DR3=0000000000000000 
DR6=00000000ffff0ff0 DR7=0000000000000400
CCS=0000000000000081 CCD=fffffffffd0b6120 CCO=EFLAGS
EFER=0000000000000500
Servicing hardware INT=0x20
   100: v=20 e=0000 i=0 cpl=0 IP=0008:0000000000111ff2 pc=0000000000111ff2 SP=0010:00000000001b9e60 env->regs[R_EAX]=0000000000065c68
RAX=0000000000065c68 RBX=00000000cccccccd RCX=000000000000001b RDX=00000000000003f8
RSI=0000000000000000 RDI=00000000fee00000 RBP=00000000001b9ff0 RSP=00000000001b9e60
R8 =0000000000000001 R9 =0000000000000000 R10=00000000002f7000 R11=000000000000005e
R12=0000000000000000 R13=0000000000000001 R14=0000000000000001 R15=0000000000008003
RIP=0000000000111ff2 RFL=00000297 [--S-APC] CPL=0 II=0 A20=1 SMM=0 HLT=0
ES =0010 0000000000000000 ffffffff 00cf9300 DPL=0 DS   [-WA]
CS =0008 0000000000000000 ffffffff 00af9a00 DPL=0 CS64 [-R-]
SS =0010 0000000000000000 ffffffff 00cf9300 DPL=0 DS   [-WA]
DS =0010 0000000000000000 ffffffff 00cf9300 DPL=0 DS   [-WA]
FS =0010 0000000000000000 ffffffff 00cf9300 DPL=0 DS   [-WA]
GS =0010 0000000000000000 ffffffff 00cf9300 DPL=0 DS   [-WA]
LDT=0000 0000000000000000 0000ffff 00008200 DPL=0 LDT
TR =0040 0000000000299ae0 0000006f 00208900 DPL=0 TSS64-avl
GDT=     0000000000271ce0 0000004f
IDT=     0000000000271d60 00000fff
CR0=80000013 CR2=0000000000000000 CR3=00000000001ba000 CR4=00000620
DR0=0000000000000000 DR1=0000000000000000 DR2=0000000000000000 DR3=0000000000000000 
DR6=00000000ffff0ff0 DR7=0000000000000400
CCS=0000000000000095 CCD=fffffffffd0b6be8 CCO=EFLAGS
EFER=0000000000000500
Servicing hardware INT=0x20
   101: v=20 e=0000 i=0 cpl=0 IP=0008:0000000000111ff2 pc=0000000000111ff2 SP=0010:00000000001b9e60 env->regs[R_EAX]=000000000006849e
RAX=000000000006849e RBX=00000000cccccccd RCX=000000000000001b RDX=00000000000003f8
RSI=0000000000000000 RDI=00000000fee00000 RBP=00000000001b9ff0 RSP=00000000001b9e60
R8 =0000000000000001 R9 =0000000000000000 R10=00000000002f7000 R11=000000000000005e
R12=0000000000000000 R13=0000000000000001 R14=0000000000000001 R15=0000000000008003
RIP=0000000000111ff2 RFL=00000297 [--S-APC] CPL=0 II=0 A20=1 SMM=0 HLT=0
ES =0010 0000000000000000 ffffffff 00cf9300 DPL=0 DS   [-WA]
CS =0008 0000000000000000 ffffffff 00af9a00 DPL=0 CS64 [-R-]
SS =0010 0000000000000000 ffffffff 00cf9300 DPL=0 DS   [-WA]
DS =0010 0000000000000000 ffffffff 00cf9300 DPL=0 DS   [-WA]
FS =0010 0000000000000000 ffffffff 00cf9300 DPL=0 DS   [-WA]
GS =0010 0000000000000000 ffffffff 00cf9300 DPL=0 DS   [-WA]
LDT=0000 0000000000000000 0000ffff 00008200 DPL=0 LDT
TR =0040 0000000000299ae0 0000006f 00208900 DPL=0 TSS64-avl
GDT=     0000000000271ce0 0000004f
IDT=     0000000000271d60 00000fff
CR0=80000013 CR2=0000000000000000 CR3=00000000001ba000 CR4=00000620
DR0=0000000000000000 DR1=0000000000000000 DR2=0000000000000000 DR3=0000000000000000 
DR6=00000000ffff0ff0 DR7=0000000000000400
CCS=0000000000000095 CCD=fffffffffd0b941e CCO=EFLAGS
EFER=0000000000000500
Servicing hardware INT=0x20
   102: v=20 e=0000 i=0 cpl=0 IP=0008:0000000000111ff2 pc=0000000000111ff2 SP=0010:00000000001b9e60 env->regs[R_EAX]=0000000000068f3e
RAX=0000000000068f3e RBX=00000000cccccccd RCX=000000000000001b RDX=00000000000003f8
RSI=0000000000000000 RDI=00000000fee00000 RBP=00000000001b9ff0 RSP=00000000001b9e60
R8 =0000000000000001 R9 =0000000000000000 R10=00000000002f7000 R11=000000000000005e
R12=0000000000000000 R13=0000000000000001 R14=0000000000000001 R15=0000000000008003
RIP=0000000000111ff2 RFL=00000297 [--S-APC] CPL=0 II=0 A20=1 SMM=0 HLT=0
ES =0010 0000000000000000 ffffffff 00cf9300 DPL=0 DS   [-WA]
CS =0008 0000000000000000 ffffffff 00af9a00 DPL=0 CS64 [-R-]
SS =0010 0000000000000000 ffffffff 00cf9300 DPL=0 DS   [-WA]
DS =0010 0000000000000000 ffffffff 00cf9300 DPL=0 DS   [-WA]
FS =0010 0000000000000000 ffffffff 00cf9300 DPL=0 DS   [-WA]
GS =0010 0000000000000000 ffffffff 00cf9300 DPL=0 DS   [-WA]
LDT=0000 0000000000000000 0000ffff 00008200 DPL=0 LDT
TR =0040 0000000000299ae0 0000006f 00208900 DPL=0 TSS64-avl
GDT=     0000000000271ce0 0000004f
IDT=     0000000000271d60 00000fff
CR0=80000013 CR2=0000000000000000 CR3=00000000001ba000 CR4=00000620
DR0=0000000000000000 DR1=0000000000000000 DR2=0000000000000000 DR3=0000000000000000 
DR6=00000000ffff0ff0 DR7=0000000000000400
CCS=0000000000000095 CCD=fffffffffd0b9ebe CCO=EFLAGS
EFER=0000000000000500
Servicing hardware INT=0x20
   103: v=20 e=0000 i=0 cpl=0 IP=0008:0000000000111ff2 pc=0000000000111ff2 SP=0010:00000000001b9e60 env->regs[R_EAX]=000000000006b8a3
RAX=000000000006b8a3 RBX=00000000cccccccd RCX=000000000000001b RDX=00000000000003f8
RSI=0000000000000000 RDI=00000000fee00000 RBP=00000000001b9ff0 RSP=00000000001b9e60
R8 =0000000000000001 R9 =0000000000000000 R10=00000000002f7000 R11=000000000000005e
R12=0000000000000000 R13=0000000000000001 R14=0000000000000001 R15=0000000000008003
RIP=0000000000111ff2 RFL=00000293 [--S-A-C] CPL=0 II=0 A20=1 SMM=0 HLT=0
ES =0010 0000000000000000 ffffffff 00cf9300 DPL=0 DS   [-WA]
CS =0008 0000000000000000 ffffffff 00af9a00 DPL=0 CS64 [-R-]
SS =0010 0000000000000000 ffffffff 00cf9300 DPL=0 DS   [-WA]
DS =0010 0000000000000000 ffffffff 00cf9300 DPL=0 DS   [-WA]
FS =0010 0000000000000000 ffffffff 00cf9300 DPL=0 DS   [-WA]
GS =0010 0000000000000000 ffffffff 00cf9300 DPL=0 DS   [-WA]
LDT=0000 0000000000000000 0000ffff 00008200 DPL=0 LDT
TR =0040 0000000000299ae0 0000006f 00208900 DPL=0 TSS64-avl
GDT=     0000000000271ce0 0000004f
IDT=     0000000000271d60 00000fff
CR0=80000013 CR2=0000000000000000 CR3=00000000001ba000 CR4=00000620
DR0=0000000000000000 DR1=0000000000000000 DR2=0000000000000000 DR3=0000000000000000 
DR6=00000000ffff0ff0 DR7=0000000000000400
CCS=0000000000000091 CCD=fffffffffd0bc823 CCO=EFLAGS
EFER=0000000000000500
Servicing hardware INT=0x20
   104: v=20 e=0000 i=0 cpl=0 IP=0008:0000000000111ff2 pc=0000000000111ff2 SP=0010:00000000001b9e60 env->regs[R_EAX]=000000000006c550
RAX=000000000006c550 RBX=00000000cccccccd RCX=000000000000001b RDX=00000000000003f8
RSI=0000000000000000 RDI=00000000fee00000 RBP=00000000001b9ff0 RSP=00000000001b9e60
R8 =0000000000000001 R9 =0000000000000000 R10=00000000002f7000 R11=000000000000005e
R12=0000000000000000 R13=0000000000000001 R14=0000000000000001 R15=0000000000008003
RIP=0000000000111ff2 RFL=00000283 [--S---C] CPL=0 II=0 A20=1 SMM=0 HLT=0
ES =0010 0000000000000000 ffffffff 00cf9300 DPL=0 DS   [-WA]
CS =0008 0000000000000000 ffffffff 00af9a00 DPL=0 CS64 [-R-]
SS =0010 0000000000000000 ffffffff 00cf9300 DPL=0 DS   [-WA]
DS =0010 0000000000000000 ffffffff 00cf9300 DPL=0 DS   [-WA]
FS =0010 0000000000000000 ffffffff 00cf9300 DPL=0 DS   [-WA]
GS =0010 0000000000000000 ffffffff 00cf9300 DPL=0 DS   [-WA]
LDT=0000 0000000000000000 0000ffff 00008200 DPL=0 LDT
TR =0040 0000000000299ae0 0000006f 00208900 DPL=0 TSS64-avl
GDT=     0000000000271ce0 0000004f
IDT=     0000000000271d60 00000fff
CR0=80000013 CR2=0000000000000000 CR3=00000000001ba000 CR4=00000620
DR0=0000000000000000 DR1=0000000000000000 DR2=0000000000000000 DR3=0000000000000000 
DR6=00000000ffff0ff0 DR7=0000000000000400
CCS=0000000000000081 CCD=fffffffffd0bd4d0 CCO=EFLAGS
EFER=0000000000000500
Servicing hardware INT=0x20
   105: v=20 e=0000 i=0 cpl=0 IP=0008:0000000000111ff2 pc=0000000000111ff2 SP=0010:00000000001b9e60 env->regs[R_EAX]=000000000006f48d
RAX=000000000006f48d RBX=00000000cccccccd RCX=000000000000001b RDX=00000000000003f8
RSI=0000000000000000 RDI=00000000fee00000 RBP=00000000001b9ff0 RSP=00000000001b9e60
R8 =0000000000000001 R9 =0000000000000000 R10=00000000002f7000 R11=000000000000005e
R12=0000000000000000 R13=0000000000000001 R14=0000000000000001 R15=0000000000008003
RIP=0000000000111ff2 RFL=00000293 [--S-A-C] CPL=0 II=0 A20=1 SMM=0 HLT=0
ES =0010 0000000000000000 ffffffff 00cf9300 DPL=0 DS   [-WA]
CS =0008 0000000000000000 ffffffff 00af9a00 DPL=0 CS64 [-R-]
SS =0010 0000000000000000 ffffffff 00cf9300 DPL=0 DS   [-WA]
DS =0010 0000000000000000 ffffffff 00cf9300 DPL=0 DS   [-WA]
FS =0010 0000000000000000 ffffffff 00cf9300 DPL=0 DS   [-WA]
GS =0010 0000000000000000 ffffffff 00cf9300 DPL=0 DS   [-WA]
LDT=0000 0000000000000000 0000ffff 00008200 DPL=0 LDT
TR =0040 0000000000299ae0 0000006f 00208900 DPL=0 TSS64-avl
GDT=     0000000000271ce0 0000004f
IDT=     0000000000271d60 00000fff
CR0=80000013 CR2=0000000000000000 CR3=00000000001ba000 CR4=00000620
DR0=0000000000000000 DR1=0000000000000000 DR2=0000000000000000 DR3=0000000000000000 
DR6=00000000ffff0ff0 DR7=0000000000000400
CCS=0000000000000091 CCD=fffffffffd0c040d CCO=EFLAGS
EFER=0000000000000500
Servicing hardware INT=0x20
   106: v=20 e=0000 i=0 cpl=0 IP=0008:0000000000111ff2 pc=0000000000111ff2 SP=0010:00000000001b9e60 env->regs[R_EAX]=0000000000070086
RAX=0000000000070086 RBX=00000000cccccccd RCX=000000000000001b RDX=00000000000003f8
RSI=0000000000000000 RDI=00000000fee00000 RBP=00000000001b9ff0 RSP=00000000001b9e60
R8 =0000000000000001 R9 =0000000000000000 R10=00000000002f7000 R11=000000000000005e
R12=0000000000000000 R13=0000000000000001 R14=0000000000000001 R15=0000000000008003
RIP=0000000000111ff2 RFL=00000297 [--S-APC] CPL=0 II=0 A20=1 SMM=0 HLT=0
ES =0010 0000000000000000 ffffffff 00cf9300 DPL=0 DS   [-WA]
CS =0008 0000000000000000 ffffffff 00af9a00 DPL=0 CS64 [-R-]
SS =0010 0000000000000000 ffffffff 00cf9300 DPL=0 DS   [-WA]
DS =0010 0000000000000000 ffffffff 00cf9300 DPL=0 DS   [-WA]
FS =0010 0000000000000000 ffffffff 00cf9300 DPL=0 DS   [-WA]
GS =0010 0000000000000000 ffffffff 00cf9300 DPL=0 DS   [-WA]
LDT=0000 0000000000000000 0000ffff 00008200 DPL=0 LDT
TR =0040 0000000000299ae0 0000006f 00208900 DPL=0 TSS64-avl
GDT=     0000000000271ce0 0000004f
IDT=     0000000000271d60 00000fff
CR0=80000013 CR2=0000000000000000 CR3=00000000001ba000 CR4=00000620
DR0=0000000000000000 DR1=0000000000000000 DR2=0000000000000000 DR3=0000000000000000 
DR6=00000000ffff0ff0 DR7=0000000000000400
CCS=0000000000000095 CCD=fffffffffd0c1006 CCO=EFLAGS
EFER=0000000000000500
Servicing hardware INT=0x20
   107: v=20 e=0000 i=0 cpl=0 IP=0008:0000000000111ff2 pc=0000000000111ff2 SP=0010:00000000001b9e60 env->regs[R_EAX]=0000000000073197
RAX=0000000000073197 RBX=00000000cccccccd RCX=000000000000001b RDX=00000000000003f8
RSI=0000000000000000 RDI=00000000fee00000 RBP=00000000001b9ff0 RSP=00000000001b9e60
R8 =0000000000000001 R9 =0000000000000000 R10=00000000002f7000 R11=000000000000005e
R12=0000000000000000 R13=0000000000000001 R14=0000000000000001 R15=0000000000008003
RIP=0000000000111ff2 RFL=00000297 [--S-APC] CPL=0 II=0 A20=1 SMM=0 HLT=0
ES =0010 0000000000000000 ffffffff 00cf9300 DPL=0 DS   [-WA]
CS =0008 0000000000000000 ffffffff 00af9a00 DPL=0 CS64 [-R-]
SS =0010 0000000000000000 ffffffff 00cf9300 DPL=0 DS   [-WA]
DS =0010 0000000000000000 ffffffff 00cf9300 DPL=0 DS   [-WA]
FS =0010 0000000000000000 ffffffff 00cf9300 DPL=0 DS   [-WA]
GS =0010 0000000000000000 ffffffff 00cf9300 DPL=0 DS   [-WA]
LDT=0000 0000000000000000 0000ffff 00008200 DPL=0 LDT
TR =0040 0000000000299ae0 0000006f 00208900 DPL=0 TSS64-avl
GDT=     0000000000271ce0 0000004f
IDT=     0000000000271d60 00000fff
CR0=80000013 CR2=0000000000000000 CR3=00000000001ba000 CR4=00000620
DR0=0000000000000000 DR1=0000000000000000 DR2=0000000000000000 DR3=0000000000000000 
DR6=00000000ffff0ff0 DR7=0000000000000400
CCS=0000000000000095 CCD=fffffffffd0c4117 CCO=EFLAGS
EFER=0000000000000500
Servicing hardware INT=0x20
   108: v=20 e=0000 i=0 cpl=0 IP=0008:0000000000111ff2 pc=0000000000111ff2 SP=0010:00000000001b9e60 env->regs[R_EAX]=0000000000073f66
RAX=0000000000073f66 RBX=00000000cccccccd RCX=000000000000001b RDX=00000000000003f8
RSI=0000000000000000 RDI=00000000fee00000 RBP=00000000001b9ff0 RSP=00000000001b9e60
R8 =0000000000000001 R9 =0000000000000000 R10=00000000002f7000 R11=000000000000005e
R12=0000000000000000 R13=0000000000000001 R14=0000000000000001 R15=0000000000008003
RIP=0000000000111ff2 RFL=00000293 [--S-A-C] CPL=0 II=0 A20=1 SMM=0 HLT=0
ES =0010 0000000000000000 ffffffff 00cf9300 DPL=0 DS   [-WA]
CS =0008 0000000000000000 ffffffff 00af9a00 DPL=0 CS64 [-R-]
SS =0010 0000000000000000 ffffffff 00cf9300 DPL=0 DS   [-WA]
DS =0010 0000000000000000 ffffffff 00cf9300 DPL=0 DS   [-WA]
FS =0010 0000000000000000 ffffffff 00cf9300 DPL=0 DS   [-WA]
GS =0010 0000000000000000 ffffffff 00cf9300 DPL=0 DS   [-WA]
LDT=0000 0000000000000000 0000ffff 00008200 DPL=0 LDT
TR =0040 0000000000299ae0 0000006f 00208900 DPL=0 TSS64-avl
GDT=     0000000000271ce0 0000004f
IDT=     0000000000271d60 00000fff
CR0=80000013 CR2=0000000000000000 CR3=00000000001ba000 CR4=00000620
DR0=0000000000000000 DR1=0000000000000000 DR2=0000000000000000 DR3=0000000000000000 
DR6=00000000ffff0ff0 DR7=0000000000000400
CCS=0000000000000091 CCD=fffffffffd0c4ee6 CCO=EFLAGS
EFER=0000000000000500
Servicing hardware INT=0x20
   109: v=20 e=0000 i=0 cpl=0 IP=0008:0000000000111ff2 pc=0000000000111ff2 SP=0010:00000000001b9e60 env->regs[R_EAX]=0000000000076a5b
RAX=0000000000076a5b RBX=00000000cccccccd RCX=000000000000001b RDX=00000000000003f8
RSI=0000000000000000 RDI=00000000fee00000 RBP=00000000001b9ff0 RSP=00000000001b9e60
R8 =0000000000000001 R9 =0000000000000000 R10=00000000002f7000 R11=000000000000005e
R12=0000000000000000 R13=0000000000000001 R14=0000000000000001 R15=0000000000008003
RIP=0000000000111ff2 RFL=00000297 [--S-APC] CPL=0 II=0 A20=1 SMM=0 HLT=0
ES =0010 0000000000000000 ffffffff 00cf9300 DPL=0 DS   [-WA]
CS =0008 0000000000000000 ffffffff 00af9a00 DPL=0 CS64 [-R-]
SS =0010 0000000000000000 ffffffff 00cf9300 DPL=0 DS   [-WA]
DS =0010 0000000000000000 ffffffff 00cf9300 DPL=0 DS   [-WA]
FS =0010 0000000000000000 ffffffff 00cf9300 DPL=0 DS   [-WA]
GS =0010 0000000000000000 ffffffff 00cf9300 DPL=0 DS   [-WA]
LDT=0000 0000000000000000 0000ffff 00008200 DPL=0 LDT
TR =0040 0000000000299ae0 0000006f 00208900 DPL=0 TSS64-avl
GDT=     0000000000271ce0 0000004f
IDT=     0000000000271d60 00000fff
CR0=80000013 CR2=0000000000000000 CR3=00000000001ba000 CR4=00000620
DR0=0000000000000000 DR1=0000000000000000 DR2=0000000000000000 DR3=0000000000000000 
DR6=00000000ffff0ff0 DR7=0000000000000400
CCS=0000000000000095 CCD=fffffffffd0c79db CCO=EFLAGS
EFER=0000000000000500
Servicing hardware INT=0x20
   110: v=20 e=0000 i=0 cpl=0 IP=0008:0000000000111ff2 pc=0000000000111ff2 SP=0010:00000000001b9e60 env->regs[R_EAX]=0000000000077606
RAX=0000000000077606 RBX=00000000cccccccd RCX=000000000000001b RDX=00000000000003f8
RSI=0000000000000000 RDI=00000000fee00000 RBP=00000000001b9ff0 RSP=00000000001b9e60
R8 =0000000000000001 R9 =0000000000000000 R10=00000000002f7000 R11=000000000000005e
R12=0000000000000000 R13=0000000000000001 R14=0000000000000001 R15=0000000000008003
RIP=0000000000111ff2 RFL=00000293 [--S-A-C] CPL=0 II=0 A20=1 SMM=0 HLT=0
ES =0010 0000000000000000 ffffffff 00cf9300 DPL=0 DS   [-WA]
CS =0008 0000000000000000 ffffffff 00af9a00 DPL=0 CS64 [-R-]
SS =0010 0000000000000000 ffffffff 00cf9300 DPL=0 DS   [-WA]
DS =0010 0000000000000000 ffffffff 00cf9300 DPL=0 DS   [-WA]
FS =0010 0000000000000000 ffffffff 00cf9300 DPL=0 DS   [-WA]
GS =0010 0000000000000000 ffffffff 00cf9300 DPL=0 DS   [-WA]
LDT=0000 0000000000000000 0000ffff 00008200 DPL=0 LDT
TR =0040 0000000000299ae0 0000006f 00208900 DPL=0 TSS64-avl
GDT=     0000000000271ce0 0000004f
IDT=     0000000000271d60 00000fff
CR0=80000013 CR2=0000000000000000 CR3=00000000001ba000 CR4=00000620
DR0=0000000000000000 DR1=0000000000000000 DR2=0000000000000000 DR3=0000000000000000 
DR6=00000000ffff0ff0 DR7=0000000000000400
CCS=0000000000000091 CCD=fffffffffd0c8586 CCO=EFLAGS
EFER=0000000000000500
Servicing hardware INT=0x20
   111: v=20 e=0000 i=0 cpl=0 IP=0008:0000000000111ff2 pc=0000000000111ff2 SP=0010:00000000001b9e60 env->regs[R_EAX]=000000000007a55e
RAX=000000000007a55e RBX=00000000cccccccd RCX=000000000000001b RDX=00000000000003f8
RSI=0000000000000000 RDI=00000000fee00000 RBP=00000000001b9ff0 RSP=00000000001b9e60
R8 =0000000000000001 R9 =0000000000000000 R10=00000000002f7000 R11=000000000000005e
R12=0000000000000000 R13=0000000000000001 R14=0000000000000001 R15=0000000000008003
RIP=0000000000111ff2 RFL=00000297 [--S-APC] CPL=0 II=0 A20=1 SMM=0 HLT=0
ES =0010 0000000000000000 ffffffff 00cf9300 DPL=0 DS   [-WA]
CS =0008 0000000000000000 ffffffff 00af9a00 DPL=0 CS64 [-R-]
SS =0010 0000000000000000 ffffffff 00cf9300 DPL=0 DS   [-WA]
DS =0010 0000000000000000 ffffffff 00cf9300 DPL=0 DS   [-WA]
FS =0010 0000000000000000 ffffffff 00cf9300 DPL=0 DS   [-WA]
GS =0010 0000000000000000 ffffffff 00cf9300 DPL=0 DS   [-WA]
LDT=0000 0000000000000000 0000ffff 00008200 DPL=0 LDT
TR =0040 0000000000299ae0 0000006f 00208900 DPL=0 TSS64-avl
GDT=     0000000000271ce0 0000004f
IDT=     0000000000271d60 00000fff
CR0=80000013 CR2=0000000000000000 CR3=00000000001ba000 CR4=00000620
DR0=0000000000000000 DR1=0000000000000000 DR2=0000000000000000 DR3=0000000000000000 
DR6=00000000ffff0ff0 DR7=0000000000000400
CCS=0000000000000095 CCD=fffffffffd0cb4de CCO=EFLAGS
EFER=0000000000000500
Servicing hardware INT=0x20
   112: v=20 e=0000 i=0 cpl=0 IP=0008:0000000000111ff2 pc=0000000000111ff2 SP=0010:00000000001b9e60 env->regs[R_EAX]=000000000007b038
RAX=000000000007b038 RBX=00000000cccccccd RCX=000000000000001b RDX=00000000000003f8
RSI=0000000000000000 RDI=00000000fee00000 RBP=00000000001b9ff0 RSP=00000000001b9e60
R8 =0000000000000001 R9 =0000000000000000 R10=00000000002f7000 R11=000000000000005e
R12=0000000000000000 R13=0000000000000001 R14=0000000000000001 R15=0000000000008003
RIP=0000000000111ff2 RFL=00000297 [--S-APC] CPL=0 II=0 A20=1 SMM=0 HLT=0
ES =0010 0000000000000000 ffffffff 00cf9300 DPL=0 DS   [-WA]
CS =0008 0000000000000000 ffffffff 00af9a00 DPL=0 CS64 [-R-]
SS =0010 0000000000000000 ffffffff 00cf9300 DPL=0 DS   [-WA]
DS =0010 0000000000000000 ffffffff 00cf9300 DPL=0 DS   [-WA]
FS =0010 0000000000000000 ffffffff 00cf9300 DPL=0 DS   [-WA]
GS =0010 0000000000000000 ffffffff 00cf9300 DPL=0 DS   [-WA]
LDT=0000 0000000000000000 0000ffff 00008200 DPL=0 LDT
TR =0040 0000000000299ae0 0000006f 00208900 DPL=0 TSS64-avl
GDT=     0000000000271ce0 0000004f
IDT=     0000000000271d60 00000fff
CR0=80000013 CR2=0000000000000000 CR3=00000000001ba000 CR4=00000620
DR0=0000000000000000 DR1=0000000000000000 DR2=0000000000000000 DR3=0000000000000000 
DR6=00000000ffff0ff0 DR7=0000000000000400
CCS=0000000000000095 CCD=fffffffffd0cbfb8 CCO=EFLAGS
EFER=0000000000000500
Servicing hardware INT=0x20
   113: v=20 e=0000 i=0 cpl=0 IP=0008:0000000000111ff2 pc=0000000000111ff2 SP=0010:00000000001b9e60 env->regs[R_EAX]=000000000007dfc1
RAX=000000000007dfc1 RBX=00000000cccccccd RCX=000000000000001b RDX=00000000000003f8
RSI=0000000000000000 RDI=00000000fee00000 RBP=00000000001b9ff0 RSP=00000000001b9e60
R8 =0000000000000001 R9 =0000000000000000 R10=00000000002f7000 R11=000000000000005e
R12=0000000000000000 R13=0000000000000001 R14=0000000000000001 R15=0000000000008003
RIP=0000000000111ff2 RFL=00000297 [--S-APC] CPL=0 II=0 A20=1 SMM=0 HLT=0
ES =0010 0000000000000000 ffffffff 00cf9300 DPL=0 DS   [-WA]
CS =0008 0000000000000000 ffffffff 00af9a00 DPL=0 CS64 [-R-]
SS =0010 0000000000000000 ffffffff 00cf9300 DPL=0 DS   [-WA]
DS =0010 0000000000000000 ffffffff 00cf9300 DPL=0 DS   [-WA]
FS =0010 0000000000000000 ffffffff 00cf9300 DPL=0 DS   [-WA]
GS =0010 0000000000000000 ffffffff 00cf9300 DPL=0 DS   [-WA]
LDT=0000 0000000000000000 0000ffff 00008200 DPL=0 LDT
TR =0040 0000000000299ae0 0000006f 00208900 DPL=0 TSS64-avl
GDT=     0000000000271ce0 0000004f
IDT=     0000000000271d60 00000fff
CR0=80000013 CR2=0000000000000000 CR3=00000000001ba000 CR4=00000620
DR0=0000000000000000 DR1=0000000000000000 DR2=0000000000000000 DR3=0000000000000000 
DR6=00000000ffff0ff0 DR7=0000000000000400
CCS=0000000000000095 CCD=fffffffffd0cef41 CCO=EFLAGS
EFER=0000000000000500
Servicing hardware INT=0x20
   114: v=20 e=0000 i=0 cpl=0 IP=0008:0000000000111ff2 pc=0000000000111ff2 SP=0010:00000000001b9e60 env->regs[R_EAX]=000000000007e6fd
RAX=000000000007e6fd RBX=00000000cccccccd RCX=000000000000001b RDX=00000000000003f8
RSI=0000000000000000 RDI=00000000fee00000 RBP=00000000001b9ff0 RSP=00000000001b9e60
R8 =0000000000000001 R9 =0000000000000000 R10=00000000002f7000 R11=000000000000005e
R12=0000000000000000 R13=0000000000000001 R14=0000000000000001 R15=0000000000008003
RIP=0000000000111ff2 RFL=00000297 [--S-APC] CPL=0 II=0 A20=1 SMM=0 HLT=0
ES =0010 0000000000000000 ffffffff 00cf9300 DPL=0 DS   [-WA]
CS =0008 0000000000000000 ffffffff 00af9a00 DPL=0 CS64 [-R-]
SS =0010 0000000000000000 ffffffff 00cf9300 DPL=0 DS   [-WA]
DS =0010 0000000000000000 ffffffff 00cf9300 DPL=0 DS   [-WA]
FS =0010 0000000000000000 ffffffff 00cf9300 DPL=0 DS   [-WA]
GS =0010 0000000000000000 ffffffff 00cf9300 DPL=0 DS   [-WA]
LDT=0000 0000000000000000 0000ffff 00008200 DPL=0 LDT
TR =0040 0000000000299ae0 0000006f 00208900 DPL=0 TSS64-avl
GDT=     0000000000271ce0 0000004f
IDT=     0000000000271d60 00000fff
CR0=80000013 CR2=0000000000000000 CR3=00000000001ba000 CR4=00000620
DR0=0000000000000000 DR1=0000000000000000 DR2=0000000000000000 DR3=0000000000000000 
DR6=00000000ffff0ff0 DR7=0000000000000400
CCS=0000000000000095 CCD=fffffffffd0cf67d CCO=EFLAGS
EFER=0000000000000500
Servicing hardware INT=0x20
   115: v=20 e=0000 i=0 cpl=0 IP=0008:0000000000111ff2 pc=0000000000111ff2 SP=0010:00000000001b9e60 env->regs[R_EAX]=00000000000812ab
RAX=00000000000812ab RBX=00000000cccccccd RCX=000000000000001b RDX=00000000000003f8
RSI=0000000000000000 RDI=00000000fee00000 RBP=00000000001b9ff0 RSP=00000000001b9e60
R8 =0000000000000001 R9 =0000000000000000 R10=00000000002f7000 R11=000000000000005e
R12=0000000000000000 R13=0000000000000001 R14=0000000000000001 R15=0000000000008003
RIP=0000000000111ff2 RFL=00000297 [--S-APC] CPL=0 II=0 A20=1 SMM=0 HLT=0
ES =0010 0000000000000000 ffffffff 00cf9300 DPL=0 DS   [-WA]
CS =0008 0000000000000000 ffffffff 00af9a00 DPL=0 CS64 [-R-]
SS =0010 0000000000000000 ffffffff 00cf9300 DPL=0 DS   [-WA]
DS =0010 0000000000000000 ffffffff 00cf9300 DPL=0 DS   [-WA]
FS =0010 0000000000000000 ffffffff 00cf9300 DPL=0 DS   [-WA]
GS =0010 0000000000000000 ffffffff 00cf9300 DPL=0 DS   [-WA]
LDT=0000 0000000000000000 0000ffff 00008200 DPL=0 LDT
TR =0040 0000000000299ae0 0000006f 00208900 DPL=0 TSS64-avl
GDT=     0000000000271ce0 0000004f
IDT=     0000000000271d60 00000fff
CR0=80000013 CR2=0000000000000000 CR3=00000000001ba000 CR4=00000620
DR0=0000000000000000 DR1=0000000000000000 DR2=0000000000000000 DR3=0000000000000000 
DR6=00000000ffff0ff0 DR7=0000000000000400
CCS=0000000000000095 CCD=fffffffffd0d222b CCO=EFLAGS
EFER=0000000000000500
Servicing hardware INT=0x20
   116: v=20 e=0000 i=0 cpl=0 IP=0008:0000000000111ff2 pc=0000000000111ff2 SP=0010:00000000001b9e60 env->regs[R_EAX]=00000000000817a5
RAX=00000000000817a5 RBX=00000000cccccccd RCX=000000000000001b RDX=00000000000003f8
RSI=0000000000000000 RDI=00000000fee00000 RBP=00000000001b9ff0 RSP=00000000001b9e60
R8 =0000000000000001 R9 =0000000000000000 R10=00000000002f7000 R11=000000000000005e
R12=0000000000000000 R13=0000000000000001 R14=0000000000000001 R15=0000000000008003
RIP=0000000000111ff2 RFL=00000293 [--S-A-C] CPL=0 II=0 A20=1 SMM=0 HLT=0
ES =0010 0000000000000000 ffffffff 00cf9300 DPL=0 DS   [-WA]
CS =0008 0000000000000000 ffffffff 00af9a00 DPL=0 CS64 [-R-]
SS =0010 0000000000000000 ffffffff 00cf9300 DPL=0 DS   [-WA]
DS =0010 0000000000000000 ffffffff 00cf9300 DPL=0 DS   [-WA]
FS =0010 0000000000000000 ffffffff 00cf9300 DPL=0 DS   [-WA]
GS =0010 0000000000000000 ffffffff 00cf9300 DPL=0 DS   [-WA]
LDT=0000 0000000000000000 0000ffff 00008200 DPL=0 LDT
TR =0040 0000000000299ae0 0000006f 00208900 DPL=0 TSS64-avl
GDT=     0000000000271ce0 0000004f
IDT=     0000000000271d60 00000fff
CR0=80000013 CR2=0000000000000000 CR3=00000000001ba000 CR4=00000620
DR0=0000000000000000 DR1=0000000000000000 DR2=0000000000000000 DR3=0000000000000000 
DR6=00000000ffff0ff0 DR7=0000000000000400
CCS=0000000000000091 CCD=fffffffffd0d2725 CCO=EFLAGS
EFER=0000000000000500
Servicing hardware INT=0x20
   117: v=20 e=0000 i=0 cpl=0 IP=0008:0000000000111ff2 pc=0000000000111ff2 SP=0010:00000000001b9e60 env->regs[R_EAX]=000000000008469d
RAX=000000000008469d RBX=00000000cccccccd RCX=000000000000001b RDX=00000000000003f8
RSI=0000000000000000 RDI=00000000fee00000 RBP=00000000001b9ff0 RSP=00000000001b9e60
R8 =0000000000000001 R9 =0000000000000000 R10=00000000002f7000 R11=000000000000005e
R12=0000000000000000 R13=0000000000000001 R14=0000000000000001 R15=0000000000008003
RIP=0000000000111ff2 RFL=00000297 [--S-APC] CPL=0 II=0 A20=1 SMM=0 HLT=0
ES =0010 0000000000000000 ffffffff 00cf9300 DPL=0 DS   [-WA]
CS =0008 0000000000000000 ffffffff 00af9a00 DPL=0 CS64 [-R-]
SS =0010 0000000000000000 ffffffff 00cf9300 DPL=0 DS   [-WA]
DS =0010 0000000000000000 ffffffff 00cf9300 DPL=0 DS   [-WA]
FS =0010 0000000000000000 ffffffff 00cf9300 DPL=0 DS   [-WA]
GS =0010 0000000000000000 ffffffff 00cf9300 DPL=0 DS   [-WA]
LDT=0000 0000000000000000 0000ffff 00008200 DPL=0 LDT
TR =0040 0000000000299ae0 0000006f 00208900 DPL=0 TSS64-avl
GDT=     0000000000271ce0 0000004f
IDT=     0000000000271d60 00000fff
CR0=80000013 CR2=0000000000000000 CR3=00000000001ba000 CR4=00000620
DR0=0000000000000000 DR1=0000000000000000 DR2=0000000000000000 DR3=0000000000000000 
DR6=00000000ffff0ff0 DR7=0000000000000400
CCS=0000000000000095 CCD=fffffffffd0d561d CCO=EFLAGS
EFER=0000000000000500
Servicing hardware INT=0x20
   118: v=20 e=0000 i=0 cpl=0 IP=0008:0000000000111ff2 pc=0000000000111ff2 SP=0010:00000000001b9e60 env->regs[R_EAX]=00000000000851a5
RAX=00000000000851a5 RBX=00000000cccccccd RCX=000000000000001b RDX=00000000000003f8
RSI=0000000000000000 RDI=00000000fee00000 RBP=00000000001b9ff0 RSP=00000000001b9e60
R8 =0000000000000001 R9 =0000000000000000 R10=00000000002f7000 R11=000000000000005e
R12=0000000000000000 R13=0000000000000001 R14=0000000000000001 R15=0000000000008003
RIP=0000000000111ff2 RFL=00000293 [--S-A-C] CPL=0 II=0 A20=1 SMM=0 HLT=0
ES =0010 0000000000000000 ffffffff 00cf9300 DPL=0 DS   [-WA]
CS =0008 0000000000000000 ffffffff 00af9a00 DPL=0 CS64 [-R-]
SS =0010 0000000000000000 ffffffff 00cf9300 DPL=0 DS   [-WA]
DS =0010 0000000000000000 ffffffff 00cf9300 DPL=0 DS   [-WA]
FS =0010 0000000000000000 ffffffff 00cf9300 DPL=0 DS   [-WA]
GS =0010 0000000000000000 ffffffff 00cf9300 DPL=0 DS   [-WA]
LDT=0000 0000000000000000 0000ffff 00008200 DPL=0 LDT
TR =0040 0000000000299ae0 0000006f 00208900 DPL=0 TSS64-avl
GDT=     0000000000271ce0 0000004f
IDT=     0000000000271d60 00000fff
CR0=80000013 CR2=0000000000000000 CR3=00000000001ba000 CR4=00000620
DR0=0000000000000000 DR1=0000000000000000 DR2=0000000000000000 DR3=0000000000000000 
DR6=00000000ffff0ff0 DR7=0000000000000400
CCS=0000000000000091 CCD=fffffffffd0d6125 CCO=EFLAGS
EFER=0000000000000500
Servicing hardware INT=0x20
   119: v=20 e=0000 i=0 cpl=0 IP=0008:0000000000111ff2 pc=0000000000111ff2 SP=0010:00000000001b9e60 env->regs[R_EAX]=000000000008820a
RAX=000000000008820a RBX=00000000cccccccd RCX=000000000000001b RDX=00000000000003f8
RSI=0000000000000000 RDI=00000000fee00000 RBP=00000000001b9ff0 RSP=00000000001b9e60
R8 =0000000000000001 R9 =0000000000000000 R10=00000000002f7000 R11=000000000000005e
R12=0000000000000000 R13=0000000000000001 R14=0000000000000001 R15=0000000000008003
RIP=0000000000111ff2 RFL=00000293 [--S-A-C] CPL=0 II=0 A20=1 SMM=0 HLT=0
ES =0010 0000000000000000 ffffffff 00cf9300 DPL=0 DS   [-WA]
CS =0008 0000000000000000 ffffffff 00af9a00 DPL=0 CS64 [-R-]
SS =0010 0000000000000000 ffffffff 00cf9300 DPL=0 DS   [-WA]
DS =0010 0000000000000000 ffffffff 00cf9300 DPL=0 DS   [-WA]
FS =0010 0000000000000000 ffffffff 00cf9300 DPL=0 DS   [-WA]
GS =0010 0000000000000000 ffffffff 00cf9300 DPL=0 DS   [-WA]
LDT=0000 0000000000000000 0000ffff 00008200 DPL=0 LDT
TR =0040 0000000000299ae0 0000006f 00208900 DPL=0 TSS64-avl
GDT=     0000000000271ce0 0000004f
IDT=     0000000000271d60 00000fff
CR0=80000013 CR2=0000000000000000 CR3=00000000001ba000 CR4=00000620
DR0=0000000000000000 DR1=0000000000000000 DR2=0000000000000000 DR3=0000000000000000 
DR6=00000000ffff0ff0 DR7=0000000000000400
CCS=0000000000000091 CCD=fffffffffd0d918a CCO=EFLAGS
EFER=0000000000000500
Servicing hardware INT=0x20
   120: v=20 e=0000 i=0 cpl=0 IP=0008:0000000000111ff2 pc=0000000000111ff2 SP=0010:00000000001b9e60 env->regs[R_EAX]=0000000000088ceb
RAX=0000000000088ceb RBX=00000000cccccccd RCX=000000000000001b RDX=00000000000003f8
RSI=0000000000000000 RDI=00000000fee00000 RBP=00000000001b9ff0 RSP=00000000001b9e60
R8 =0000000000000001 R9 =0000000000000000 R10=00000000002f7000 R11=000000000000005e
R12=0000000000000000 R13=0000000000000001 R14=0000000000000001 R15=0000000000008003
RIP=0000000000111ff2 RFL=00000293 [--S-A-C] CPL=0 II=0 A20=1 SMM=0 HLT=0
ES =0010 0000000000000000 ffffffff 00cf9300 DPL=0 DS   [-WA]
CS =0008 0000000000000000 ffffffff 00af9a00 DPL=0 CS64 [-R-]
SS =0010 0000000000000000 ffffffff 00cf9300 DPL=0 DS   [-WA]
DS =0010 0000000000000000 ffffffff 00cf9300 DPL=0 DS   [-WA]
FS =0010 0000000000000000 ffffffff 00cf9300 DPL=0 DS   [-WA]
GS =0010 0000000000000000 ffffffff 00cf9300 DPL=0 DS   [-WA]
LDT=0000 0000000000000000 0000ffff 00008200 DPL=0 LDT
TR =0040 0000000000299ae0 0000006f 00208900 DPL=0 TSS64-avl
GDT=     0000000000271ce0 0000004f
IDT=     0000000000271d60 00000fff
CR0=80000013 CR2=0000000000000000 CR3=00000000001ba000 CR4=00000620
DR0=0000000000000000 DR1=0000000000000000 DR2=0000000000000000 DR3=0000000000000000 
DR6=00000000ffff0ff0 DR7=0000000000000400
CCS=0000000000000091 CCD=fffffffffd0d9c6b CCO=EFLAGS
EFER=0000000000000500
Servicing hardware INT=0x20
   121: v=20 e=0000 i=0 cpl=0 IP=0008:0000000000111ff2 pc=0000000000111ff2 SP=0010:00000000001b9e60 env->regs[R_EAX]=000000000008bc1d
RAX=000000000008bc1d RBX=00000000cccccccd RCX=000000000000001b RDX=00000000000003f8
RSI=0000000000000000 RDI=00000000fee00000 RBP=00000000001b9ff0 RSP=00000000001b9e60
R8 =0000000000000001 R9 =0000000000000000 R10=00000000002f7000 R11=000000000000005e
R12=0000000000000000 R13=0000000000000001 R14=0000000000000001 R15=0000000000008003
RIP=0000000000111ff2 RFL=00000293 [--S-A-C] CPL=0 II=0 A20=1 SMM=0 HLT=0
ES =0010 0000000000000000 ffffffff 00cf9300 DPL=0 DS   [-WA]
CS =0008 0000000000000000 ffffffff 00af9a00 DPL=0 CS64 [-R-]
SS =0010 0000000000000000 ffffffff 00cf9300 DPL=0 DS   [-WA]
DS =0010 0000000000000000 ffffffff 00cf9300 DPL=0 DS   [-WA]
FS =0010 0000000000000000 ffffffff 00cf9300 DPL=0 DS   [-WA]
GS =0010 0000000000000000 ffffffff 00cf9300 DPL=0 DS   [-WA]
LDT=0000 0000000000000000 0000ffff 00008200 DPL=0 LDT
TR =0040 0000000000299ae0 0000006f 00208900 DPL=0 TSS64-avl
GDT=     0000000000271ce0 0000004f
IDT=     0000000000271d60 00000fff
CR0=80000013 CR2=0000000000000000 CR3=00000000001ba000 CR4=00000620
DR0=0000000000000000 DR1=0000000000000000 DR2=0000000000000000 DR3=0000000000000000 
DR6=00000000ffff0ff0 DR7=0000000000000400
CCS=0000000000000091 CCD=fffffffffd0dcb9d CCO=EFLAGS
EFER=0000000000000500
Servicing hardware INT=0x20
   122: v=20 e=0000 i=0 cpl=0 IP=0008:0000000000111ff2 pc=0000000000111ff2 SP=0010:00000000001b9e60 env->regs[R_EAX]=000000000008c7f5
RAX=000000000008c7f5 RBX=00000000cccccccd RCX=000000000000001b RDX=00000000000003f8
RSI=0000000000000000 RDI=00000000fee00000 RBP=00000000001b9ff0 RSP=00000000001b9e60
R8 =0000000000000001 R9 =0000000000000000 R10=00000000002f7000 R11=000000000000005e
R12=0000000000000000 R13=0000000000000001 R14=0000000000000001 R15=0000000000008003
RIP=0000000000111ff2 RFL=00000293 [--S-A-C] CPL=0 II=0 A20=1 SMM=0 HLT=0
ES =0010 0000000000000000 ffffffff 00cf9300 DPL=0 DS   [-WA]
CS =0008 0000000000000000 ffffffff 00af9a00 DPL=0 CS64 [-R-]
SS =0010 0000000000000000 ffffffff 00cf9300 DPL=0 DS   [-WA]
DS =0010 0000000000000000 ffffffff 00cf9300 DPL=0 DS   [-WA]
FS =0010 0000000000000000 ffffffff 00cf9300 DPL=0 DS   [-WA]
GS =0010 0000000000000000 ffffffff 00cf9300 DPL=0 DS   [-WA]
LDT=0000 0000000000000000 0000ffff 00008200 DPL=0 LDT
TR =0040 0000000000299ae0 0000006f 00208900 DPL=0 TSS64-avl
GDT=     0000000000271ce0 0000004f
IDT=     0000000000271d60 00000fff
CR0=80000013 CR2=0000000000000000 CR3=00000000001ba000 CR4=00000620
DR0=0000000000000000 DR1=0000000000000000 DR2=0000000000000000 DR3=0000000000000000 
DR6=00000000ffff0ff0 DR7=0000000000000400
CCS=0000000000000091 CCD=fffffffffd0dd775 CCO=EFLAGS
EFER=0000000000000500
Servicing hardware INT=0x20
   123: v=20 e=0000 i=0 cpl=0 IP=0008:0000000000111ff2 pc=0000000000111ff2 SP=0010:00000000001b9e60 env->regs[R_EAX]=000000000008f7a7
RAX=000000000008f7a7 RBX=00000000cccccccd RCX=000000000000001b RDX=00000000000003f8
RSI=0000000000000000 RDI=00000000fee00000 RBP=00000000001b9ff0 RSP=00000000001b9e60
R8 =0000000000000001 R9 =0000000000000000 R10=00000000002f7000 R11=000000000000005e
R12=0000000000000000 R13=0000000000000001 R14=0000000000000001 R15=0000000000008003
RIP=0000000000111ff2 RFL=00000297 [--S-APC] CPL=0 II=0 A20=1 SMM=0 HLT=0
ES =0010 0000000000000000 ffffffff 00cf9300 DPL=0 DS   [-WA]
CS =0008 0000000000000000 ffffffff 00af9a00 DPL=0 CS64 [-R-]
SS =0010 0000000000000000 ffffffff 00cf9300 DPL=0 DS   [-WA]
DS =0010 0000000000000000 ffffffff 00cf9300 DPL=0 DS   [-WA]
FS =0010 0000000000000000 ffffffff 00cf9300 DPL=0 DS   [-WA]
GS =0010 0000000000000000 ffffffff 00cf9300 DPL=0 DS   [-WA]
LDT=0000 0000000000000000 0000ffff 00008200 DPL=0 LDT
TR =0040 0000000000299ae0 0000006f 00208900 DPL=0 TSS64-avl
GDT=     0000000000271ce0 0000004f
IDT=     0000000000271d60 00000fff
CR0=80000013 CR2=0000000000000000 CR3=00000000001ba000 CR4=00000620
DR0=0000000000000000 DR1=0000000000000000 DR2=0000000000000000 DR3=0000000000000000 
DR6=00000000ffff0ff0 DR7=0000000000000400
CCS=0000000000000095 CCD=fffffffffd0e0727 CCO=EFLAGS
EFER=0000000000000500
Servicing hardware INT=0x20
   124: v=20 e=0000 i=0 cpl=0 IP=0008:0000000000111ff2 pc=0000000000111ff2 SP=0010:00000000001b9e60 env->regs[R_EAX]=00000000000902d4
RAX=00000000000902d4 RBX=00000000cccccccd RCX=000000000000001b RDX=00000000000003f8
RSI=0000000000000000 RDI=00000000fee00000 RBP=00000000001b9ff0 RSP=00000000001b9e60
R8 =0000000000000001 R9 =0000000000000000 R10=00000000002f7000 R11=000000000000005e
R12=0000000000000000 R13=0000000000000001 R14=0000000000000001 R15=0000000000008003
RIP=0000000000111ff2 RFL=00000293 [--S-A-C] CPL=0 II=0 A20=1 SMM=0 HLT=0
ES =0010 0000000000000000 ffffffff 00cf9300 DPL=0 DS   [-WA]
CS =0008 0000000000000000 ffffffff 00af9a00 DPL=0 CS64 [-R-]
SS =0010 0000000000000000 ffffffff 00cf9300 DPL=0 DS   [-WA]
DS =0010 0000000000000000 ffffffff 00cf9300 DPL=0 DS   [-WA]
FS =0010 0000000000000000 ffffffff 00cf9300 DPL=0 DS   [-WA]
GS =0010 0000000000000000 ffffffff 00cf9300 DPL=0 DS   [-WA]
LDT=0000 0000000000000000 0000ffff 00008200 DPL=0 LDT
TR =0040 0000000000299ae0 0000006f 00208900 DPL=0 TSS64-avl
GDT=     0000000000271ce0 0000004f
IDT=     0000000000271d60 00000fff
CR0=80000013 CR2=0000000000000000 CR3=00000000001ba000 CR4=00000620
DR0=0000000000000000 DR1=0000000000000000 DR2=0000000000000000 DR3=0000000000000000 
DR6=00000000ffff0ff0 DR7=0000000000000400
CCS=0000000000000091 CCD=fffffffffd0e1254 CCO=EFLAGS
EFER=0000000000000500
Servicing hardware INT=0x20
   125: v=20 e=0000 i=0 cpl=0 IP=0008:0000000000111ff2 pc=0000000000111ff2 SP=0010:00000000001b9e60 env->regs[R_EAX]=0000000000093267
RAX=0000000000093267 RBX=00000000cccccccd RCX=000000000000001b RDX=00000000000003f8
RSI=0000000000000000 RDI=00000000fee00000 RBP=00000000001b9ff0 RSP=00000000001b9e60
R8 =0000000000000001 R9 =0000000000000000 R10=00000000002f7000 R11=000000000000005e
R12=0000000000000000 R13=0000000000000001 R14=0000000000000001 R15=0000000000008003
RIP=0000000000111ff2 RFL=00000297 [--S-APC] CPL=0 II=0 A20=1 SMM=0 HLT=0
ES =0010 0000000000000000 ffffffff 00cf9300 DPL=0 DS   [-WA]
CS =0008 0000000000000000 ffffffff 00af9a00 DPL=0 CS64 [-R-]
SS =0010 0000000000000000 ffffffff 00cf9300 DPL=0 DS   [-WA]
DS =0010 0000000000000000 ffffffff 00cf9300 DPL=0 DS   [-WA]
FS =0010 0000000000000000 ffffffff 00cf9300 DPL=0 DS   [-WA]
GS =0010 0000000000000000 ffffffff 00cf9300 DPL=0 DS   [-WA]
LDT=0000 0000000000000000 0000ffff 00008200 DPL=0 LDT
TR =0040 0000000000299ae0 0000006f 00208900 DPL=0 TSS64-avl
GDT=     0000000000271ce0 0000004f
IDT=     0000000000271d60 00000fff
CR0=80000013 CR2=0000000000000000 CR3=00000000001ba000 CR4=00000620
DR0=0000000000000000 DR1=0000000000000000 DR2=0000000000000000 DR3=0000000000000000 
DR6=00000000ffff0ff0 DR7=0000000000000400
CCS=0000000000000095 CCD=fffffffffd0e41e7 CCO=EFLAGS
EFER=0000000000000500
Servicing hardware INT=0x20
   126: v=20 e=0000 i=0 cpl=0 IP=0008:0000000000111ff2 pc=0000000000111ff2 SP=0010:00000000001b9e60 env->regs[R_EAX]=0000000000093a67
RAX=0000000000093a67 RBX=00000000cccccccd RCX=000000000000001b RDX=00000000000003f8
RSI=0000000000000000 RDI=00000000fee00000 RBP=00000000001b9ff0 RSP=00000000001b9e60
R8 =0000000000000001 R9 =0000000000000000 R10=00000000002f7000 R11=000000000000005e
R12=0000000000000000 R13=0000000000000001 R14=0000000000000001 R15=0000000000008003
RIP=0000000000111ff2 RFL=00000297 [--S-APC] CPL=0 II=0 A20=1 SMM=0 HLT=0
ES =0010 0000000000000000 ffffffff 00cf9300 DPL=0 DS   [-WA]
CS =0008 0000000000000000 ffffffff 00af9a00 DPL=0 CS64 [-R-]
SS =0010 0000000000000000 ffffffff 00cf9300 DPL=0 DS   [-WA]
DS =0010 0000000000000000 ffffffff 00cf9300 DPL=0 DS   [-WA]
FS =0010 0000000000000000 ffffffff 00cf9300 DPL=0 DS   [-WA]
GS =0010 0000000000000000 ffffffff 00cf9300 DPL=0 DS   [-WA]
LDT=0000 0000000000000000 0000ffff 00008200 DPL=0 LDT
TR =0040 0000000000299ae0 0000006f 00208900 DPL=0 TSS64-avl
GDT=     0000000000271ce0 0000004f
IDT=     0000000000271d60 00000fff
CR0=80000013 CR2=0000000000000000 CR3=00000000001ba000 CR4=00000620
DR0=0000000000000000 DR1=0000000000000000 DR2=0000000000000000 DR3=0000000000000000 
DR6=00000000ffff0ff0 DR7=0000000000000400
CCS=0000000000000095 CCD=fffffffffd0e49e7 CCO=EFLAGS
EFER=0000000000000500
Servicing hardware INT=0x20
   127: v=20 e=0000 i=0 cpl=0 IP=0008:0000000000111ff2 pc=0000000000111ff2 SP=0010:00000000001b9e60 env->regs[R_EAX]=00000000000960eb
RAX=00000000000960eb RBX=00000000cccccccd RCX=000000000000001b RDX=00000000000003f8
RSI=0000000000000000 RDI=00000000fee00000 RBP=00000000001b9ff0 RSP=00000000001b9e60
R8 =0000000000000001 R9 =0000000000000000 R10=00000000002f7000 R11=000000000000005e
R12=0000000000000000 R13=0000000000000001 R14=0000000000000001 R15=0000000000008003
RIP=0000000000111ff2 RFL=00000293 [--S-A-C] CPL=0 II=0 A20=1 SMM=0 HLT=0
ES =0010 0000000000000000 ffffffff 00cf9300 DPL=0 DS   [-WA]
CS =0008 0000000000000000 ffffffff 00af9a00 DPL=0 CS64 [-R-]
SS =0010 0000000000000000 ffffffff 00cf9300 DPL=0 DS   [-WA]
DS =0010 0000000000000000 ffffffff 00cf9300 DPL=0 DS   [-WA]
FS =0010 0000000000000000 ffffffff 00cf9300 DPL=0 DS   [-WA]
GS =0010 0000000000000000 ffffffff 00cf9300 DPL=0 DS   [-WA]
LDT=0000 0000000000000000 0000ffff 00008200 DPL=0 LDT
TR =0040 0000000000299ae0 0000006f 00208900 DPL=0 TSS64-avl
GDT=     0000000000271ce0 0000004f
IDT=     0000000000271d60 00000fff
CR0=80000013 CR2=0000000000000000 CR3=00000000001ba000 CR4=00000620
DR0=0000000000000000 DR1=0000000000000000 DR2=0000000000000000 DR3=0000000000000000 
DR6=00000000ffff0ff0 DR7=0000000000000400
CCS=0000000000000091 CCD=fffffffffd0e706b CCO=EFLAGS
EFER=0000000000000500
Servicing hardware INT=0x20
   128: v=20 e=0000 i=0 cpl=0 IP=0008:0000000000111ff2 pc=0000000000111ff2 SP=0010:00000000001b9e60 env->regs[R_EAX]=0000000000097541
RAX=0000000000097541 RBX=00000000cccccccd RCX=000000000000001b RDX=00000000000003f8
RSI=0000000000000000 RDI=00000000fee00000 RBP=00000000001b9ff0 RSP=00000000001b9e60
R8 =0000000000000001 R9 =0000000000000000 R10=00000000002f7000 R11=000000000000005e
R12=0000000000000000 R13=0000000000000001 R14=0000000000000001 R15=0000000000008003
RIP=0000000000111ff2 RFL=00000293 [--S-A-C] CPL=0 II=0 A20=1 SMM=0 HLT=0
ES =0010 0000000000000000 ffffffff 00cf9300 DPL=0 DS   [-WA]
CS =0008 0000000000000000 ffffffff 00af9a00 DPL=0 CS64 [-R-]
SS =0010 0000000000000000 ffffffff 00cf9300 DPL=0 DS   [-WA]
DS =0010 0000000000000000 ffffffff 00cf9300 DPL=0 DS   [-WA]
FS =0010 0000000000000000 ffffffff 00cf9300 DPL=0 DS   [-WA]
GS =0010 0000000000000000 ffffffff 00cf9300 DPL=0 DS   [-WA]
LDT=0000 0000000000000000 0000ffff 00008200 DPL=0 LDT
TR =0040 0000000000299ae0 0000006f 00208900 DPL=0 TSS64-avl
GDT=     0000000000271ce0 0000004f
IDT=     0000000000271d60 00000fff
CR0=80000013 CR2=0000000000000000 CR3=00000000001ba000 CR4=00000620
DR0=0000000000000000 DR1=0000000000000000 DR2=0000000000000000 DR3=0000000000000000 
DR6=00000000ffff0ff0 DR7=0000000000000400
CCS=0000000000000091 CCD=fffffffffd0e84c1 CCO=EFLAGS
EFER=0000000000000500
Servicing hardware INT=0x20
   129: v=20 e=0000 i=0 cpl=0 IP=0008:0000000000111ff2 pc=0000000000111ff2 SP=0010:00000000001b9e60 env->regs[R_EAX]=0000000000099c7c
RAX=0000000000099c7c RBX=00000000cccccccd RCX=000000000000001b RDX=00000000000003f8
RSI=0000000000000000 RDI=00000000fee00000 RBP=00000000001b9ff0 RSP=00000000001b9e60
R8 =0000000000000001 R9 =0000000000000000 R10=00000000002f7000 R11=000000000000005e
R12=0000000000000000 R13=0000000000000001 R14=0000000000000001 R15=0000000000008003
RIP=0000000000111ff2 RFL=00000297 [--S-APC] CPL=0 II=0 A20=1 SMM=0 HLT=0
ES =0010 0000000000000000 ffffffff 00cf9300 DPL=0 DS   [-WA]
CS =0008 0000000000000000 ffffffff 00af9a00 DPL=0 CS64 [-R-]
SS =0010 0000000000000000 ffffffff 00cf9300 DPL=0 DS   [-WA]
DS =0010 0000000000000000 ffffffff 00cf9300 DPL=0 DS   [-WA]
FS =0010 0000000000000000 ffffffff 00cf9300 DPL=0 DS   [-WA]
GS =0010 0000000000000000 ffffffff 00cf9300 DPL=0 DS   [-WA]
LDT=0000 0000000000000000 0000ffff 00008200 DPL=0 LDT
TR =0040 0000000000299ae0 0000006f 00208900 DPL=0 TSS64-avl
GDT=     0000000000271ce0 0000004f
IDT=     0000000000271d60 00000fff
CR0=80000013 CR2=0000000000000000 CR3=00000000001ba000 CR4=00000620
DR0=0000000000000000 DR1=0000000000000000 DR2=0000000000000000 DR3=0000000000000000 
DR6=00000000ffff0ff0 DR7=0000000000000400
CCS=0000000000000095 CCD=fffffffffd0eabfc CCO=EFLAGS
EFER=0000000000000500
Servicing hardware INT=0x20
   130: v=20 e=0000 i=0 cpl=0 IP=0008:0000000000111ff2 pc=0000000000111ff2 SP=0010:00000000001b9e60 env->regs[R_EAX]=000000000009a791
RAX=000000000009a791 RBX=00000000cccccccd RCX=000000000000001b RDX=00000000000003f8
RSI=0000000000000000 RDI=00000000fee00000 RBP=00000000001b9ff0 RSP=00000000001b9e60
R8 =0000000000000001 R9 =0000000000000000 R10=00000000002f7000 R11=000000000000005e
R12=0000000000000000 R13=0000000000000001 R14=0000000000000001 R15=0000000000008003
RIP=0000000000111ff2 RFL=00000297 [--S-APC] CPL=0 II=0 A20=1 SMM=0 HLT=0
ES =0010 0000000000000000 ffffffff 00cf9300 DPL=0 DS   [-WA]
CS =0008 0000000000000000 ffffffff 00af9a00 DPL=0 CS64 [-R-]
SS =0010 0000000000000000 ffffffff 00cf9300 DPL=0 DS   [-WA]
DS =0010 0000000000000000 ffffffff 00cf9300 DPL=0 DS   [-WA]
FS =0010 0000000000000000 ffffffff 00cf9300 DPL=0 DS   [-WA]
GS =0010 0000000000000000 ffffffff 00cf9300 DPL=0 DS   [-WA]
LDT=0000 0000000000000000 0000ffff 00008200 DPL=0 LDT
TR =0040 0000000000299ae0 0000006f 00208900 DPL=0 TSS64-avl
GDT=     0000000000271ce0 0000004f
IDT=     0000000000271d60 00000fff
CR0=80000013 CR2=0000000000000000 CR3=00000000001ba000 CR4=00000620
DR0=0000000000000000 DR1=0000000000000000 DR2=0000000000000000 DR3=0000000000000000 
DR6=00000000ffff0ff0 DR7=0000000000000400
CCS=0000000000000095 CCD=fffffffffd0eb711 CCO=EFLAGS
EFER=0000000000000500
Servicing hardware INT=0x20
   131: v=20 e=0000 i=0 cpl=0 IP=0008:0000000000111ff2 pc=0000000000111ff2 SP=0010:00000000001b9e60 env->regs[R_EAX]=000000000009d724
RAX=000000000009d724 RBX=00000000cccccccd RCX=000000000000001b RDX=00000000000003f8
RSI=0000000000000000 RDI=00000000fee00000 RBP=00000000001b9ff0 RSP=00000000001b9e60
R8 =0000000000000001 R9 =0000000000000000 R10=00000000002f7000 R11=000000000000005e
R12=0000000000000000 R13=0000000000000001 R14=0000000000000001 R15=0000000000008003
RIP=0000000000111ff2 RFL=00000293 [--S-A-C] CPL=0 II=0 A20=1 SMM=0 HLT=0
ES =0010 0000000000000000 ffffffff 00cf9300 DPL=0 DS   [-WA]
CS =0008 0000000000000000 ffffffff 00af9a00 DPL=0 CS64 [-R-]
SS =0010 0000000000000000 ffffffff 00cf9300 DPL=0 DS   [-WA]
DS =0010 0000000000000000 ffffffff 00cf9300 DPL=0 DS   [-WA]
FS =0010 0000000000000000 ffffffff 00cf9300 DPL=0 DS   [-WA]
GS =0010 0000000000000000 ffffffff 00cf9300 DPL=0 DS   [-WA]
LDT=0000 0000000000000000 0000ffff 00008200 DPL=0 LDT
TR =0040 0000000000299ae0 0000006f 00208900 DPL=0 TSS64-avl
GDT=     0000000000271ce0 0000004f
IDT=     0000000000271d60 00000fff
CR0=80000013 CR2=0000000000000000 CR3=00000000001ba000 CR4=00000620
DR0=0000000000000000 DR1=0000000000000000 DR2=0000000000000000 DR3=0000000000000000 
DR6=00000000ffff0ff0 DR7=0000000000000400
CCS=0000000000000091 CCD=fffffffffd0ee6a4 CCO=EFLAGS
EFER=0000000000000500
Servicing hardware INT=0x20
   132: v=20 e=0000 i=0 cpl=0 IP=0008:0000000000111ff2 pc=0000000000111ff2 SP=0010:00000000001b9e60 env->regs[R_EAX]=000000000009e125
RAX=000000000009e125 RBX=00000000cccccccd RCX=000000000000001b RDX=00000000000003f8
RSI=0000000000000000 RDI=00000000fee00000 RBP=00000000001b9ff0 RSP=00000000001b9e60
R8 =0000000000000001 R9 =0000000000000000 R10=00000000002f7000 R11=000000000000005e
R12=0000000000000000 R13=0000000000000001 R14=0000000000000001 R15=0000000000008003
RIP=0000000000111ff2 RFL=00000297 [--S-APC] CPL=0 II=0 A20=1 SMM=0 HLT=0
ES =0010 0000000000000000 ffffffff 00cf9300 DPL=0 DS   [-WA]
CS =0008 0000000000000000 ffffffff 00af9a00 DPL=0 CS64 [-R-]
SS =0010 0000000000000000 ffffffff 00cf9300 DPL=0 DS   [-WA]
DS =0010 0000000000000000 ffffffff 00cf9300 DPL=0 DS   [-WA]
FS =0010 0000000000000000 ffffffff 00cf9300 DPL=0 DS   [-WA]
GS =0010 0000000000000000 ffffffff 00cf9300 DPL=0 DS   [-WA]
LDT=0000 0000000000000000 0000ffff 00008200 DPL=0 LDT
TR =0040 0000000000299ae0 0000006f 00208900 DPL=0 TSS64-avl
GDT=     0000000000271ce0 0000004f
IDT=     0000000000271d60 00000fff
CR0=80000013 CR2=0000000000000000 CR3=00000000001ba000 CR4=00000620
DR0=0000000000000000 DR1=0000000000000000 DR2=0000000000000000 DR3=0000000000000000 
DR6=00000000ffff0ff0 DR7=0000000000000400
CCS=0000000000000095 CCD=fffffffffd0ef0a5 CCO=EFLAGS
EFER=0000000000000500
Servicing hardware INT=0x20
   133: v=20 e=0000 i=0 cpl=0 IP=0008:0000000000111ff2 pc=0000000000111ff2 SP=0010:00000000001b9e60 env->regs[R_EAX]=00000000000a1021
RAX=00000000000a1021 RBX=00000000cccccccd RCX=000000000000001b RDX=00000000000003f8
RSI=0000000000000000 RDI=00000000fee00000 RBP=00000000001b9ff0 RSP=00000000001b9e60
R8 =0000000000000001 R9 =0000000000000000 R10=00000000002f7000 R11=000000000000005e
R12=0000000000000000 R13=0000000000000001 R14=0000000000000001 R15=0000000000008003
RIP=0000000000111ff2 RFL=00000293 [--S-A-C] CPL=0 II=0 A20=1 SMM=0 HLT=0
ES =0010 0000000000000000 ffffffff 00cf9300 DPL=0 DS   [-WA]
CS =0008 0000000000000000 ffffffff 00af9a00 DPL=0 CS64 [-R-]
SS =0010 0000000000000000 ffffffff 00cf9300 DPL=0 DS   [-WA]
DS =0010 0000000000000000 ffffffff 00cf9300 DPL=0 DS   [-WA]
FS =0010 0000000000000000 ffffffff 00cf9300 DPL=0 DS   [-WA]
GS =0010 0000000000000000 ffffffff 00cf9300 DPL=0 DS   [-WA]
LDT=0000 0000000000000000 0000ffff 00008200 DPL=0 LDT
TR =0040 0000000000299ae0 0000006f 00208900 DPL=0 TSS64-avl
GDT=     0000000000271ce0 0000004f
IDT=     0000000000271d60 00000fff
CR0=80000013 CR2=0000000000000000 CR3=00000000001ba000 CR4=00000620
DR0=0000000000000000 DR1=0000000000000000 DR2=0000000000000000 DR3=0000000000000000 
DR6=00000000ffff0ff0 DR7=0000000000000400
CCS=0000000000000091 CCD=fffffffffd0f1fa1 CCO=EFLAGS
EFER=0000000000000500
Servicing hardware INT=0x20
   134: v=20 e=0000 i=0 cpl=0 IP=0008:0000000000111ff2 pc=0000000000111ff2 SP=0010:00000000001b9e60 env->regs[R_EAX]=00000000000a1bda
RAX=00000000000a1bda RBX=00000000cccccccd RCX=000000000000001b RDX=00000000000003f8
RSI=0000000000000000 RDI=00000000fee00000 RBP=00000000001b9ff0 RSP=00000000001b9e60
R8 =0000000000000001 R9 =0000000000000000 R10=00000000002f7000 R11=000000000000005e
R12=0000000000000000 R13=0000000000000001 R14=0000000000000001 R15=0000000000008003
RIP=0000000000111ff2 RFL=00000297 [--S-APC] CPL=0 II=0 A20=1 SMM=0 HLT=0
ES =0010 0000000000000000 ffffffff 00cf9300 DPL=0 DS   [-WA]
CS =0008 0000000000000000 ffffffff 00af9a00 DPL=0 CS64 [-R-]
SS =0010 0000000000000000 ffffffff 00cf9300 DPL=0 DS   [-WA]
DS =0010 0000000000000000 ffffffff 00cf9300 DPL=0 DS   [-WA]
FS =0010 0000000000000000 ffffffff 00cf9300 DPL=0 DS   [-WA]
GS =0010 0000000000000000 ffffffff 00cf9300 DPL=0 DS   [-WA]
LDT=0000 0000000000000000 0000ffff 00008200 DPL=0 LDT
TR =0040 0000000000299ae0 0000006f 00208900 DPL=0 TSS64-avl
GDT=     0000000000271ce0 0000004f
IDT=     0000000000271d60 00000fff
CR0=80000013 CR2=0000000000000000 CR3=00000000001ba000 CR4=00000620
DR0=0000000000000000 DR1=0000000000000000 DR2=0000000000000000 DR3=0000000000000000 
DR6=00000000ffff0ff0 DR7=0000000000000400
CCS=0000000000000095 CCD=fffffffffd0f2b5a CCO=EFLAGS
EFER=0000000000000500
Servicing hardware INT=0x20
   135: v=20 e=0000 i=0 cpl=0 IP=0008:0000000000111ff2 pc=0000000000111ff2 SP=0010:00000000001b9e60 env->regs[R_EAX]=00000000000a4bdc
RAX=00000000000a4bdc RBX=00000000cccccccd RCX=000000000000001b RDX=00000000000003f8
RSI=0000000000000000 RDI=00000000fee00000 RBP=00000000001b9ff0 RSP=00000000001b9e60
R8 =0000000000000001 R9 =0000000000000000 R10=00000000002f7000 R11=000000000000005e
R12=0000000000000000 R13=0000000000000001 R14=0000000000000001 R15=0000000000008003
RIP=0000000000111ff2 RFL=00000297 [--S-APC] CPL=0 II=0 A20=1 SMM=0 HLT=0
ES =0010 0000000000000000 ffffffff 00cf9300 DPL=0 DS   [-WA]
CS =0008 0000000000000000 ffffffff 00af9a00 DPL=0 CS64 [-R-]
SS =0010 0000000000000000 ffffffff 00cf9300 DPL=0 DS   [-WA]
DS =0010 0000000000000000 ffffffff 00cf9300 DPL=0 DS   [-WA]
FS =0010 0000000000000000 ffffffff 00cf9300 DPL=0 DS   [-WA]
GS =0010 0000000000000000 ffffffff 00cf9300 DPL=0 DS   [-WA]
LDT=0000 0000000000000000 0000ffff 00008200 DPL=0 LDT
TR =0040 0000000000299ae0 0000006f 00208900 DPL=0 TSS64-avl
GDT=     0000000000271ce0 0000004f
IDT=     0000000000271d60 00000fff
CR0=80000013 CR2=0000000000000000 CR3=00000000001ba000 CR4=00000620
DR0=0000000000000000 DR1=0000000000000000 DR2=0000000000000000 DR3=0000000000000000 
DR6=00000000ffff0ff0 DR7=0000000000000400
CCS=0000000000000095 CCD=fffffffffd0f5b5c CCO=EFLAGS
EFER=0000000000000500
Servicing hardware INT=0x20
   136: v=20 e=0000 i=0 cpl=0 IP=0008:0000000000111ff2 pc=0000000000111ff2 SP=0010:00000000001b9e60 env->regs[R_EAX]=00000000000a582d
RAX=00000000000a582d RBX=00000000cccccccd RCX=000000000000001b RDX=00000000000003f8
RSI=0000000000000000 RDI=00000000fee00000 RBP=00000000001b9ff0 RSP=00000000001b9e60
R8 =0000000000000001 R9 =0000000000000000 R10=00000000002f7000 R11=000000000000005e
R12=0000000000000000 R13=0000000000000001 R14=0000000000000001 R15=0000000000008003
RIP=0000000000111ff2 RFL=00000293 [--S-A-C] CPL=0 II=0 A20=1 SMM=0 HLT=0
ES =0010 0000000000000000 ffffffff 00cf9300 DPL=0 DS   [-WA]
CS =0008 0000000000000000 ffffffff 00af9a00 DPL=0 CS64 [-R-]
SS =0010 0000000000000000 ffffffff 00cf9300 DPL=0 DS   [-WA]
DS =0010 0000000000000000 ffffffff 00cf9300 DPL=0 DS   [-WA]
FS =0010 0000000000000000 ffffffff 00cf9300 DPL=0 DS   [-WA]
GS =0010 0000000000000000 ffffffff 00cf9300 DPL=0 DS   [-WA]
LDT=0000 0000000000000000 0000ffff 00008200 DPL=0 LDT
TR =0040 0000000000299ae0 0000006f 00208900 DPL=0 TSS64-avl
GDT=     0000000000271ce0 0000004f
IDT=     0000000000271d60 00000fff
CR0=80000013 CR2=0000000000000000 CR3=00000000001ba000 CR4=00000620
DR0=0000000000000000 DR1=0000000000000000 DR2=0000000000000000 DR3=0000000000000000 
DR6=00000000ffff0ff0 DR7=0000000000000400
CCS=0000000000000091 CCD=fffffffffd0f67ad CCO=EFLAGS
EFER=0000000000000500
Servicing hardware INT=0x20
   137: v=20 e=0000 i=0 cpl=0 IP=0008:0000000000111ff2 pc=0000000000111ff2 SP=0010:00000000001b9e60 env->regs[R_EAX]=00000000000a8eb9
RAX=00000000000a8eb9 RBX=00000000cccccccd RCX=000000000000001b RDX=00000000000003f8
RSI=0000000000000000 RDI=00000000fee00000 RBP=00000000001b9ff0 RSP=00000000001b9e60
R8 =0000000000000001 R9 =0000000000000000 R10=00000000002f7000 R11=000000000000005e
R12=0000000000000000 R13=0000000000000001 R14=0000000000000001 R15=0000000000008003
RIP=0000000000111ff2 RFL=00000297 [--S-APC] CPL=0 II=0 A20=1 SMM=0 HLT=0
ES =0010 0000000000000000 ffffffff 00cf9300 DPL=0 DS   [-WA]
CS =0008 0000000000000000 ffffffff 00af9a00 DPL=0 CS64 [-R-]
SS =0010 0000000000000000 ffffffff 00cf9300 DPL=0 DS   [-WA]
DS =0010 0000000000000000 ffffffff 00cf9300 DPL=0 DS   [-WA]
FS =0010 0000000000000000 ffffffff 00cf9300 DPL=0 DS   [-WA]
GS =0010 0000000000000000 ffffffff 00cf9300 DPL=0 DS   [-WA]
LDT=0000 0000000000000000 0000ffff 00008200 DPL=0 LDT
TR =0040 0000000000299ae0 0000006f 00208900 DPL=0 TSS64-avl
GDT=     0000000000271ce0 0000004f
IDT=     0000000000271d60 00000fff
CR0=80000013 CR2=0000000000000000 CR3=00000000001ba000 CR4=00000620
DR0=0000000000000000 DR1=0000000000000000 DR2=0000000000000000 DR3=0000000000000000 
DR6=00000000ffff0ff0 DR7=0000000000000400
CCS=0000000000000095 CCD=fffffffffd0f9e39 CCO=EFLAGS
EFER=0000000000000500
Servicing hardware INT=0x20
   138: v=20 e=0000 i=0 cpl=0 IP=0008:0000000000111ff2 pc=0000000000111ff2 SP=0010:00000000001b9e60 env->regs[R_EAX]=00000000000a8eb9
RAX=00000000000a8eb9 RBX=00000000cccccccd RCX=000000000000001b RDX=00000000000003f8
RSI=0000000000000000 RDI=00000000fee00000 RBP=00000000001b9ff0 RSP=00000000001b9e60
R8 =0000000000000001 R9 =0000000000000000 R10=00000000002f7000 R11=000000000000005e
R12=0000000000000000 R13=0000000000000001 R14=0000000000000001 R15=0000000000008003
RIP=0000000000111ff2 RFL=00010297 [--S-APC] CPL=0 II=0 A20=1 SMM=0 HLT=0
ES =0010 0000000000000000 ffffffff 00cf9300 DPL=0 DS   [-WA]
CS =0008 0000000000000000 ffffffff 00af9a00 DPL=0 CS64 [-R-]
SS =0010 0000000000000000 ffffffff 00cf9300 DPL=0 DS   [-WA]
DS =0010 0000000000000000 ffffffff 00cf9300 DPL=0 DS   [-WA]
FS =0010 0000000000000000 ffffffff 00cf9300 DPL=0 DS   [-WA]
GS =0010 0000000000000000 ffffffff 00cf9300 DPL=0 DS   [-WA]
LDT=0000 0000000000000000 0000ffff 00008200 DPL=0 LDT
TR =0040 0000000000299ae0 0000006f 00208900 DPL=0 TSS64-avl
GDT=     0000000000271ce0 0000004f
IDT=     0000000000271d60 00000fff
CR0=80000013 CR2=0000000000000000 CR3=00000000001ba000 CR4=00000620
DR0=0000000000000000 DR1=0000000000000000 DR2=0000000000000000 DR3=0000000000000000 
DR6=00000000ffff0ff0 DR7=0000000000000400
CCS=0000000000000095 CCD=00000000001b9e38 CCO=EFLAGS
EFER=0000000000000500
Servicing hardware INT=0x20
   139: v=20 e=0000 i=0 cpl=0 IP=0008:0000000000111ff2 pc=0000000000111ff2 SP=0010:00000000001b9e60 env->regs[R_EAX]=00000000000ab0bd
RAX=00000000000ab0bd RBX=00000000cccccccd RCX=000000000000001b RDX=00000000000003f8
RSI=0000000000000000 RDI=00000000fee00000 RBP=00000000001b9ff0 RSP=00000000001b9e60
R8 =0000000000000001 R9 =0000000000000000 R10=00000000002f7000 R11=000000000000005e
R12=0000000000000000 R13=0000000000000001 R14=0000000000000001 R15=0000000000008003
RIP=0000000000111ff2 RFL=00000293 [--S-A-C] CPL=0 II=0 A20=1 SMM=0 HLT=0
ES =0010 0000000000000000 ffffffff 00cf9300 DPL=0 DS   [-WA]
CS =0008 0000000000000000 ffffffff 00af9a00 DPL=0 CS64 [-R-]
SS =0010 0000000000000000 ffffffff 00cf9300 DPL=0 DS   [-WA]
DS =0010 0000000000000000 ffffffff 00cf9300 DPL=0 DS   [-WA]
FS =0010 0000000000000000 ffffffff 00cf9300 DPL=0 DS   [-WA]
GS =0010 0000000000000000 ffffffff 00cf9300 DPL=0 DS   [-WA]
LDT=0000 0000000000000000 0000ffff 00008200 DPL=0 LDT
TR =0040 0000000000299ae0 0000006f 00208900 DPL=0 TSS64-avl
GDT=     0000000000271ce0 0000004f
IDT=     0000000000271d60 00000fff
CR0=80000013 CR2=0000000000000000 CR3=00000000001ba000 CR4=00000620
DR0=0000000000000000 DR1=0000000000000000 DR2=0000000000000000 DR3=0000000000000000 
DR6=00000000ffff0ff0 DR7=0000000000000400
CCS=0000000000000091 CCD=fffffffffd0fc03d CCO=EFLAGS
EFER=0000000000000500
Servicing hardware INT=0x20
   140: v=20 e=0000 i=0 cpl=0 IP=0008:0000000000111ff2 pc=0000000000111ff2 SP=0010:00000000001b9e60 env->regs[R_EAX]=00000000000ab5e8
RAX=00000000000ab5e8 RBX=00000000cccccccd RCX=000000000000001b RDX=00000000000003f8
RSI=0000000000000000 RDI=00000000fee00000 RBP=00000000001b9ff0 RSP=00000000001b9e60
R8 =0000000000000001 R9 =0000000000000000 R10=00000000002f7000 R11=000000000000005e
R12=0000000000000000 R13=0000000000000001 R14=0000000000000001 R15=0000000000008003
RIP=0000000000111ff2 RFL=00000293 [--S-A-C] CPL=0 II=0 A20=1 SMM=0 HLT=0
ES =0010 0000000000000000 ffffffff 00cf9300 DPL=0 DS   [-WA]
CS =0008 0000000000000000 ffffffff 00af9a00 DPL=0 CS64 [-R-]
SS =0010 0000000000000000 ffffffff 00cf9300 DPL=0 DS   [-WA]
DS =0010 0000000000000000 ffffffff 00cf9300 DPL=0 DS   [-WA]
FS =0010 0000000000000000 ffffffff 00cf9300 DPL=0 DS   [-WA]
GS =0010 0000000000000000 ffffffff 00cf9300 DPL=0 DS   [-WA]
LDT=0000 0000000000000000 0000ffff 00008200 DPL=0 LDT
TR =0040 0000000000299ae0 0000006f 00208900 DPL=0 TSS64-avl
GDT=     0000000000271ce0 0000004f
IDT=     0000000000271d60 00000fff
CR0=80000013 CR2=0000000000000000 CR3=00000000001ba000 CR4=00000620
DR0=0000000000000000 DR1=0000000000000000 DR2=0000000000000000 DR3=0000000000000000 
DR6=00000000ffff0ff0 DR7=0000000000000400
CCS=0000000000000091 CCD=fffffffffd0fc568 CCO=EFLAGS
EFER=0000000000000500
Servicing hardware INT=0x20
   141: v=20 e=0000 i=0 cpl=0 IP=0008:0000000000111ff2 pc=0000000000111ff2 SP=0010:00000000001b9e60 env->regs[R_EAX]=00000000000ae683
RAX=00000000000ae683 RBX=00000000cccccccd RCX=000000000000001b RDX=00000000000003f8
RSI=0000000000000000 RDI=00000000fee00000 RBP=00000000001b9ff0 RSP=00000000001b9e60
R8 =0000000000000001 R9 =0000000000000000 R10=00000000002f7000 R11=000000000000005e
R12=0000000000000000 R13=0000000000000001 R14=0000000000000001 R15=0000000000008003
RIP=0000000000111ff2 RFL=00000297 [--S-APC] CPL=0 II=0 A20=1 SMM=0 HLT=0
ES =0010 0000000000000000 ffffffff 00cf9300 DPL=0 DS   [-WA]
CS =0008 0000000000000000 ffffffff 00af9a00 DPL=0 CS64 [-R-]
SS =0010 0000000000000000 ffffffff 00cf9300 DPL=0 DS   [-WA]
DS =0010 0000000000000000 ffffffff 00cf9300 DPL=0 DS   [-WA]
FS =0010 0000000000000000 ffffffff 00cf9300 DPL=0 DS   [-WA]
GS =0010 0000000000000000 ffffffff 00cf9300 DPL=0 DS   [-WA]
LDT=0000 0000000000000000 0000ffff 00008200 DPL=0 LDT
TR =0040 0000000000299ae0 0000006f 00208900 DPL=0 TSS64-avl
GDT=     0000000000271ce0 0000004f
IDT=     0000000000271d60 00000fff
CR0=80000013 CR2=0000000000000000 CR3=00000000001ba000 CR4=00000620
DR0=0000000000000000 DR1=0000000000000000 DR2=0000000000000000 DR3=0000000000000000 
DR6=00000000ffff0ff0 DR7=0000000000000400
CCS=0000000000000095 CCD=fffffffffd0ff603 CCO=EFLAGS
EFER=0000000000000500
Servicing hardware INT=0x20
   142: v=20 e=0000 i=0 cpl=0 IP=0008:0000000000111ff2 pc=0000000000111ff2 SP=0010:00000000001b9e60 env->regs[R_EAX]=00000000000af1bf
RAX=00000000000af1bf RBX=00000000cccccccd RCX=000000000000001b RDX=00000000000003f8
RSI=0000000000000000 RDI=00000000fee00000 RBP=00000000001b9ff0 RSP=00000000001b9e60
R8 =0000000000000001 R9 =0000000000000000 R10=00000000002f7000 R11=000000000000005e
R12=0000000000000000 R13=0000000000000001 R14=0000000000000001 R15=0000000000008003
RIP=0000000000111ff2 RFL=00000297 [--S-APC] CPL=0 II=0 A20=1 SMM=0 HLT=0
ES =0010 0000000000000000 ffffffff 00cf9300 DPL=0 DS   [-WA]
CS =0008 0000000000000000 ffffffff 00af9a00 DPL=0 CS64 [-R-]
SS =0010 0000000000000000 ffffffff 00cf9300 DPL=0 DS   [-WA]
DS =0010 0000000000000000 ffffffff 00cf9300 DPL=0 DS   [-WA]
FS =0010 0000000000000000 ffffffff 00cf9300 DPL=0 DS   [-WA]
GS =0010 0000000000000000 ffffffff 00cf9300 DPL=0 DS   [-WA]
LDT=0000 0000000000000000 0000ffff 00008200 DPL=0 LDT
TR =0040 0000000000299ae0 0000006f 00208900 DPL=0 TSS64-avl
GDT=     0000000000271ce0 0000004f
IDT=     0000000000271d60 00000fff
CR0=80000013 CR2=0000000000000000 CR3=00000000001ba000 CR4=00000620
DR0=0000000000000000 DR1=0000000000000000 DR2=0000000000000000 DR3=0000000000000000 
DR6=00000000ffff0ff0 DR7=0000000000000400
CCS=0000000000000095 CCD=fffffffffd10013f CCO=EFLAGS
EFER=0000000000000500
Servicing hardware INT=0x20
   143: v=20 e=0000 i=0 cpl=0 IP=0008:0000000000111ff2 pc=0000000000111ff2 SP=0010:00000000001b9e60 env->regs[R_EAX]=00000000000b1aee
RAX=00000000000b1aee RBX=00000000cccccccd RCX=000000000000001b RDX=00000000000003f8
RSI=0000000000000000 RDI=00000000fee00000 RBP=00000000001b9ff0 RSP=00000000001b9e60
R8 =0000000000000001 R9 =0000000000000000 R10=00000000002f7000 R11=000000000000005e
R12=0000000000000000 R13=0000000000000001 R14=0000000000000001 R15=0000000000008003
RIP=0000000000111ff2 RFL=00000293 [--S-A-C] CPL=0 II=0 A20=1 SMM=0 HLT=0
ES =0010 0000000000000000 ffffffff 00cf9300 DPL=0 DS   [-WA]
CS =0008 0000000000000000 ffffffff 00af9a00 DPL=0 CS64 [-R-]
SS =0010 0000000000000000 ffffffff 00cf9300 DPL=0 DS   [-WA]
DS =0010 0000000000000000 ffffffff 00cf9300 DPL=0 DS   [-WA]
FS =0010 0000000000000000 ffffffff 00cf9300 DPL=0 DS   [-WA]
GS =0010 0000000000000000 ffffffff 00cf9300 DPL=0 DS   [-WA]
LDT=0000 0000000000000000 0000ffff 00008200 DPL=0 LDT
TR =0040 0000000000299ae0 0000006f 00208900 DPL=0 TSS64-avl
GDT=     0000000000271ce0 0000004f
IDT=     0000000000271d60 00000fff
CR0=80000013 CR2=0000000000000000 CR3=00000000001ba000 CR4=00000620
DR0=0000000000000000 DR1=0000000000000000 DR2=0000000000000000 DR3=0000000000000000 
DR6=00000000ffff0ff0 DR7=0000000000000400
CCS=0000000000000091 CCD=fffffffffd102a6e CCO=EFLAGS
EFER=0000000000000500
Servicing hardware INT=0x20
   144: v=20 e=0000 i=0 cpl=0 IP=0008:0000000000111ff2 pc=0000000000111ff2 SP=0010:00000000001b9e60 env->regs[R_EAX]=00000000000b1fc5
RAX=00000000000b1fc5 RBX=00000000cccccccd RCX=000000000000001b RDX=00000000000003f8
RSI=0000000000000000 RDI=00000000fee00000 RBP=00000000001b9ff0 RSP=00000000001b9e60
R8 =0000000000000001 R9 =0000000000000000 R10=00000000002f7000 R11=000000000000005e
R12=0000000000000000 R13=0000000000000001 R14=0000000000000001 R15=0000000000008003
RIP=0000000000111ff2 RFL=00000293 [--S-A-C] CPL=0 II=0 A20=1 SMM=0 HLT=0
ES =0010 0000000000000000 ffffffff 00cf9300 DPL=0 DS   [-WA]
CS =0008 0000000000000000 ffffffff 00af9a00 DPL=0 CS64 [-R-]
SS =0010 0000000000000000 ffffffff 00cf9300 DPL=0 DS   [-WA]
DS =0010 0000000000000000 ffffffff 00cf9300 DPL=0 DS   [-WA]
FS =0010 0000000000000000 ffffffff 00cf9300 DPL=0 DS   [-WA]
GS =0010 0000000000000000 ffffffff 00cf9300 DPL=0 DS   [-WA]
LDT=0000 0000000000000000 0000ffff 00008200 DPL=0 LDT
TR =0040 0000000000299ae0 0000006f 00208900 DPL=0 TSS64-avl
GDT=     0000000000271ce0 0000004f
IDT=     0000000000271d60 00000fff
CR0=80000013 CR2=0000000000000000 CR3=00000000001ba000 CR4=00000620
DR0=0000000000000000 DR1=0000000000000000 DR2=0000000000000000 DR3=0000000000000000 
DR6=00000000ffff0ff0 DR7=0000000000000400
CCS=0000000000000091 CCD=fffffffffd102f45 CCO=EFLAGS
EFER=0000000000000500
Servicing hardware INT=0x20
   145: v=20 e=0000 i=0 cpl=0 IP=0008:0000000000111ff2 pc=0000000000111ff2 SP=0010:00000000001b9e60 env->regs[R_EAX]=00000000000b50ec
RAX=00000000000b50ec RBX=00000000cccccccd RCX=000000000000001b RDX=00000000000003f8
RSI=0000000000000000 RDI=00000000fee00000 RBP=00000000001b9ff0 RSP=00000000001b9e60
R8 =0000000000000001 R9 =0000000000000000 R10=00000000002f7000 R11=000000000000005e
R12=0000000000000000 R13=0000000000000001 R14=0000000000000001 R15=0000000000008003
RIP=0000000000111ff2 RFL=00000297 [--S-APC] CPL=0 II=0 A20=1 SMM=0 HLT=0
ES =0010 0000000000000000 ffffffff 00cf9300 DPL=0 DS   [-WA]
CS =0008 0000000000000000 ffffffff 00af9a00 DPL=0 CS64 [-R-]
SS =0010 0000000000000000 ffffffff 00cf9300 DPL=0 DS   [-WA]
DS =0010 0000000000000000 ffffffff 00cf9300 DPL=0 DS   [-WA]
FS =0010 0000000000000000 ffffffff 00cf9300 DPL=0 DS   [-WA]
GS =0010 0000000000000000 ffffffff 00cf9300 DPL=0 DS   [-WA]
LDT=0000 0000000000000000 0000ffff 00008200 DPL=0 LDT
TR =0040 0000000000299ae0 0000006f 00208900 DPL=0 TSS64-avl
GDT=     0000000000271ce0 0000004f
IDT=     0000000000271d60 00000fff
CR0=80000013 CR2=0000000000000000 CR3=00000000001ba000 CR4=00000620
DR0=0000000000000000 DR1=0000000000000000 DR2=0000000000000000 DR3=0000000000000000 
DR6=00000000ffff0ff0 DR7=0000000000000400
CCS=0000000000000095 CCD=fffffffffd10606c CCO=EFLAGS
EFER=0000000000000500
Servicing hardware INT=0x20
   146: v=20 e=0000 i=0 cpl=0 IP=0008:0000000000111ff2 pc=0000000000111ff2 SP=0010:00000000001b9e60 env->regs[R_EAX]=00000000000b5dbd
RAX=00000000000b5dbd RBX=00000000cccccccd RCX=000000000000001b RDX=00000000000003f8
RSI=0000000000000000 RDI=00000000fee00000 RBP=00000000001b9ff0 RSP=00000000001b9e60
R8 =0000000000000001 R9 =0000000000000000 R10=00000000002f7000 R11=000000000000005e
R12=0000000000000000 R13=0000000000000001 R14=0000000000000001 R15=0000000000008003
RIP=0000000000111ff2 RFL=00000293 [--S-A-C] CPL=0 II=0 A20=1 SMM=0 HLT=0
ES =0010 0000000000000000 ffffffff 00cf9300 DPL=0 DS   [-WA]
CS =0008 0000000000000000 ffffffff 00af9a00 DPL=0 CS64 [-R-]
SS =0010 0000000000000000 ffffffff 00cf9300 DPL=0 DS   [-WA]
DS =0010 0000000000000000 ffffffff 00cf9300 DPL=0 DS   [-WA]
FS =0010 0000000000000000 ffffffff 00cf9300 DPL=0 DS   [-WA]
GS =0010 0000000000000000 ffffffff 00cf9300 DPL=0 DS   [-WA]
LDT=0000 0000000000000000 0000ffff 00008200 DPL=0 LDT
TR =0040 0000000000299ae0 0000006f 00208900 DPL=0 TSS64-avl
GDT=     0000000000271ce0 0000004f
IDT=     0000000000271d60 00000fff
CR0=80000013 CR2=0000000000000000 CR3=00000000001ba000 CR4=00000620
DR0=0000000000000000 DR1=0000000000000000 DR2=0000000000000000 DR3=0000000000000000 
DR6=00000000ffff0ff0 DR7=0000000000000400
CCS=0000000000000091 CCD=fffffffffd106d3d CCO=EFLAGS
EFER=0000000000000500
Servicing hardware INT=0x20
   147: v=20 e=0000 i=0 cpl=0 IP=0008:0000000000111ff2 pc=0000000000111ff2 SP=0010:00000000001b9e60 env->regs[R_EAX]=00000000000b8cd9
RAX=00000000000b8cd9 RBX=00000000cccccccd RCX=000000000000001b RDX=00000000000003f8
RSI=0000000000000000 RDI=00000000fee00000 RBP=00000000001b9ff0 RSP=00000000001b9e60
R8 =0000000000000001 R9 =0000000000000000 R10=00000000002f7000 R11=000000000000005e
R12=0000000000000000 R13=0000000000000001 R14=0000000000000001 R15=0000000000008003
RIP=0000000000111ff2 RFL=00000297 [--S-APC] CPL=0 II=0 A20=1 SMM=0 HLT=0
ES =0010 0000000000000000 ffffffff 00cf9300 DPL=0 DS   [-WA]
CS =0008 0000000000000000 ffffffff 00af9a00 DPL=0 CS64 [-R-]
SS =0010 0000000000000000 ffffffff 00cf9300 DPL=0 DS   [-WA]
DS =0010 0000000000000000 ffffffff 00cf9300 DPL=0 DS   [-WA]
FS =0010 0000000000000000 ffffffff 00cf9300 DPL=0 DS   [-WA]
GS =0010 0000000000000000 ffffffff 00cf9300 DPL=0 DS   [-WA]
LDT=0000 0000000000000000 0000ffff 00008200 DPL=0 LDT
TR =0040 0000000000299ae0 0000006f 00208900 DPL=0 TSS64-avl
GDT=     0000000000271ce0 0000004f
IDT=     0000000000271d60 00000fff
CR0=80000013 CR2=0000000000000000 CR3=00000000001ba000 CR4=00000620
DR0=0000000000000000 DR1=0000000000000000 DR2=0000000000000000 DR3=0000000000000000 
DR6=00000000ffff0ff0 DR7=0000000000000400
CCS=0000000000000095 CCD=fffffffffd109c59 CCO=EFLAGS
EFER=0000000000000500
Servicing hardware INT=0x20
   148: v=20 e=0000 i=0 cpl=0 IP=0008:0000000000111ff2 pc=0000000000111ff2 SP=0010:00000000001b9e60 env->regs[R_EAX]=00000000000b97d1
RAX=00000000000b97d1 RBX=00000000cccccccd RCX=000000000000001b RDX=00000000000003f8
RSI=0000000000000000 RDI=00000000fee00000 RBP=00000000001b9ff0 RSP=00000000001b9e60
R8 =0000000000000001 R9 =0000000000000000 R10=00000000002f7000 R11=000000000000005e
R12=0000000000000000 R13=0000000000000001 R14=0000000000000001 R15=0000000000008003
RIP=0000000000111ff2 RFL=00000293 [--S-A-C] CPL=0 II=0 A20=1 SMM=0 HLT=0
ES =0010 0000000000000000 ffffffff 00cf9300 DPL=0 DS   [-WA]
CS =0008 0000000000000000 ffffffff 00af9a00 DPL=0 CS64 [-R-]
SS =0010 0000000000000000 ffffffff 00cf9300 DPL=0 DS   [-WA]
DS =0010 0000000000000000 ffffffff 00cf9300 DPL=0 DS   [-WA]
FS =0010 0000000000000000 ffffffff 00cf9300 DPL=0 DS   [-WA]
GS =0010 0000000000000000 ffffffff 00cf9300 DPL=0 DS   [-WA]
LDT=0000 0000000000000000 0000ffff 00008200 DPL=0 LDT
TR =0040 0000000000299ae0 0000006f 00208900 DPL=0 TSS64-avl
GDT=     0000000000271ce0 0000004f
IDT=     0000000000271d60 00000fff
CR0=80000013 CR2=0000000000000000 CR3=00000000001ba000 CR4=00000620
DR0=0000000000000000 DR1=0000000000000000 DR2=0000000000000000 DR3=0000000000000000 
DR6=00000000ffff0ff0 DR7=0000000000000400
CCS=0000000000000091 CCD=fffffffffd10a751 CCO=EFLAGS
EFER=0000000000000500
Servicing hardware INT=0x20
   149: v=20 e=0000 i=0 cpl=0 IP=0008:0000000000111ff2 pc=0000000000111ff2 SP=0010:00000000001b9e60 env->regs[R_EAX]=00000000000bc006
RAX=00000000000bc006 RBX=00000000cccccccd RCX=000000000000001b RDX=00000000000003f8
RSI=0000000000000000 RDI=00000000fee00000 RBP=00000000001b9ff0 RSP=00000000001b9e60
R8 =0000000000000001 R9 =0000000000000000 R10=00000000002f7000 R11=000000000000005e
R12=0000000000000000 R13=0000000000000001 R14=0000000000000001 R15=0000000000008003
RIP=0000000000111ff2 RFL=00000293 [--S-A-C] CPL=0 II=0 A20=1 SMM=0 HLT=0
ES =0010 0000000000000000 ffffffff 00cf9300 DPL=0 DS   [-WA]
CS =0008 0000000000000000 ffffffff 00af9a00 DPL=0 CS64 [-R-]
SS =0010 0000000000000000 ffffffff 00cf9300 DPL=0 DS   [-WA]
DS =0010 0000000000000000 ffffffff 00cf9300 DPL=0 DS   [-WA]
FS =0010 0000000000000000 ffffffff 00cf9300 DPL=0 DS   [-WA]
GS =0010 0000000000000000 ffffffff 00cf9300 DPL=0 DS   [-WA]
LDT=0000 0000000000000000 0000ffff 00008200 DPL=0 LDT
TR =0040 0000000000299ae0 0000006f 00208900 DPL=0 TSS64-avl
GDT=     0000000000271ce0 0000004f
IDT=     0000000000271d60 00000fff
CR0=80000013 CR2=0000000000000000 CR3=00000000001ba000 CR4=00000620
DR0=0000000000000000 DR1=0000000000000000 DR2=0000000000000000 DR3=0000000000000000 
DR6=00000000ffff0ff0 DR7=0000000000000400
CCS=0000000000000091 CCD=fffffffffd10cf86 CCO=EFLAGS
EFER=0000000000000500
Servicing hardware INT=0x20
   150: v=20 e=0000 i=0 cpl=0 IP=0008:0000000000111ff2 pc=0000000000111ff2 SP=0010:00000000001b9e60 env->regs[R_EAX]=00000000000bccb8
RAX=00000000000bccb8 RBX=00000000cccccccd RCX=000000000000001b RDX=00000000000003f8
RSI=0000000000000000 RDI=00000000fee00000 RBP=00000000001b9ff0 RSP=00000000001b9e60
R8 =0000000000000001 R9 =0000000000000000 R10=00000000002f7000 R11=000000000000005e
R12=0000000000000000 R13=0000000000000001 R14=0000000000000001 R15=0000000000008003
RIP=0000000000111ff2 RFL=00000293 [--S-A-C] CPL=0 II=0 A20=1 SMM=0 HLT=0
ES =0010 0000000000000000 ffffffff 00cf9300 DPL=0 DS   [-WA]
CS =0008 0000000000000000 ffffffff 00af9a00 DPL=0 CS64 [-R-]
SS =0010 0000000000000000 ffffffff 00cf9300 DPL=0 DS   [-WA]
DS =0010 0000000000000000 ffffffff 00cf9300 DPL=0 DS   [-WA]
FS =0010 0000000000000000 ffffffff 00cf9300 DPL=0 DS   [-WA]
GS =0010 0000000000000000 ffffffff 00cf9300 DPL=0 DS   [-WA]
LDT=0000 0000000000000000 0000ffff 00008200 DPL=0 LDT
TR =0040 0000000000299ae0 0000006f 00208900 DPL=0 TSS64-avl
GDT=     0000000000271ce0 0000004f
IDT=     0000000000271d60 00000fff
CR0=80000013 CR2=0000000000000000 CR3=00000000001ba000 CR4=00000620
DR0=0000000000000000 DR1=0000000000000000 DR2=0000000000000000 DR3=0000000000000000 
DR6=00000000ffff0ff0 DR7=0000000000000400
CCS=0000000000000091 CCD=fffffffffd10dc38 CCO=EFLAGS
EFER=0000000000000500
Servicing hardware INT=0x20
   151: v=20 e=0000 i=0 cpl=0 IP=0008:0000000000111ff2 pc=0000000000111ff2 SP=0010:00000000001b9e60 env->regs[R_EAX]=00000000000bf6ae
RAX=00000000000bf6ae RBX=00000000cccccccd RCX=000000000000001b RDX=00000000000003f8
RSI=0000000000000000 RDI=00000000fee00000 RBP=00000000001b9ff0 RSP=00000000001b9e60
R8 =0000000000000001 R9 =0000000000000000 R10=00000000002f7000 R11=000000000000005e
R12=0000000000000000 R13=0000000000000001 R14=0000000000000001 R15=0000000000008003
RIP=0000000000111ff2 RFL=00000297 [--S-APC] CPL=0 II=0 A20=1 SMM=0 HLT=0
ES =0010 0000000000000000 ffffffff 00cf9300 DPL=0 DS   [-WA]
CS =0008 0000000000000000 ffffffff 00af9a00 DPL=0 CS64 [-R-]
SS =0010 0000000000000000 ffffffff 00cf9300 DPL=0 DS   [-WA]
DS =0010 0000000000000000 ffffffff 00cf9300 DPL=0 DS   [-WA]
FS =0010 0000000000000000 ffffffff 00cf9300 DPL=0 DS   [-WA]
GS =0010 0000000000000000 ffffffff 00cf9300 DPL=0 DS   [-WA]
LDT=0000 0000000000000000 0000ffff 00008200 DPL=0 LDT
TR =0040 0000000000299ae0 0000006f 00208900 DPL=0 TSS64-avl
GDT=     0000000000271ce0 0000004f
IDT=     0000000000271d60 00000fff
CR0=80000013 CR2=0000000000000000 CR3=00000000001ba000 CR4=00000620
DR0=0000000000000000 DR1=0000000000000000 DR2=0000000000000000 DR3=0000000000000000 
DR6=00000000ffff0ff0 DR7=0000000000000400
CCS=0000000000000095 CCD=fffffffffd11062e CCO=EFLAGS
EFER=0000000000000500
Servicing hardware INT=0x20
   152: v=20 e=0000 i=0 cpl=0 IP=0008:0000000000111ff2 pc=0000000000111ff2 SP=0010:00000000001b9e60 env->regs[R_EAX]=00000000000c00f2
RAX=00000000000c00f2 RBX=00000000cccccccd RCX=000000000000001b RDX=00000000000003f8
RSI=0000000000000000 RDI=00000000fee00000 RBP=00000000001b9ff0 RSP=00000000001b9e60
R8 =0000000000000001 R9 =0000000000000000 R10=00000000002f7000 R11=000000000000005e
R12=0000000000000000 R13=0000000000000001 R14=0000000000000001 R15=0000000000008003
RIP=0000000000111ff2 RFL=00000297 [--S-APC] CPL=0 II=0 A20=1 SMM=0 HLT=0
ES =0010 0000000000000000 ffffffff 00cf9300 DPL=0 DS   [-WA]
CS =0008 0000000000000000 ffffffff 00af9a00 DPL=0 CS64 [-R-]
SS =0010 0000000000000000 ffffffff 00cf9300 DPL=0 DS   [-WA]
DS =0010 0000000000000000 ffffffff 00cf9300 DPL=0 DS   [-WA]
FS =0010 0000000000000000 ffffffff 00cf9300 DPL=0 DS   [-WA]
GS =0010 0000000000000000 ffffffff 00cf9300 DPL=0 DS   [-WA]
LDT=0000 0000000000000000 0000ffff 00008200 DPL=0 LDT
TR =0040 0000000000299ae0 0000006f 00208900 DPL=0 TSS64-avl
GDT=     0000000000271ce0 0000004f
IDT=     0000000000271d60 00000fff
CR0=80000013 CR2=0000000000000000 CR3=00000000001ba000 CR4=00000620
DR0=0000000000000000 DR1=0000000000000000 DR2=0000000000000000 DR3=0000000000000000 
DR6=00000000ffff0ff0 DR7=0000000000000400
CCS=0000000000000095 CCD=fffffffffd111072 CCO=EFLAGS
EFER=0000000000000500
Servicing hardware INT=0x20
   153: v=20 e=0000 i=0 cpl=0 IP=0008:0000000000111ff2 pc=0000000000111ff2 SP=0010:00000000001b9e60 env->regs[R_EAX]=00000000000c3347
RAX=00000000000c3347 RBX=00000000cccccccd RCX=000000000000001b RDX=00000000000003f8
RSI=0000000000000000 RDI=00000000fee00000 RBP=00000000001b9ff0 RSP=00000000001b9e60
R8 =0000000000000001 R9 =0000000000000000 R10=00000000002f7000 R11=000000000000005e
R12=0000000000000000 R13=0000000000000001 R14=0000000000000001 R15=0000000000008003
RIP=0000000000111ff2 RFL=00000293 [--S-A-C] CPL=0 II=0 A20=1 SMM=0 HLT=0
ES =0010 0000000000000000 ffffffff 00cf9300 DPL=0 DS   [-WA]
CS =0008 0000000000000000 ffffffff 00af9a00 DPL=0 CS64 [-R-]
SS =0010 0000000000000000 ffffffff 00cf9300 DPL=0 DS   [-WA]
DS =0010 0000000000000000 ffffffff 00cf9300 DPL=0 DS   [-WA]
FS =0010 0000000000000000 ffffffff 00cf9300 DPL=0 DS   [-WA]
GS =0010 0000000000000000 ffffffff 00cf9300 DPL=0 DS   [-WA]
LDT=0000 0000000000000000 0000ffff 00008200 DPL=0 LDT
TR =0040 0000000000299ae0 0000006f 00208900 DPL=0 TSS64-avl
GDT=     0000000000271ce0 0000004f
IDT=     0000000000271d60 00000fff
CR0=80000013 CR2=0000000000000000 CR3=00000000001ba000 CR4=00000620
DR0=0000000000000000 DR1=0000000000000000 DR2=0000000000000000 DR3=0000000000000000 
DR6=00000000ffff0ff0 DR7=0000000000000400
CCS=0000000000000091 CCD=fffffffffd1142c7 CCO=EFLAGS
EFER=0000000000000500
Servicing hardware INT=0x20
   154: v=20 e=0000 i=0 cpl=0 IP=0008:0000000000111ff2 pc=0000000000111ff2 SP=0010:00000000001b9e60 env->regs[R_EAX]=00000000000c3dfe
RAX=00000000000c3dfe RBX=00000000cccccccd RCX=000000000000001b RDX=00000000000003f8
RSI=0000000000000000 RDI=00000000fee00000 RBP=00000000001b9ff0 RSP=00000000001b9e60
R8 =0000000000000001 R9 =0000000000000000 R10=00000000002f7000 R11=000000000000005e
R12=0000000000000000 R13=0000000000000001 R14=0000000000000001 R15=0000000000008003
RIP=0000000000111ff2 RFL=00000297 [--S-APC] CPL=0 II=0 A20=1 SMM=0 HLT=0
ES =0010 0000000000000000 ffffffff 00cf9300 DPL=0 DS   [-WA]
CS =0008 0000000000000000 ffffffff 00af9a00 DPL=0 CS64 [-R-]
SS =0010 0000000000000000 ffffffff 00cf9300 DPL=0 DS   [-WA]
DS =0010 0000000000000000 ffffffff 00cf9300 DPL=0 DS   [-WA]
FS =0010 0000000000000000 ffffffff 00cf9300 DPL=0 DS   [-WA]
GS =0010 0000000000000000 ffffffff 00cf9300 DPL=0 DS   [-WA]
LDT=0000 0000000000000000 0000ffff 00008200 DPL=0 LDT
TR =0040 0000000000299ae0 0000006f 00208900 DPL=0 TSS64-avl
GDT=     0000000000271ce0 0000004f
IDT=     0000000000271d60 00000fff
CR0=80000013 CR2=0000000000000000 CR3=00000000001ba000 CR4=00000620
DR0=0000000000000000 DR1=0000000000000000 DR2=0000000000000000 DR3=0000000000000000 
DR6=00000000ffff0ff0 DR7=0000000000000400
CCS=0000000000000095 CCD=fffffffffd114d7e CCO=EFLAGS
EFER=0000000000000500
Servicing hardware INT=0x20
   155: v=20 e=0000 i=0 cpl=0 IP=0008:0000000000111ff2 pc=0000000000111ff2 SP=0010:00000000001b9e60 env->regs[R_EAX]=00000000000c6e79
RAX=00000000000c6e79 RBX=00000000cccccccd RCX=000000000000001b RDX=00000000000003f8
RSI=0000000000000000 RDI=00000000fee00000 RBP=00000000001b9ff0 RSP=00000000001b9e60
R8 =0000000000000001 R9 =0000000000000000 R10=00000000002f7000 R11=000000000000005e
R12=0000000000000000 R13=0000000000000001 R14=0000000000000001 R15=0000000000008003
RIP=0000000000111ff2 RFL=00000297 [--S-APC] CPL=0 II=0 A20=1 SMM=0 HLT=0
ES =0010 0000000000000000 ffffffff 00cf9300 DPL=0 DS   [-WA]
CS =0008 0000000000000000 ffffffff 00af9a00 DPL=0 CS64 [-R-]
SS =0010 0000000000000000 ffffffff 00cf9300 DPL=0 DS   [-WA]
DS =0010 0000000000000000 ffffffff 00cf9300 DPL=0 DS   [-WA]
FS =0010 0000000000000000 ffffffff 00cf9300 DPL=0 DS   [-WA]
GS =0010 0000000000000000 ffffffff 00cf9300 DPL=0 DS   [-WA]
LDT=0000 0000000000000000 0000ffff 00008200 DPL=0 LDT
TR =0040 0000000000299ae0 0000006f 00208900 DPL=0 TSS64-avl
GDT=     0000000000271ce0 0000004f
IDT=     0000000000271d60 00000fff
CR0=80000013 CR2=0000000000000000 CR3=00000000001ba000 CR4=00000620
DR0=0000000000000000 DR1=0000000000000000 DR2=0000000000000000 DR3=0000000000000000 
DR6=00000000ffff0ff0 DR7=0000000000000400
CCS=0000000000000095 CCD=fffffffffd117df9 CCO=EFLAGS
EFER=0000000000000500
Servicing hardware INT=0x20
   156: v=20 e=0000 i=0 cpl=0 IP=0008:0000000000111ff2 pc=0000000000111ff2 SP=0010:00000000001b9e60 env->regs[R_EAX]=00000000000c7c9b
RAX=00000000000c7c9b RBX=00000000cccccccd RCX=000000000000001b RDX=00000000000003f8
RSI=0000000000000000 RDI=00000000fee00000 RBP=00000000001b9ff0 RSP=00000000001b9e60
R8 =0000000000000001 R9 =0000000000000000 R10=00000000002f7000 R11=000000000000005e
R12=0000000000000000 R13=0000000000000001 R14=0000000000000001 R15=0000000000008003
RIP=0000000000111ff2 RFL=00000297 [--S-APC] CPL=0 II=0 A20=1 SMM=0 HLT=0
ES =0010 0000000000000000 ffffffff 00cf9300 DPL=0 DS   [-WA]
CS =0008 0000000000000000 ffffffff 00af9a00 DPL=0 CS64 [-R-]
SS =0010 0000000000000000 ffffffff 00cf9300 DPL=0 DS   [-WA]
DS =0010 0000000000000000 ffffffff 00cf9300 DPL=0 DS   [-WA]
FS =0010 0000000000000000 ffffffff 00cf9300 DPL=0 DS   [-WA]
GS =0010 0000000000000000 ffffffff 00cf9300 DPL=0 DS   [-WA]
LDT=0000 0000000000000000 0000ffff 00008200 DPL=0 LDT
TR =0040 0000000000299ae0 0000006f 00208900 DPL=0 TSS64-avl
GDT=     0000000000271ce0 0000004f
IDT=     0000000000271d60 00000fff
CR0=80000013 CR2=0000000000000000 CR3=00000000001ba000 CR4=00000620
DR0=0000000000000000 DR1=0000000000000000 DR2=0000000000000000 DR3=0000000000000000 
DR6=00000000ffff0ff0 DR7=0000000000000400
CCS=0000000000000095 CCD=fffffffffd118c1b CCO=EFLAGS
EFER=0000000000000500
Servicing hardware INT=0x20
   157: v=20 e=0000 i=0 cpl=0 IP=0008:0000000000111ff2 pc=0000000000111ff2 SP=0010:00000000001b9e60 env->regs[R_EAX]=00000000000ca8b8
RAX=00000000000ca8b8 RBX=00000000cccccccd RCX=000000000000001b RDX=00000000000003f8
RSI=0000000000000000 RDI=00000000fee00000 RBP=00000000001b9ff0 RSP=00000000001b9e60
R8 =0000000000000001 R9 =0000000000000000 R10=00000000002f7000 R11=000000000000005e
R12=0000000000000000 R13=0000000000000001 R14=0000000000000001 R15=0000000000008003
RIP=0000000000111ff2 RFL=00000293 [--S-A-C] CPL=0 II=0 A20=1 SMM=0 HLT=0
ES =0010 0000000000000000 ffffffff 00cf9300 DPL=0 DS   [-WA]
CS =0008 0000000000000000 ffffffff 00af9a00 DPL=0 CS64 [-R-]
SS =0010 0000000000000000 ffffffff 00cf9300 DPL=0 DS   [-WA]
DS =0010 0000000000000000 ffffffff 00cf9300 DPL=0 DS   [-WA]
FS =0010 0000000000000000 ffffffff 00cf9300 DPL=0 DS   [-WA]
GS =0010 0000000000000000 ffffffff 00cf9300 DPL=0 DS   [-WA]
LDT=0000 0000000000000000 0000ffff 00008200 DPL=0 LDT
TR =0040 0000000000299ae0 0000006f 00208900 DPL=0 TSS64-avl
GDT=     0000000000271ce0 0000004f
IDT=     0000000000271d60 00000fff
CR0=80000013 CR2=0000000000000000 CR3=00000000001ba000 CR4=00000620
DR0=0000000000000000 DR1=0000000000000000 DR2=0000000000000000 DR3=0000000000000000 
DR6=00000000ffff0ff0 DR7=0000000000000400
CCS=0000000000000091 CCD=fffffffffd11b838 CCO=EFLAGS
EFER=0000000000000500
Servicing hardware INT=0x20
   158: v=20 e=0000 i=0 cpl=0 IP=0008:0000000000111ff2 pc=0000000000111ff2 SP=0010:00000000001b9e60 env->regs[R_EAX]=00000000000cb235
RAX=00000000000cb235 RBX=00000000cccccccd RCX=000000000000001b RDX=00000000000003f8
RSI=0000000000000000 RDI=00000000fee00000 RBP=00000000001b9ff0 RSP=00000000001b9e60
R8 =0000000000000001 R9 =0000000000000000 R10=00000000002f7000 R11=000000000000005e
R12=0000000000000000 R13=0000000000000001 R14=0000000000000001 R15=0000000000008003
RIP=0000000000111ff2 RFL=00000293 [--S-A-C] CPL=0 II=0 A20=1 SMM=0 HLT=0
ES =0010 0000000000000000 ffffffff 00cf9300 DPL=0 DS   [-WA]
CS =0008 0000000000000000 ffffffff 00af9a00 DPL=0 CS64 [-R-]
SS =0010 0000000000000000 ffffffff 00cf9300 DPL=0 DS   [-WA]
DS =0010 0000000000000000 ffffffff 00cf9300 DPL=0 DS   [-WA]
FS =0010 0000000000000000 ffffffff 00cf9300 DPL=0 DS   [-WA]
GS =0010 0000000000000000 ffffffff 00cf9300 DPL=0 DS   [-WA]
LDT=0000 0000000000000000 0000ffff 00008200 DPL=0 LDT
TR =0040 0000000000299ae0 0000006f 00208900 DPL=0 TSS64-avl
GDT=     0000000000271ce0 0000004f
IDT=     0000000000271d60 00000fff
CR0=80000013 CR2=0000000000000000 CR3=00000000001ba000 CR4=00000620
DR0=0000000000000000 DR1=0000000000000000 DR2=0000000000000000 DR3=0000000000000000 
DR6=00000000ffff0ff0 DR7=0000000000000400
CCS=0000000000000091 CCD=fffffffffd11c1b5 CCO=EFLAGS
EFER=0000000000000500
Servicing hardware INT=0x20
   159: v=20 e=0000 i=0 cpl=0 IP=0008:0000000000111ff2 pc=0000000000111ff2 SP=0010:00000000001b9e60 env->regs[R_EAX]=00000000000cd624
RAX=00000000000cd624 RBX=00000000cccccccd RCX=000000000000001b RDX=00000000000003f8
RSI=0000000000000000 RDI=00000000fee00000 RBP=00000000001b9ff0 RSP=00000000001b9e60
R8 =0000000000000001 R9 =0000000000000000 R10=00000000002f7000 R11=000000000000005e
R12=0000000000000000 R13=0000000000000001 R14=0000000000000001 R15=0000000000008003
RIP=0000000000111ff2 RFL=00000293 [--S-A-C] CPL=0 II=0 A20=1 SMM=0 HLT=0
ES =0010 0000000000000000 ffffffff 00cf9300 DPL=0 DS   [-WA]
CS =0008 0000000000000000 ffffffff 00af9a00 DPL=0 CS64 [-R-]
SS =0010 0000000000000000 ffffffff 00cf9300 DPL=0 DS   [-WA]
DS =0010 0000000000000000 ffffffff 00cf9300 DPL=0 DS   [-WA]
FS =0010 0000000000000000 ffffffff 00cf9300 DPL=0 DS   [-WA]
GS =0010 0000000000000000 ffffffff 00cf9300 DPL=0 DS   [-WA]
LDT=0000 0000000000000000 0000ffff 00008200 DPL=0 LDT
TR =0040 0000000000299ae0 0000006f 00208900 DPL=0 TSS64-avl
GDT=     0000000000271ce0 0000004f
IDT=     0000000000271d60 00000fff
CR0=80000013 CR2=0000000000000000 CR3=00000000001ba000 CR4=00000620
DR0=0000000000000000 DR1=0000000000000000 DR2=0000000000000000 DR3=0000000000000000 
DR6=00000000ffff0ff0 DR7=0000000000000400
CCS=0000000000000091 CCD=fffffffffd11e5a4 CCO=EFLAGS
EFER=0000000000000500
Servicing hardware INT=0x20
   160: v=20 e=0000 i=0 cpl=0 IP=0008:0000000000111ff2 pc=0000000000111ff2 SP=0010:00000000001b9e60 env->regs[R_EAX]=00000000000ce12e
RAX=00000000000ce12e RBX=00000000cccccccd RCX=000000000000001b RDX=00000000000003f8
RSI=0000000000000000 RDI=00000000fee00000 RBP=00000000001b9ff0 RSP=00000000001b9e60
R8 =0000000000000001 R9 =0000000000000000 R10=00000000002f7000 R11=000000000000005e
R12=0000000000000000 R13=0000000000000001 R14=0000000000000001 R15=0000000000008003
RIP=0000000000111ff2 RFL=00000293 [--S-A-C] CPL=0 II=0 A20=1 SMM=0 HLT=0
ES =0010 0000000000000000 ffffffff 00cf9300 DPL=0 DS   [-WA]
CS =0008 0000000000000000 ffffffff 00af9a00 DPL=0 CS64 [-R-]
SS =0010 0000000000000000 ffffffff 00cf9300 DPL=0 DS   [-WA]
DS =0010 0000000000000000 ffffffff 00cf9300 DPL=0 DS   [-WA]
FS =0010 0000000000000000 ffffffff 00cf9300 DPL=0 DS   [-WA]
GS =0010 0000000000000000 ffffffff 00cf9300 DPL=0 DS   [-WA]
LDT=0000 0000000000000000 0000ffff 00008200 DPL=0 LDT
TR =0040 0000000000299ae0 0000006f 00208900 DPL=0 TSS64-avl
GDT=     0000000000271ce0 0000004f
IDT=     0000000000271d60 00000fff
CR0=80000013 CR2=0000000000000000 CR3=00000000001ba000 CR4=00000620
DR0=0000000000000000 DR1=0000000000000000 DR2=0000000000000000 DR3=0000000000000000 
DR6=00000000ffff0ff0 DR7=0000000000000400
CCS=0000000000000091 CCD=fffffffffd11f0ae CCO=EFLAGS
EFER=0000000000000500
Servicing hardware INT=0x20
   161: v=20 e=0000 i=0 cpl=0 IP=0008:0000000000111ff2 pc=0000000000111ff2 SP=0010:00000000001b9e60 env->regs[R_EAX]=00000000000d1028
RAX=00000000000d1028 RBX=00000000cccccccd RCX=000000000000001b RDX=00000000000003f8
RSI=0000000000000000 RDI=00000000fee00000 RBP=00000000001b9ff0 RSP=00000000001b9e60
R8 =0000000000000001 R9 =0000000000000000 R10=00000000002f7000 R11=000000000000005e
R12=0000000000000000 R13=0000000000000001 R14=0000000000000001 R15=0000000000008003
RIP=0000000000111ff2 RFL=00000293 [--S-A-C] CPL=0 II=0 A20=1 SMM=0 HLT=0
ES =0010 0000000000000000 ffffffff 00cf9300 DPL=0 DS   [-WA]
CS =0008 0000000000000000 ffffffff 00af9a00 DPL=0 CS64 [-R-]
SS =0010 0000000000000000 ffffffff 00cf9300 DPL=0 DS   [-WA]
DS =0010 0000000000000000 ffffffff 00cf9300 DPL=0 DS   [-WA]
FS =0010 0000000000000000 ffffffff 00cf9300 DPL=0 DS   [-WA]
GS =0010 0000000000000000 ffffffff 00cf9300 DPL=0 DS   [-WA]
LDT=0000 0000000000000000 0000ffff 00008200 DPL=0 LDT
TR =0040 0000000000299ae0 0000006f 00208900 DPL=0 TSS64-avl
GDT=     0000000000271ce0 0000004f
IDT=     0000000000271d60 00000fff
CR0=80000013 CR2=0000000000000000 CR3=00000000001ba000 CR4=00000620
DR0=0000000000000000 DR1=0000000000000000 DR2=0000000000000000 DR3=0000000000000000 
DR6=00000000ffff0ff0 DR7=0000000000000400
CCS=0000000000000091 CCD=fffffffffd121fa8 CCO=EFLAGS
EFER=0000000000000500
Servicing hardware INT=0x20
   162: v=20 e=0000 i=0 cpl=0 IP=0008:0000000000111ff2 pc=0000000000111ff2 SP=0010:00000000001b9e60 env->regs[R_EAX]=00000000000d1b5b
RAX=00000000000d1b5b RBX=00000000cccccccd RCX=000000000000001b RDX=00000000000003f8
RSI=0000000000000000 RDI=00000000fee00000 RBP=00000000001b9ff0 RSP=00000000001b9e60
R8 =0000000000000001 R9 =0000000000000000 R10=00000000002f7000 R11=000000000000005e
R12=0000000000000000 R13=0000000000000001 R14=0000000000000001 R15=0000000000008003
RIP=0000000000111ff2 RFL=00000297 [--S-APC] CPL=0 II=0 A20=1 SMM=0 HLT=0
ES =0010 0000000000000000 ffffffff 00cf9300 DPL=0 DS   [-WA]
CS =0008 0000000000000000 ffffffff 00af9a00 DPL=0 CS64 [-R-]
SS =0010 0000000000000000 ffffffff 00cf9300 DPL=0 DS   [-WA]
DS =0010 0000000000000000 ffffffff 00cf9300 DPL=0 DS   [-WA]
FS =0010 0000000000000000 ffffffff 00cf9300 DPL=0 DS   [-WA]
GS =0010 0000000000000000 ffffffff 00cf9300 DPL=0 DS   [-WA]
LDT=0000 0000000000000000 0000ffff 00008200 DPL=0 LDT
TR =0040 0000000000299ae0 0000006f 00208900 DPL=0 TSS64-avl
GDT=     0000000000271ce0 0000004f
IDT=     0000000000271d60 00000fff
CR0=80000013 CR2=0000000000000000 CR3=00000000001ba000 CR4=00000620
DR0=0000000000000000 DR1=0000000000000000 DR2=0000000000000000 DR3=0000000000000000 
DR6=00000000ffff0ff0 DR7=0000000000000400
CCS=0000000000000095 CCD=fffffffffd122adb CCO=EFLAGS
EFER=0000000000000500
Servicing hardware INT=0x20
   163: v=20 e=0000 i=0 cpl=0 IP=0008:0000000000111ff2 pc=0000000000111ff2 SP=0010:00000000001b9e60 env->regs[R_EAX]=00000000000d4ab4
RAX=00000000000d4ab4 RBX=00000000cccccccd RCX=000000000000001b RDX=00000000000003f8
RSI=0000000000000000 RDI=00000000fee00000 RBP=00000000001b9ff0 RSP=00000000001b9e60
R8 =0000000000000001 R9 =0000000000000000 R10=00000000002f7000 R11=000000000000005e
R12=0000000000000000 R13=0000000000000001 R14=0000000000000001 R15=0000000000008003
RIP=0000000000111ff2 RFL=00000293 [--S-A-C] CPL=0 II=0 A20=1 SMM=0 HLT=0
ES =0010 0000000000000000 ffffffff 00cf9300 DPL=0 DS   [-WA]
CS =0008 0000000000000000 ffffffff 00af9a00 DPL=0 CS64 [-R-]
SS =0010 0000000000000000 ffffffff 00cf9300 DPL=0 DS   [-WA]
DS =0010 0000000000000000 ffffffff 00cf9300 DPL=0 DS   [-WA]
FS =0010 0000000000000000 ffffffff 00cf9300 DPL=0 DS   [-WA]
GS =0010 0000000000000000 ffffffff 00cf9300 DPL=0 DS   [-WA]
LDT=0000 0000000000000000 0000ffff 00008200 DPL=0 LDT
TR =0040 0000000000299ae0 0000006f 00208900 DPL=0 TSS64-avl
GDT=     0000000000271ce0 0000004f
IDT=     0000000000271d60 00000fff
CR0=80000013 CR2=0000000000000000 CR3=00000000001ba000 CR4=00000620
DR0=0000000000000000 DR1=0000000000000000 DR2=0000000000000000 DR3=0000000000000000 
DR6=00000000ffff0ff0 DR7=0000000000000400
CCS=0000000000000091 CCD=fffffffffd125a34 CCO=EFLAGS
EFER=0000000000000500
Servicing hardware INT=0x20
   164: v=20 e=0000 i=0 cpl=0 IP=0008:0000000000111ff2 pc=0000000000111ff2 SP=0010:00000000001b9e60 env->regs[R_EAX]=00000000000d561e
RAX=00000000000d561e RBX=00000000cccccccd RCX=000000000000001b RDX=00000000000003f8
RSI=0000000000000000 RDI=00000000fee00000 RBP=00000000001b9ff0 RSP=00000000001b9e60
R8 =0000000000000001 R9 =0000000000000000 R10=00000000002f7000 R11=000000000000005e
R12=0000000000000000 R13=0000000000000001 R14=0000000000000001 R15=0000000000008003
RIP=0000000000111ff2 RFL=00000293 [--S-A-C] CPL=0 II=0 A20=1 SMM=0 HLT=0
ES =0010 0000000000000000 ffffffff 00cf9300 DPL=0 DS   [-WA]
CS =0008 0000000000000000 ffffffff 00af9a00 DPL=0 CS64 [-R-]
SS =0010 0000000000000000 ffffffff 00cf9300 DPL=0 DS   [-WA]
DS =0010 0000000000000000 ffffffff 00cf9300 DPL=0 DS   [-WA]
FS =0010 0000000000000000 ffffffff 00cf9300 DPL=0 DS   [-WA]
GS =0010 0000000000000000 ffffffff 00cf9300 DPL=0 DS   [-WA]
LDT=0000 0000000000000000 0000ffff 00008200 DPL=0 LDT
TR =0040 0000000000299ae0 0000006f 00208900 DPL=0 TSS64-avl
GDT=     0000000000271ce0 0000004f
IDT=     0000000000271d60 00000fff
CR0=80000013 CR2=0000000000000000 CR3=00000000001ba000 CR4=00000620
DR0=0000000000000000 DR1=0000000000000000 DR2=0000000000000000 DR3=0000000000000000 
DR6=00000000ffff0ff0 DR7=0000000000000400
CCS=0000000000000091 CCD=fffffffffd12659e CCO=EFLAGS
EFER=0000000000000500
Servicing hardware INT=0x20
   165: v=20 e=0000 i=0 cpl=0 IP=0008:0000000000111ff2 pc=0000000000111ff2 SP=0010:00000000001b9e60 env->regs[R_EAX]=00000000000d898d
RAX=00000000000d898d RBX=00000000cccccccd RCX=000000000000001b RDX=00000000000003f8
RSI=0000000000000000 RDI=00000000fee00000 RBP=00000000001b9ff0 RSP=00000000001b9e60
R8 =0000000000000001 R9 =0000000000000000 R10=00000000002f7000 R11=000000000000005e
R12=0000000000000000 R13=0000000000000001 R14=0000000000000001 R15=0000000000008003
RIP=0000000000111ff2 RFL=00000293 [--S-A-C] CPL=0 II=0 A20=1 SMM=0 HLT=0
ES =0010 0000000000000000 ffffffff 00cf9300 DPL=0 DS   [-WA]
CS =0008 0000000000000000 ffffffff 00af9a00 DPL=0 CS64 [-R-]
SS =0010 0000000000000000 ffffffff 00cf9300 DPL=0 DS   [-WA]
DS =0010 0000000000000000 ffffffff 00cf9300 DPL=0 DS   [-WA]
FS =0010 0000000000000000 ffffffff 00cf9300 DPL=0 DS   [-WA]
GS =0010 0000000000000000 ffffffff 00cf9300 DPL=0 DS   [-WA]
LDT=0000 0000000000000000 0000ffff 00008200 DPL=0 LDT
TR =0040 0000000000299ae0 0000006f 00208900 DPL=0 TSS64-avl
GDT=     0000000000271ce0 0000004f
IDT=     0000000000271d60 00000fff
CR0=80000013 CR2=0000000000000000 CR3=00000000001ba000 CR4=00000620
DR0=0000000000000000 DR1=0000000000000000 DR2=0000000000000000 DR3=0000000000000000 
DR6=00000000ffff0ff0 DR7=0000000000000400
CCS=0000000000000091 CCD=fffffffffd12990d CCO=EFLAGS
EFER=0000000000000500
Servicing hardware INT=0x20
   166: v=20 e=0000 i=0 cpl=0 IP=0008:0000000000111ff2 pc=0000000000111ff2 SP=0010:00000000001b9e60 env->regs[R_EAX]=00000000000d95b3
RAX=00000000000d95b3 RBX=00000000cccccccd RCX=000000000000001b RDX=00000000000003f8
RSI=0000000000000000 RDI=00000000fee00000 RBP=00000000001b9ff0 RSP=00000000001b9e60
R8 =0000000000000001 R9 =0000000000000000 R10=00000000002f7000 R11=000000000000005e
R12=0000000000000000 R13=0000000000000001 R14=0000000000000001 R15=0000000000008003
RIP=0000000000111ff2 RFL=00000297 [--S-APC] CPL=0 II=0 A20=1 SMM=0 HLT=0
ES =0010 0000000000000000 ffffffff 00cf9300 DPL=0 DS   [-WA]
CS =0008 0000000000000000 ffffffff 00af9a00 DPL=0 CS64 [-R-]
SS =0010 0000000000000000 ffffffff 00cf9300 DPL=0 DS   [-WA]
DS =0010 0000000000000000 ffffffff 00cf9300 DPL=0 DS   [-WA]
FS =0010 0000000000000000 ffffffff 00cf9300 DPL=0 DS   [-WA]
GS =0010 0000000000000000 ffffffff 00cf9300 DPL=0 DS   [-WA]
LDT=0000 0000000000000000 0000ffff 00008200 DPL=0 LDT
TR =0040 0000000000299ae0 0000006f 00208900 DPL=0 TSS64-avl
GDT=     0000000000271ce0 0000004f
IDT=     0000000000271d60 00000fff
CR0=80000013 CR2=0000000000000000 CR3=00000000001ba000 CR4=00000620
DR0=0000000000000000 DR1=0000000000000000 DR2=0000000000000000 DR3=0000000000000000 
DR6=00000000ffff0ff0 DR7=0000000000000400
CCS=0000000000000095 CCD=fffffffffd12a533 CCO=EFLAGS
EFER=0000000000000500
Servicing hardware INT=0x20
   167: v=20 e=0000 i=0 cpl=0 IP=0008:0000000000111ff2 pc=0000000000111ff2 SP=0010:00000000001b9e60 env->regs[R_EAX]=00000000000dc133
RAX=00000000000dc133 RBX=00000000cccccccd RCX=000000000000001b RDX=00000000000003f8
RSI=0000000000000000 RDI=00000000fee00000 RBP=00000000001b9ff0 RSP=00000000001b9e60
R8 =0000000000000001 R9 =0000000000000000 R10=00000000002f7000 R11=000000000000005e
R12=0000000000000000 R13=0000000000000001 R14=0000000000000001 R15=0000000000008003
RIP=0000000000111ff2 RFL=00000293 [--S-A-C] CPL=0 II=0 A20=1 SMM=0 HLT=0
ES =0010 0000000000000000 ffffffff 00cf9300 DPL=0 DS   [-WA]
CS =0008 0000000000000000 ffffffff 00af9a00 DPL=0 CS64 [-R-]
SS =0010 0000000000000000 ffffffff 00cf9300 DPL=0 DS   [-WA]
DS =0010 0000000000000000 ffffffff 00cf9300 DPL=0 DS   [-WA]
FS =0010 0000000000000000 ffffffff 00cf9300 DPL=0 DS   [-WA]
GS =0010 0000000000000000 ffffffff 00cf9300 DPL=0 DS   [-WA]
LDT=0000 0000000000000000 0000ffff 00008200 DPL=0 LDT
TR =0040 0000000000299ae0 0000006f 00208900 DPL=0 TSS64-avl
GDT=     0000000000271ce0 0000004f
IDT=     0000000000271d60 00000fff
CR0=80000013 CR2=0000000000000000 CR3=00000000001ba000 CR4=00000620
DR0=0000000000000000 DR1=0000000000000000 DR2=0000000000000000 DR3=0000000000000000 
DR6=00000000ffff0ff0 DR7=0000000000000400
CCS=0000000000000091 CCD=fffffffffd12d0b3 CCO=EFLAGS
EFER=0000000000000500
Servicing hardware INT=0x20
   168: v=20 e=0000 i=0 cpl=0 IP=0008:0000000000111ff2 pc=0000000000111ff2 SP=0010:00000000001b9e60 env->regs[R_EAX]=00000000000dcc09
RAX=00000000000dcc09 RBX=00000000cccccccd RCX=000000000000001b RDX=00000000000003f8
RSI=0000000000000000 RDI=00000000fee00000 RBP=00000000001b9ff0 RSP=00000000001b9e60
R8 =0000000000000001 R9 =0000000000000000 R10=00000000002f7000 R11=000000000000005e
R12=0000000000000000 R13=0000000000000001 R14=0000000000000001 R15=0000000000008003
RIP=0000000000111ff2 RFL=00000293 [--S-A-C] CPL=0 II=0 A20=1 SMM=0 HLT=0
ES =0010 0000000000000000 ffffffff 00cf9300 DPL=0 DS   [-WA]
CS =0008 0000000000000000 ffffffff 00af9a00 DPL=0 CS64 [-R-]
SS =0010 0000000000000000 ffffffff 00cf9300 DPL=0 DS   [-WA]
DS =0010 0000000000000000 ffffffff 00cf9300 DPL=0 DS   [-WA]
FS =0010 0000000000000000 ffffffff 00cf9300 DPL=0 DS   [-WA]
GS =0010 0000000000000000 ffffffff 00cf9300 DPL=0 DS   [-WA]
LDT=0000 0000000000000000 0000ffff 00008200 DPL=0 LDT
TR =0040 0000000000299ae0 0000006f 00208900 DPL=0 TSS64-avl
GDT=     0000000000271ce0 0000004f
IDT=     0000000000271d60 00000fff
CR0=80000013 CR2=0000000000000000 CR3=00000000001ba000 CR4=00000620
DR0=0000000000000000 DR1=0000000000000000 DR2=0000000000000000 DR3=0000000000000000 
DR6=00000000ffff0ff0 DR7=0000000000000400
CCS=0000000000000091 CCD=fffffffffd12db89 CCO=EFLAGS
EFER=0000000000000500
Servicing hardware INT=0x20
   169: v=20 e=0000 i=0 cpl=0 IP=0008:0000000000111ff2 pc=0000000000111ff2 SP=0010:00000000001b9e60 env->regs[R_EAX]=00000000000dfb16
RAX=00000000000dfb16 RBX=00000000cccccccd RCX=000000000000001b RDX=00000000000003f8
RSI=0000000000000000 RDI=00000000fee00000 RBP=00000000001b9ff0 RSP=00000000001b9e60
R8 =0000000000000001 R9 =0000000000000000 R10=00000000002f7000 R11=000000000000005e
R12=0000000000000000 R13=0000000000000001 R14=0000000000000001 R15=0000000000008003
RIP=0000000000111ff2 RFL=00000297 [--S-APC] CPL=0 II=0 A20=1 SMM=0 HLT=0
ES =0010 0000000000000000 ffffffff 00cf9300 DPL=0 DS   [-WA]
CS =0008 0000000000000000 ffffffff 00af9a00 DPL=0 CS64 [-R-]
SS =0010 0000000000000000 ffffffff 00cf9300 DPL=0 DS   [-WA]
DS =0010 0000000000000000 ffffffff 00cf9300 DPL=0 DS   [-WA]
FS =0010 0000000000000000 ffffffff 00cf9300 DPL=0 DS   [-WA]
GS =0010 0000000000000000 ffffffff 00cf9300 DPL=0 DS   [-WA]
LDT=0000 0000000000000000 0000ffff 00008200 DPL=0 LDT
TR =0040 0000000000299ae0 0000006f 00208900 DPL=0 TSS64-avl
GDT=     0000000000271ce0 0000004f
IDT=     0000000000271d60 00000fff
CR0=80000013 CR2=0000000000000000 CR3=00000000001ba000 CR4=00000620
DR0=0000000000000000 DR1=0000000000000000 DR2=0000000000000000 DR3=0000000000000000 
DR6=00000000ffff0ff0 DR7=0000000000000400
CCS=0000000000000095 CCD=fffffffffd130a96 CCO=EFLAGS
EFER=0000000000000500
Servicing hardware INT=0x20
   170: v=20 e=0000 i=0 cpl=0 IP=0008:0000000000111ff2 pc=0000000000111ff2 SP=0010:00000000001b9e60 env->regs[R_EAX]=00000000000e06a0
RAX=00000000000e06a0 RBX=00000000cccccccd RCX=000000000000001b RDX=00000000000003f8
RSI=0000000000000000 RDI=00000000fee00000 RBP=00000000001b9ff0 RSP=00000000001b9e60
R8 =0000000000000001 R9 =0000000000000000 R10=00000000002f7000 R11=000000000000005e
R12=0000000000000000 R13=0000000000000001 R14=0000000000000001 R15=0000000000008003
RIP=0000000000111ff2 RFL=00000283 [--S---C] CPL=0 II=0 A20=1 SMM=0 HLT=0
ES =0010 0000000000000000 ffffffff 00cf9300 DPL=0 DS   [-WA]
CS =0008 0000000000000000 ffffffff 00af9a00 DPL=0 CS64 [-R-]
SS =0010 0000000000000000 ffffffff 00cf9300 DPL=0 DS   [-WA]
DS =0010 0000000000000000 ffffffff 00cf9300 DPL=0 DS   [-WA]
FS =0010 0000000000000000 ffffffff 00cf9300 DPL=0 DS   [-WA]
GS =0010 0000000000000000 ffffffff 00cf9300 DPL=0 DS   [-WA]
LDT=0000 0000000000000000 0000ffff 00008200 DPL=0 LDT
TR =0040 0000000000299ae0 0000006f 00208900 DPL=0 TSS64-avl
GDT=     0000000000271ce0 0000004f
IDT=     0000000000271d60 00000fff
CR0=80000013 CR2=0000000000000000 CR3=00000000001ba000 CR4=00000620
DR0=0000000000000000 DR1=0000000000000000 DR2=0000000000000000 DR3=0000000000000000 
DR6=00000000ffff0ff0 DR7=0000000000000400
CCS=0000000000000081 CCD=fffffffffd131620 CCO=EFLAGS
EFER=0000000000000500
Servicing hardware INT=0x20
   171: v=20 e=0000 i=0 cpl=0 IP=0008:0000000000111ff2 pc=0000000000111ff2 SP=0010:00000000001b9e60 env->regs[R_EAX]=00000000000e2ee9
RAX=00000000000e2ee9 RBX=00000000cccccccd RCX=000000000000001b RDX=00000000000003f8
RSI=0000000000000000 RDI=00000000fee00000 RBP=00000000001b9ff0 RSP=00000000001b9e60
R8 =0000000000000001 R9 =0000000000000000 R10=00000000002f7000 R11=000000000000005e
R12=0000000000000000 R13=0000000000000001 R14=0000000000000001 R15=0000000000008003
RIP=0000000000111ff2 RFL=00000297 [--S-APC] CPL=0 II=0 A20=1 SMM=0 HLT=0
ES =0010 0000000000000000 ffffffff 00cf9300 DPL=0 DS   [-WA]
CS =0008 0000000000000000 ffffffff 00af9a00 DPL=0 CS64 [-R-]
SS =0010 0000000000000000 ffffffff 00cf9300 DPL=0 DS   [-WA]
DS =0010 0000000000000000 ffffffff 00cf9300 DPL=0 DS   [-WA]
FS =0010 0000000000000000 ffffffff 00cf9300 DPL=0 DS   [-WA]
GS =0010 0000000000000000 ffffffff 00cf9300 DPL=0 DS   [-WA]
LDT=0000 0000000000000000 0000ffff 00008200 DPL=0 LDT
TR =0040 0000000000299ae0 0000006f 00208900 DPL=0 TSS64-avl
GDT=     0000000000271ce0 0000004f
IDT=     0000000000271d60 00000fff
CR0=80000013 CR2=0000000000000000 CR3=00000000001ba000 CR4=00000620
DR0=0000000000000000 DR1=0000000000000000 DR2=0000000000000000 DR3=0000000000000000 
DR6=00000000ffff0ff0 DR7=0000000000000400
CCS=0000000000000095 CCD=fffffffffd133e69 CCO=EFLAGS
EFER=0000000000000500
Servicing hardware INT=0x20
   172: v=20 e=0000 i=0 cpl=0 IP=0008:0000000000111ff2 pc=0000000000111ff2 SP=0010:00000000001b9e60 env->regs[R_EAX]=00000000000e36d5
RAX=00000000000e36d5 RBX=00000000cccccccd RCX=000000000000001b RDX=00000000000003f8
RSI=0000000000000000 RDI=00000000fee00000 RBP=00000000001b9ff0 RSP=00000000001b9e60
R8 =0000000000000001 R9 =0000000000000000 R10=00000000002f7000 R11=000000000000005e
R12=0000000000000000 R13=0000000000000001 R14=0000000000000001 R15=0000000000008003
RIP=0000000000111ff2 RFL=00000297 [--S-APC] CPL=0 II=0 A20=1 SMM=0 HLT=0
ES =0010 0000000000000000 ffffffff 00cf9300 DPL=0 DS   [-WA]
CS =0008 0000000000000000 ffffffff 00af9a00 DPL=0 CS64 [-R-]
SS =0010 0000000000000000 ffffffff 00cf9300 DPL=0 DS   [-WA]
DS =0010 0000000000000000 ffffffff 00cf9300 DPL=0 DS   [-WA]
FS =0010 0000000000000000 ffffffff 00cf9300 DPL=0 DS   [-WA]
GS =0010 0000000000000000 ffffffff 00cf9300 DPL=0 DS   [-WA]
LDT=0000 0000000000000000 0000ffff 00008200 DPL=0 LDT
TR =0040 0000000000299ae0 0000006f 00208900 DPL=0 TSS64-avl
GDT=     0000000000271ce0 0000004f
IDT=     0000000000271d60 00000fff
CR0=80000013 CR2=0000000000000000 CR3=00000000001ba000 CR4=00000620
DR0=0000000000000000 DR1=0000000000000000 DR2=0000000000000000 DR3=0000000000000000 
DR6=00000000ffff0ff0 DR7=0000000000000400
CCS=0000000000000095 CCD=fffffffffd134655 CCO=EFLAGS
EFER=0000000000000500
Servicing hardware INT=0x20
   173: v=20 e=0000 i=0 cpl=0 IP=0008:0000000000111ff2 pc=0000000000111ff2 SP=0010:00000000001b9e60 env->regs[R_EAX]=00000000000e6114
RAX=00000000000e6114 RBX=00000000cccccccd RCX=000000000000001b RDX=00000000000003f8
RSI=0000000000000000 RDI=00000000fee00000 RBP=00000000001b9ff0 RSP=00000000001b9e60
R8 =0000000000000001 R9 =0000000000000000 R10=00000000002f7000 R11=000000000000005e
R12=0000000000000000 R13=0000000000000001 R14=0000000000000001 R15=0000000000008003
RIP=0000000000111ff2 RFL=00000293 [--S-A-C] CPL=0 II=0 A20=1 SMM=0 HLT=0
ES =0010 0000000000000000 ffffffff 00cf9300 DPL=0 DS   [-WA]
CS =0008 0000000000000000 ffffffff 00af9a00 DPL=0 CS64 [-R-]
SS =0010 0000000000000000 ffffffff 00cf9300 DPL=0 DS   [-WA]
DS =0010 0000000000000000 ffffffff 00cf9300 DPL=0 DS   [-WA]
FS =0010 0000000000000000 ffffffff 00cf9300 DPL=0 DS   [-WA]
GS =0010 0000000000000000 ffffffff 00cf9300 DPL=0 DS   [-WA]
LDT=0000 0000000000000000 0000ffff 00008200 DPL=0 LDT
TR =0040 0000000000299ae0 0000006f 00208900 DPL=0 TSS64-avl
GDT=     0000000000271ce0 0000004f
IDT=     0000000000271d60 00000fff
CR0=80000013 CR2=0000000000000000 CR3=00000000001ba000 CR4=00000620
DR0=0000000000000000 DR1=0000000000000000 DR2=0000000000000000 DR3=0000000000000000 
DR6=00000000ffff0ff0 DR7=0000000000000400
CCS=0000000000000091 CCD=fffffffffd137094 CCO=EFLAGS
EFER=0000000000000500
Servicing hardware INT=0x20
   174: v=20 e=0000 i=0 cpl=0 IP=0008:0000000000111ff2 pc=0000000000111ff2 SP=0010:00000000001b9e60 env->regs[R_EAX]=00000000000e6dbc
RAX=00000000000e6dbc RBX=00000000cccccccd RCX=000000000000001b RDX=00000000000003f8
RSI=0000000000000000 RDI=00000000fee00000 RBP=00000000001b9ff0 RSP=00000000001b9e60
R8 =0000000000000001 R9 =0000000000000000 R10=00000000002f7000 R11=000000000000005e
R12=0000000000000000 R13=0000000000000001 R14=0000000000000001 R15=0000000000008003
RIP=0000000000111ff2 RFL=00000297 [--S-APC] CPL=0 II=0 A20=1 SMM=0 HLT=0
ES =0010 0000000000000000 ffffffff 00cf9300 DPL=0 DS   [-WA]
CS =0008 0000000000000000 ffffffff 00af9a00 DPL=0 CS64 [-R-]
SS =0010 0000000000000000 ffffffff 00cf9300 DPL=0 DS   [-WA]
DS =0010 0000000000000000 ffffffff 00cf9300 DPL=0 DS   [-WA]
FS =0010 0000000000000000 ffffffff 00cf9300 DPL=0 DS   [-WA]
GS =0010 0000000000000000 ffffffff 00cf9300 DPL=0 DS   [-WA]
LDT=0000 0000000000000000 0000ffff 00008200 DPL=0 LDT
TR =0040 0000000000299ae0 0000006f 00208900 DPL=0 TSS64-avl
GDT=     0000000000271ce0 0000004f
IDT=     0000000000271d60 00000fff
CR0=80000013 CR2=0000000000000000 CR3=00000000001ba000 CR4=00000620
DR0=0000000000000000 DR1=0000000000000000 DR2=0000000000000000 DR3=0000000000000000 
DR6=00000000ffff0ff0 DR7=0000000000000400
CCS=0000000000000095 CCD=fffffffffd137d3c CCO=EFLAGS
EFER=0000000000000500
Servicing hardware INT=0x20
   175: v=20 e=0000 i=0 cpl=0 IP=0008:0000000000111ff2 pc=0000000000111ff2 SP=0010:00000000001b9e60 env->regs[R_EAX]=00000000000e991b
RAX=00000000000e991b RBX=00000000cccccccd RCX=000000000000001b RDX=00000000000003f8
RSI=0000000000000000 RDI=00000000fee00000 RBP=00000000001b9ff0 RSP=00000000001b9e60
R8 =0000000000000001 R9 =0000000000000000 R10=00000000002f7000 R11=000000000000005e
R12=0000000000000000 R13=0000000000000001 R14=0000000000000001 R15=0000000000008003
RIP=0000000000111ff2 RFL=00000293 [--S-A-C] CPL=0 II=0 A20=1 SMM=0 HLT=0
ES =0010 0000000000000000 ffffffff 00cf9300 DPL=0 DS   [-WA]
CS =0008 0000000000000000 ffffffff 00af9a00 DPL=0 CS64 [-R-]
SS =0010 0000000000000000 ffffffff 00cf9300 DPL=0 DS   [-WA]
DS =0010 0000000000000000 ffffffff 00cf9300 DPL=0 DS   [-WA]
FS =0010 0000000000000000 ffffffff 00cf9300 DPL=0 DS   [-WA]
GS =0010 0000000000000000 ffffffff 00cf9300 DPL=0 DS   [-WA]
LDT=0000 0000000000000000 0000ffff 00008200 DPL=0 LDT
TR =0040 0000000000299ae0 0000006f 00208900 DPL=0 TSS64-avl
GDT=     0000000000271ce0 0000004f
IDT=     0000000000271d60 00000fff
CR0=80000013 CR2=0000000000000000 CR3=00000000001ba000 CR4=00000620
DR0=0000000000000000 DR1=0000000000000000 DR2=0000000000000000 DR3=0000000000000000 
DR6=00000000ffff0ff0 DR7=0000000000000400
CCS=0000000000000091 CCD=fffffffffd13a89b CCO=EFLAGS
EFER=0000000000000500
Servicing hardware INT=0x20
   176: v=20 e=0000 i=0 cpl=0 IP=0008:0000000000111ff2 pc=0000000000111ff2 SP=0010:00000000001b9e60 env->regs[R_EAX]=00000000000ea27d
RAX=00000000000ea27d RBX=00000000cccccccd RCX=000000000000001b RDX=00000000000003f8
RSI=0000000000000000 RDI=00000000fee00000 RBP=00000000001b9ff0 RSP=00000000001b9e60
R8 =0000000000000001 R9 =0000000000000000 R10=00000000002f7000 R11=000000000000005e
R12=0000000000000000 R13=0000000000000001 R14=0000000000000001 R15=0000000000008003
RIP=0000000000111ff2 RFL=00000293 [--S-A-C] CPL=0 II=0 A20=1 SMM=0 HLT=0
ES =0010 0000000000000000 ffffffff 00cf9300 DPL=0 DS   [-WA]
CS =0008 0000000000000000 ffffffff 00af9a00 DPL=0 CS64 [-R-]
SS =0010 0000000000000000 ffffffff 00cf9300 DPL=0 DS   [-WA]
DS =0010 0000000000000000 ffffffff 00cf9300 DPL=0 DS   [-WA]
FS =0010 0000000000000000 ffffffff 00cf9300 DPL=0 DS   [-WA]
GS =0010 0000000000000000 ffffffff 00cf9300 DPL=0 DS   [-WA]
LDT=0000 0000000000000000 0000ffff 00008200 DPL=0 LDT
TR =0040 0000000000299ae0 0000006f 00208900 DPL=0 TSS64-avl
GDT=     0000000000271ce0 0000004f
IDT=     0000000000271d60 00000fff
CR0=80000013 CR2=0000000000000000 CR3=00000000001ba000 CR4=00000620
DR0=0000000000000000 DR1=0000000000000000 DR2=0000000000000000 DR3=0000000000000000 
DR6=00000000ffff0ff0 DR7=0000000000000400
CCS=0000000000000091 CCD=fffffffffd13b1fd CCO=EFLAGS
EFER=0000000000000500
Servicing hardware INT=0x20
   177: v=20 e=0000 i=0 cpl=0 IP=0008:0000000000111ff2 pc=0000000000111ff2 SP=0010:00000000001b9e60 env->regs[R_EAX]=00000000000ecbfd
RAX=00000000000ecbfd RBX=00000000cccccccd RCX=000000000000001b RDX=00000000000003f8
RSI=0000000000000000 RDI=00000000fee00000 RBP=00000000001b9ff0 RSP=00000000001b9e60
R8 =0000000000000001 R9 =0000000000000000 R10=00000000002f7000 R11=000000000000005e
R12=0000000000000000 R13=0000000000000001 R14=0000000000000001 R15=0000000000008003
RIP=0000000000111ff2 RFL=00000297 [--S-APC] CPL=0 II=0 A20=1 SMM=0 HLT=0
ES =0010 0000000000000000 ffffffff 00cf9300 DPL=0 DS   [-WA]
CS =0008 0000000000000000 ffffffff 00af9a00 DPL=0 CS64 [-R-]
SS =0010 0000000000000000 ffffffff 00cf9300 DPL=0 DS   [-WA]
DS =0010 0000000000000000 ffffffff 00cf9300 DPL=0 DS   [-WA]
FS =0010 0000000000000000 ffffffff 00cf9300 DPL=0 DS   [-WA]
GS =0010 0000000000000000 ffffffff 00cf9300 DPL=0 DS   [-WA]
LDT=0000 0000000000000000 0000ffff 00008200 DPL=0 LDT
TR =0040 0000000000299ae0 0000006f 00208900 DPL=0 TSS64-avl
GDT=     0000000000271ce0 0000004f
IDT=     0000000000271d60 00000fff
CR0=80000013 CR2=0000000000000000 CR3=00000000001ba000 CR4=00000620
DR0=0000000000000000 DR1=0000000000000000 DR2=0000000000000000 DR3=0000000000000000 
DR6=00000000ffff0ff0 DR7=0000000000000400
CCS=0000000000000095 CCD=fffffffffd13db7d CCO=EFLAGS
EFER=0000000000000500
Servicing hardware INT=0x20
   178: v=20 e=0000 i=0 cpl=0 IP=0008:0000000000111ff2 pc=0000000000111ff2 SP=0010:00000000001b9e60 env->regs[R_EAX]=00000000000ed753
RAX=00000000000ed753 RBX=00000000cccccccd RCX=000000000000001b RDX=00000000000003f8
RSI=0000000000000000 RDI=00000000fee00000 RBP=00000000001b9ff0 RSP=00000000001b9e60
R8 =0000000000000001 R9 =0000000000000000 R10=00000000002f7000 R11=000000000000005e
R12=0000000000000000 R13=0000000000000001 R14=0000000000000001 R15=0000000000008003
RIP=0000000000111ff2 RFL=00000293 [--S-A-C] CPL=0 II=0 A20=1 SMM=0 HLT=0
ES =0010 0000000000000000 ffffffff 00cf9300 DPL=0 DS   [-WA]
CS =0008 0000000000000000 ffffffff 00af9a00 DPL=0 CS64 [-R-]
SS =0010 0000000000000000 ffffffff 00cf9300 DPL=0 DS   [-WA]
DS =0010 0000000000000000 ffffffff 00cf9300 DPL=0 DS   [-WA]
FS =0010 0000000000000000 ffffffff 00cf9300 DPL=0 DS   [-WA]
GS =0010 0000000000000000 ffffffff 00cf9300 DPL=0 DS   [-WA]
LDT=0000 0000000000000000 0000ffff 00008200 DPL=0 LDT
TR =0040 0000000000299ae0 0000006f 00208900 DPL=0 TSS64-avl
GDT=     0000000000271ce0 0000004f
IDT=     0000000000271d60 00000fff
CR0=80000013 CR2=0000000000000000 CR3=00000000001ba000 CR4=00000620
DR0=0000000000000000 DR1=0000000000000000 DR2=0000000000000000 DR3=0000000000000000 
DR6=00000000ffff0ff0 DR7=0000000000000400
CCS=0000000000000091 CCD=fffffffffd13e6d3 CCO=EFLAGS
EFER=0000000000000500
Servicing hardware INT=0x20
   179: v=20 e=0000 i=0 cpl=0 IP=0008:0000000000111ff2 pc=0000000000111ff2 SP=0010:00000000001b9e60 env->regs[R_EAX]=00000000000f0817
RAX=00000000000f0817 RBX=00000000cccccccd RCX=000000000000001b RDX=00000000000003f8
RSI=0000000000000000 RDI=00000000fee00000 RBP=00000000001b9ff0 RSP=00000000001b9e60
R8 =0000000000000001 R9 =0000000000000000 R10=00000000002f7000 R11=000000000000005e
R12=0000000000000000 R13=0000000000000001 R14=0000000000000001 R15=0000000000008003
RIP=0000000000111ff2 RFL=00000293 [--S-A-C] CPL=0 II=0 A20=1 SMM=0 HLT=0
ES =0010 0000000000000000 ffffffff 00cf9300 DPL=0 DS   [-WA]
CS =0008 0000000000000000 ffffffff 00af9a00 DPL=0 CS64 [-R-]
SS =0010 0000000000000000 ffffffff 00cf9300 DPL=0 DS   [-WA]
DS =0010 0000000000000000 ffffffff 00cf9300 DPL=0 DS   [-WA]
FS =0010 0000000000000000 ffffffff 00cf9300 DPL=0 DS   [-WA]
GS =0010 0000000000000000 ffffffff 00cf9300 DPL=0 DS   [-WA]
LDT=0000 0000000000000000 0000ffff 00008200 DPL=0 LDT
TR =0040 0000000000299ae0 0000006f 00208900 DPL=0 TSS64-avl
GDT=     0000000000271ce0 0000004f
IDT=     0000000000271d60 00000fff
CR0=80000013 CR2=0000000000000000 CR3=00000000001ba000 CR4=00000620
DR0=0000000000000000 DR1=0000000000000000 DR2=0000000000000000 DR3=0000000000000000 
DR6=00000000ffff0ff0 DR7=0000000000000400
CCS=0000000000000091 CCD=fffffffffd141797 CCO=EFLAGS
EFER=0000000000000500
Servicing hardware INT=0x20
   180: v=20 e=0000 i=0 cpl=0 IP=0008:0000000000111ff2 pc=0000000000111ff2 SP=0010:00000000001b9e60 env->regs[R_EAX]=00000000000f1421
RAX=00000000000f1421 RBX=00000000cccccccd RCX=000000000000001b RDX=00000000000003f8
RSI=0000000000000000 RDI=00000000fee00000 RBP=00000000001b9ff0 RSP=00000000001b9e60
R8 =0000000000000001 R9 =0000000000000000 R10=00000000002f7000 R11=000000000000005e
R12=0000000000000000 R13=0000000000000001 R14=0000000000000001 R15=0000000000008003
RIP=0000000000111ff2 RFL=00000293 [--S-A-C] CPL=0 II=0 A20=1 SMM=0 HLT=0
ES =0010 0000000000000000 ffffffff 00cf9300 DPL=0 DS   [-WA]
CS =0008 0000000000000000 ffffffff 00af9a00 DPL=0 CS64 [-R-]
SS =0010 0000000000000000 ffffffff 00cf9300 DPL=0 DS   [-WA]
DS =0010 0000000000000000 ffffffff 00cf9300 DPL=0 DS   [-WA]
FS =0010 0000000000000000 ffffffff 00cf9300 DPL=0 DS   [-WA]
GS =0010 0000000000000000 ffffffff 00cf9300 DPL=0 DS   [-WA]
LDT=0000 0000000000000000 0000ffff 00008200 DPL=0 LDT
TR =0040 0000000000299ae0 0000006f 00208900 DPL=0 TSS64-avl
GDT=     0000000000271ce0 0000004f
IDT=     0000000000271d60 00000fff
CR0=80000013 CR2=0000000000000000 CR3=00000000001ba000 CR4=00000620
DR0=0000000000000000 DR1=0000000000000000 DR2=0000000000000000 DR3=0000000000000000 
DR6=00000000ffff0ff0 DR7=0000000000000400
CCS=0000000000000091 CCD=fffffffffd1423a1 CCO=EFLAGS
EFER=0000000000000500
Servicing hardware INT=0x20
   181: v=20 e=0000 i=0 cpl=0 IP=0008:0000000000111ff2 pc=0000000000111ff2 SP=0010:00000000001b9e60 env->regs[R_EAX]=00000000000f4272
RAX=00000000000f4272 RBX=00000000cccccccd RCX=000000000000001b RDX=00000000000003f8
RSI=0000000000000000 RDI=00000000fee00000 RBP=00000000001b9ff0 RSP=00000000001b9e60
R8 =0000000000000001 R9 =0000000000000000 R10=00000000002f7000 R11=000000000000005e
R12=0000000000000000 R13=0000000000000001 R14=0000000000000001 R15=0000000000008003
RIP=0000000000111ff2 RFL=00000293 [--S-A-C] CPL=0 II=0 A20=1 SMM=0 HLT=0
ES =0010 0000000000000000 ffffffff 00cf9300 DPL=0 DS   [-WA]
CS =0008 0000000000000000 ffffffff 00af9a00 DPL=0 CS64 [-R-]
SS =0010 0000000000000000 ffffffff 00cf9300 DPL=0 DS   [-WA]
DS =0010 0000000000000000 ffffffff 00cf9300 DPL=0 DS   [-WA]
FS =0010 0000000000000000 ffffffff 00cf9300 DPL=0 DS   [-WA]
GS =0010 0000000000000000 ffffffff 00cf9300 DPL=0 DS   [-WA]
LDT=0000 0000000000000000 0000ffff 00008200 DPL=0 LDT
TR =0040 0000000000299ae0 0000006f 00208900 DPL=0 TSS64-avl
GDT=     0000000000271ce0 0000004f
IDT=     0000000000271d60 00000fff
CR0=80000013 CR2=0000000000000000 CR3=00000000001ba000 CR4=00000620
DR0=0000000000000000 DR1=0000000000000000 DR2=0000000000000000 DR3=0000000000000000 
DR6=00000000ffff0ff0 DR7=0000000000000400
CCS=0000000000000091 CCD=fffffffffd1451f2 CCO=EFLAGS
EFER=0000000000000500
Servicing hardware INT=0x20
   182: v=20 e=0000 i=0 cpl=0 IP=0008:0000000000111ff2 pc=0000000000111ff2 SP=0010:00000000001b9e60 env->regs[R_EAX]=00000000000f4d93
RAX=00000000000f4d93 RBX=00000000cccccccd RCX=000000000000001b RDX=00000000000003f8
RSI=0000000000000000 RDI=00000000fee00000 RBP=00000000001b9ff0 RSP=00000000001b9e60
R8 =0000000000000001 R9 =0000000000000000 R10=00000000002f7000 R11=000000000000005e
R12=0000000000000000 R13=0000000000000001 R14=0000000000000001 R15=0000000000008003
RIP=0000000000111ff2 RFL=00000293 [--S-A-C] CPL=0 II=0 A20=1 SMM=0 HLT=0
ES =0010 0000000000000000 ffffffff 00cf9300 DPL=0 DS   [-WA]
CS =0008 0000000000000000 ffffffff 00af9a00 DPL=0 CS64 [-R-]
SS =0010 0000000000000000 ffffffff 00cf9300 DPL=0 DS   [-WA]
DS =0010 0000000000000000 ffffffff 00cf9300 DPL=0 DS   [-WA]
FS =0010 0000000000000000 ffffffff 00cf9300 DPL=0 DS   [-WA]
GS =0010 0000000000000000 ffffffff 00cf9300 DPL=0 DS   [-WA]
LDT=0000 0000000000000000 0000ffff 00008200 DPL=0 LDT
TR =0040 0000000000299ae0 0000006f 00208900 DPL=0 TSS64-avl
GDT=     0000000000271ce0 0000004f
IDT=     0000000000271d60 00000fff
CR0=80000013 CR2=0000000000000000 CR3=00000000001ba000 CR4=00000620
DR0=0000000000000000 DR1=0000000000000000 DR2=0000000000000000 DR3=0000000000000000 
DR6=00000000ffff0ff0 DR7=0000000000000400
CCS=0000000000000091 CCD=fffffffffd145d13 CCO=EFLAGS
EFER=0000000000000500
Servicing hardware INT=0x20
   183: v=20 e=0000 i=0 cpl=0 IP=0008:0000000000111ff2 pc=0000000000111ff2 SP=0010:00000000001b9e60 env->regs[R_EAX]=00000000000f7d4b
RAX=00000000000f7d4b RBX=00000000cccccccd RCX=000000000000001b RDX=00000000000003f8
RSI=0000000000000000 RDI=00000000fee00000 RBP=00000000001b9ff0 RSP=00000000001b9e60
R8 =0000000000000001 R9 =0000000000000000 R10=00000000002f7000 R11=000000000000005e
R12=0000000000000000 R13=0000000000000001 R14=0000000000000001 R15=0000000000008003
RIP=0000000000111ff2 RFL=00000293 [--S-A-C] CPL=0 II=0 A20=1 SMM=0 HLT=0
ES =0010 0000000000000000 ffffffff 00cf9300 DPL=0 DS   [-WA]
CS =0008 0000000000000000 ffffffff 00af9a00 DPL=0 CS64 [-R-]
SS =0010 0000000000000000 ffffffff 00cf9300 DPL=0 DS   [-WA]
DS =0010 0000000000000000 ffffffff 00cf9300 DPL=0 DS   [-WA]
FS =0010 0000000000000000 ffffffff 00cf9300 DPL=0 DS   [-WA]
GS =0010 0000000000000000 ffffffff 00cf9300 DPL=0 DS   [-WA]
LDT=0000 0000000000000000 0000ffff 00008200 DPL=0 LDT
TR =0040 0000000000299ae0 0000006f 00208900 DPL=0 TSS64-avl
GDT=     0000000000271ce0 0000004f
IDT=     0000000000271d60 00000fff
CR0=80000013 CR2=0000000000000000 CR3=00000000001ba000 CR4=00000620
DR0=0000000000000000 DR1=0000000000000000 DR2=0000000000000000 DR3=0000000000000000 
DR6=00000000ffff0ff0 DR7=0000000000000400
CCS=0000000000000091 CCD=fffffffffd148ccb CCO=EFLAGS
EFER=0000000000000500
Servicing hardware INT=0x20
   184: v=20 e=0000 i=0 cpl=0 IP=0008:0000000000111ff2 pc=0000000000111ff2 SP=0010:00000000001b9e60 env->regs[R_EAX]=00000000000f8887
RAX=00000000000f8887 RBX=00000000cccccccd RCX=000000000000001b RDX=00000000000003f8
RSI=0000000000000000 RDI=00000000fee00000 RBP=00000000001b9ff0 RSP=00000000001b9e60
R8 =0000000000000001 R9 =0000000000000000 R10=00000000002f7000 R11=000000000000005e
R12=0000000000000000 R13=0000000000000001 R14=0000000000000001 R15=0000000000008003
RIP=0000000000111ff2 RFL=00000293 [--S-A-C] CPL=0 II=0 A20=1 SMM=0 HLT=0
ES =0010 0000000000000000 ffffffff 00cf9300 DPL=0 DS   [-WA]
CS =0008 0000000000000000 ffffffff 00af9a00 DPL=0 CS64 [-R-]
SS =0010 0000000000000000 ffffffff 00cf9300 DPL=0 DS   [-WA]
DS =0010 0000000000000000 ffffffff 00cf9300 DPL=0 DS   [-WA]
FS =0010 0000000000000000 ffffffff 00cf9300 DPL=0 DS   [-WA]
GS =0010 0000000000000000 ffffffff 00cf9300 DPL=0 DS   [-WA]
LDT=0000 0000000000000000 0000ffff 00008200 DPL=0 LDT
TR =0040 0000000000299ae0 0000006f 00208900 DPL=0 TSS64-avl
GDT=     0000000000271ce0 0000004f
IDT=     0000000000271d60 00000fff
CR0=80000013 CR2=0000000000000000 CR3=00000000001ba000 CR4=00000620
DR0=0000000000000000 DR1=0000000000000000 DR2=0000000000000000 DR3=0000000000000000 
DR6=00000000ffff0ff0 DR7=0000000000000400
CCS=0000000000000091 CCD=fffffffffd149807 CCO=EFLAGS
EFER=0000000000000500
Servicing hardware INT=0x20
   185: v=20 e=0000 i=0 cpl=0 IP=0008:0000000000111ff2 pc=0000000000111ff2 SP=0010:00000000001b9e60 env->regs[R_EAX]=00000000000fb820
RAX=00000000000fb820 RBX=00000000cccccccd RCX=000000000000001b RDX=00000000000003f8
RSI=0000000000000000 RDI=00000000fee00000 RBP=00000000001b9ff0 RSP=00000000001b9e60
R8 =0000000000000001 R9 =0000000000000000 R10=00000000002f7000 R11=000000000000005e
R12=0000000000000000 R13=0000000000000001 R14=0000000000000001 R15=0000000000008003
RIP=0000000000111ff2 RFL=00000287 [--S--PC] CPL=0 II=0 A20=1 SMM=0 HLT=0
ES =0010 0000000000000000 ffffffff 00cf9300 DPL=0 DS   [-WA]
CS =0008 0000000000000000 ffffffff 00af9a00 DPL=0 CS64 [-R-]
SS =0010 0000000000000000 ffffffff 00cf9300 DPL=0 DS   [-WA]
DS =0010 0000000000000000 ffffffff 00cf9300 DPL=0 DS   [-WA]
FS =0010 0000000000000000 ffffffff 00cf9300 DPL=0 DS   [-WA]
GS =0010 0000000000000000 ffffffff 00cf9300 DPL=0 DS   [-WA]
LDT=0000 0000000000000000 0000ffff 00008200 DPL=0 LDT
TR =0040 0000000000299ae0 0000006f 00208900 DPL=0 TSS64-avl
GDT=     0000000000271ce0 0000004f
IDT=     0000000000271d60 00000fff
CR0=80000013 CR2=0000000000000000 CR3=00000000001ba000 CR4=00000620
DR0=0000000000000000 DR1=0000000000000000 DR2=0000000000000000 DR3=0000000000000000 
DR6=00000000ffff0ff0 DR7=0000000000000400
CCS=0000000000000085 CCD=fffffffffd14c7a0 CCO=EFLAGS
EFER=0000000000000500
Servicing hardware INT=0x20
   186: v=20 e=0000 i=0 cpl=0 IP=0008:0000000000111ff2 pc=0000000000111ff2 SP=0010:00000000001b9e60 env->regs[R_EAX]=00000000000fc3ca
RAX=00000000000fc3ca RBX=00000000cccccccd RCX=000000000000001b RDX=00000000000003f8
RSI=0000000000000000 RDI=00000000fee00000 RBP=00000000001b9ff0 RSP=00000000001b9e60
R8 =0000000000000001 R9 =0000000000000000 R10=00000000002f7000 R11=000000000000005e
R12=0000000000000000 R13=0000000000000001 R14=0000000000000001 R15=0000000000008003
RIP=0000000000111ff2 RFL=00000293 [--S-A-C] CPL=0 II=0 A20=1 SMM=0 HLT=0
ES =0010 0000000000000000 ffffffff 00cf9300 DPL=0 DS   [-WA]
CS =0008 0000000000000000 ffffffff 00af9a00 DPL=0 CS64 [-R-]
SS =0010 0000000000000000 ffffffff 00cf9300 DPL=0 DS   [-WA]
DS =0010 0000000000000000 ffffffff 00cf9300 DPL=0 DS   [-WA]
FS =0010 0000000000000000 ffffffff 00cf9300 DPL=0 DS   [-WA]
GS =0010 0000000000000000 ffffffff 00cf9300 DPL=0 DS   [-WA]
LDT=0000 0000000000000000 0000ffff 00008200 DPL=0 LDT
TR =0040 0000000000299ae0 0000006f 00208900 DPL=0 TSS64-avl
GDT=     0000000000271ce0 0000004f
IDT=     0000000000271d60 00000fff
CR0=80000013 CR2=0000000000000000 CR3=00000000001ba000 CR4=00000620
DR0=0000000000000000 DR1=0000000000000000 DR2=0000000000000000 DR3=0000000000000000 
DR6=00000000ffff0ff0 DR7=0000000000000400
CCS=0000000000000091 CCD=fffffffffd14d34a CCO=EFLAGS
EFER=0000000000000500
Servicing hardware INT=0x20
   187: v=20 e=0000 i=0 cpl=0 IP=0008:0000000000111ff2 pc=0000000000111ff2 SP=0010:00000000001b9e60 env->regs[R_EAX]=00000000000ff346
RAX=00000000000ff346 RBX=00000000cccccccd RCX=000000000000001b RDX=00000000000003f8
RSI=0000000000000000 RDI=00000000fee00000 RBP=00000000001b9ff0 RSP=00000000001b9e60
R8 =0000000000000001 R9 =0000000000000000 R10=00000000002f7000 R11=000000000000005e
R12=0000000000000000 R13=0000000000000001 R14=0000000000000001 R15=0000000000008003
RIP=0000000000111ff2 RFL=00000297 [--S-APC] CPL=0 II=0 A20=1 SMM=0 HLT=0
ES =0010 0000000000000000 ffffffff 00cf9300 DPL=0 DS   [-WA]
CS =0008 0000000000000000 ffffffff 00af9a00 DPL=0 CS64 [-R-]
SS =0010 0000000000000000 ffffffff 00cf9300 DPL=0 DS   [-WA]
DS =0010 0000000000000000 ffffffff 00cf9300 DPL=0 DS   [-WA]
FS =0010 0000000000000000 ffffffff 00cf9300 DPL=0 DS   [-WA]
GS =0010 0000000000000000 ffffffff 00cf9300 DPL=0 DS   [-WA]
LDT=0000 0000000000000000 0000ffff 00008200 DPL=0 LDT
TR =0040 0000000000299ae0 0000006f 00208900 DPL=0 TSS64-avl
GDT=     0000000000271ce0 0000004f
IDT=     0000000000271d60 00000fff
CR0=80000013 CR2=0000000000000000 CR3=00000000001ba000 CR4=00000620
DR0=0000000000000000 DR1=0000000000000000 DR2=0000000000000000 DR3=0000000000000000 
DR6=00000000ffff0ff0 DR7=0000000000000400
CCS=0000000000000095 CCD=fffffffffd1502c6 CCO=EFLAGS
EFER=0000000000000500
Servicing hardware INT=0x20
   188: v=20 e=0000 i=0 cpl=0 IP=0008:0000000000111ff2 pc=0000000000111ff2 SP=0010:00000000001b9e60 env->regs[R_EAX]=00000000000ffe2a
RAX=00000000000ffe2a RBX=00000000cccccccd RCX=000000000000001b RDX=00000000000003f8
RSI=0000000000000000 RDI=00000000fee00000 RBP=00000000001b9ff0 RSP=00000000001b9e60
R8 =0000000000000001 R9 =0000000000000000 R10=00000000002f7000 R11=000000000000005e
R12=0000000000000000 R13=0000000000000001 R14=0000000000000001 R15=0000000000008003
RIP=0000000000111ff2 RFL=00000297 [--S-APC] CPL=0 II=0 A20=1 SMM=0 HLT=0
ES =0010 0000000000000000 ffffffff 00cf9300 DPL=0 DS   [-WA]
CS =0008 0000000000000000 ffffffff 00af9a00 DPL=0 CS64 [-R-]
SS =0010 0000000000000000 ffffffff 00cf9300 DPL=0 DS   [-WA]
DS =0010 0000000000000000 ffffffff 00cf9300 DPL=0 DS   [-WA]
FS =0010 0000000000000000 ffffffff 00cf9300 DPL=0 DS   [-WA]
GS =0010 0000000000000000 ffffffff 00cf9300 DPL=0 DS   [-WA]
LDT=0000 0000000000000000 0000ffff 00008200 DPL=0 LDT
TR =0040 0000000000299ae0 0000006f 00208900 DPL=0 TSS64-avl
GDT=     0000000000271ce0 0000004f
IDT=     0000000000271d60 00000fff
CR0=80000013 CR2=0000000000000000 CR3=00000000001ba000 CR4=00000620
DR0=0000000000000000 DR1=0000000000000000 DR2=0000000000000000 DR3=0000000000000000 
DR6=00000000ffff0ff0 DR7=0000000000000400
CCS=0000000000000095 CCD=fffffffffd150daa CCO=EFLAGS
EFER=0000000000000500
Servicing hardware INT=0x20
   189: v=20 e=0000 i=0 cpl=0 IP=0008:0000000000111ff2 pc=0000000000111ff2 SP=0010:00000000001b9e60 env->regs[R_EAX]=0000000000102637
RAX=0000000000102637 RBX=00000000cccccccd RCX=000000000000001b RDX=00000000000003f8
RSI=0000000000000000 RDI=00000000fee00000 RBP=00000000001b9ff0 RSP=00000000001b9e60
R8 =0000000000000001 R9 =0000000000000000 R10=00000000002f7000 R11=000000000000005e
R12=0000000000000000 R13=0000000000000001 R14=0000000000000001 R15=0000000000008003
RIP=0000000000111ff2 RFL=00000297 [--S-APC] CPL=0 II=0 A20=1 SMM=0 HLT=0
ES =0010 0000000000000000 ffffffff 00cf9300 DPL=0 DS   [-WA]
CS =0008 0000000000000000 ffffffff 00af9a00 DPL=0 CS64 [-R-]
SS =0010 0000000000000000 ffffffff 00cf9300 DPL=0 DS   [-WA]
DS =0010 0000000000000000 ffffffff 00cf9300 DPL=0 DS   [-WA]
FS =0010 0000000000000000 ffffffff 00cf9300 DPL=0 DS   [-WA]
GS =0010 0000000000000000 ffffffff 00cf9300 DPL=0 DS   [-WA]
LDT=0000 0000000000000000 0000ffff 00008200 DPL=0 LDT
TR =0040 0000000000299ae0 0000006f 00208900 DPL=0 TSS64-avl
GDT=     0000000000271ce0 0000004f
IDT=     0000000000271d60 00000fff
CR0=80000013 CR2=0000000000000000 CR3=00000000001ba000 CR4=00000620
DR0=0000000000000000 DR1=0000000000000000 DR2=0000000000000000 DR3=0000000000000000 
DR6=00000000ffff0ff0 DR7=0000000000000400
CCS=0000000000000095 CCD=fffffffffd1535b7 CCO=EFLAGS
EFER=0000000000000500
Servicing hardware INT=0x20
   190: v=20 e=0000 i=0 cpl=0 IP=0008:0000000000111ff2 pc=0000000000111ff2 SP=0010:00000000001b9e60 env->regs[R_EAX]=0000000000103038
RAX=0000000000103038 RBX=00000000cccccccd RCX=000000000000001b RDX=00000000000003f8
RSI=0000000000000000 RDI=00000000fee00000 RBP=00000000001b9ff0 RSP=00000000001b9e60
R8 =0000000000000001 R9 =0000000000000000 R10=00000000002f7000 R11=000000000000005e
R12=0000000000000000 R13=0000000000000001 R14=0000000000000001 R15=0000000000008003
RIP=0000000000111ff2 RFL=00000297 [--S-APC] CPL=0 II=0 A20=1 SMM=0 HLT=0
ES =0010 0000000000000000 ffffffff 00cf9300 DPL=0 DS   [-WA]
CS =0008 0000000000000000 ffffffff 00af9a00 DPL=0 CS64 [-R-]
SS =0010 0000000000000000 ffffffff 00cf9300 DPL=0 DS   [-WA]
DS =0010 0000000000000000 ffffffff 00cf9300 DPL=0 DS   [-WA]
FS =0010 0000000000000000 ffffffff 00cf9300 DPL=0 DS   [-WA]
GS =0010 0000000000000000 ffffffff 00cf9300 DPL=0 DS   [-WA]
LDT=0000 0000000000000000 0000ffff 00008200 DPL=0 LDT
TR =0040 0000000000299ae0 0000006f 00208900 DPL=0 TSS64-avl
GDT=     0000000000271ce0 0000004f
IDT=     0000000000271d60 00000fff
CR0=80000013 CR2=0000000000000000 CR3=00000000001ba000 CR4=00000620
DR0=0000000000000000 DR1=0000000000000000 DR2=0000000000000000 DR3=0000000000000000 
DR6=00000000ffff0ff0 DR7=0000000000000400
CCS=0000000000000095 CCD=fffffffffd153fb8 CCO=EFLAGS
EFER=0000000000000500
Servicing hardware INT=0x20
   191: v=20 e=0000 i=0 cpl=0 IP=0008:0000000000111ff2 pc=0000000000111ff2 SP=0010:00000000001b9e60 env->regs[R_EAX]=0000000000105d51
RAX=0000000000105d51 RBX=00000000cccccccd RCX=000000000000001b RDX=00000000000003f8
RSI=0000000000000000 RDI=00000000fee00000 RBP=00000000001b9ff0 RSP=00000000001b9e60
R8 =0000000000000001 R9 =0000000000000000 R10=00000000002f7000 R11=000000000000005e
R12=0000000000000000 R13=0000000000000001 R14=0000000000000001 R15=0000000000008003
RIP=0000000000111ff2 RFL=00000297 [--S-APC] CPL=0 II=0 A20=1 SMM=0 HLT=0
ES =0010 0000000000000000 ffffffff 00cf9300 DPL=0 DS   [-WA]
CS =0008 0000000000000000 ffffffff 00af9a00 DPL=0 CS64 [-R-]
SS =0010 0000000000000000 ffffffff 00cf9300 DPL=0 DS   [-WA]
DS =0010 0000000000000000 ffffffff 00cf9300 DPL=0 DS   [-WA]
FS =0010 0000000000000000 ffffffff 00cf9300 DPL=0 DS   [-WA]
GS =0010 0000000000000000 ffffffff 00cf9300 DPL=0 DS   [-WA]
LDT=0000 0000000000000000 0000ffff 00008200 DPL=0 LDT
TR =0040 0000000000299ae0 0000006f 00208900 DPL=0 TSS64-avl
GDT=     0000000000271ce0 0000004f
IDT=     0000000000271d60 00000fff
CR0=80000013 CR2=0000000000000000 CR3=00000000001ba000 CR4=00000620
DR0=0000000000000000 DR1=0000000000000000 DR2=0000000000000000 DR3=0000000000000000 
DR6=00000000ffff0ff0 DR7=0000000000000400
CCS=0000000000000095 CCD=fffffffffd156cd1 CCO=EFLAGS
EFER=0000000000000500
Servicing hardware INT=0x20
   192: v=20 e=0000 i=0 cpl=0 IP=0008:0000000000111ff2 pc=0000000000111ff2 SP=0010:00000000001b9e60 env->regs[R_EAX]=00000000001068e8
RAX=00000000001068e8 RBX=00000000cccccccd RCX=000000000000001b RDX=00000000000003f8
RSI=0000000000000000 RDI=00000000fee00000 RBP=00000000001b9ff0 RSP=00000000001b9e60
R8 =0000000000000001 R9 =0000000000000000 R10=00000000002f7000 R11=000000000000005e
R12=0000000000000000 R13=0000000000000001 R14=0000000000000001 R15=0000000000008003
RIP=0000000000111ff2 RFL=00000293 [--S-A-C] CPL=0 II=0 A20=1 SMM=0 HLT=0
ES =0010 0000000000000000 ffffffff 00cf9300 DPL=0 DS   [-WA]
CS =0008 0000000000000000 ffffffff 00af9a00 DPL=0 CS64 [-R-]
SS =0010 0000000000000000 ffffffff 00cf9300 DPL=0 DS   [-WA]
DS =0010 0000000000000000 ffffffff 00cf9300 DPL=0 DS   [-WA]
FS =0010 0000000000000000 ffffffff 00cf9300 DPL=0 DS   [-WA]
GS =0010 0000000000000000 ffffffff 00cf9300 DPL=0 DS   [-WA]
LDT=0000 0000000000000000 0000ffff 00008200 DPL=0 LDT
TR =0040 0000000000299ae0 0000006f 00208900 DPL=0 TSS64-avl
GDT=     0000000000271ce0 0000004f
IDT=     0000000000271d60 00000fff
CR0=80000013 CR2=0000000000000000 CR3=00000000001ba000 CR4=00000620
DR0=0000000000000000 DR1=0000000000000000 DR2=0000000000000000 DR3=0000000000000000 
DR6=00000000ffff0ff0 DR7=0000000000000400
CCS=0000000000000091 CCD=fffffffffd157868 CCO=EFLAGS
EFER=0000000000000500
Servicing hardware INT=0x20
   193: v=20 e=0000 i=0 cpl=0 IP=0008:0000000000111ff2 pc=0000000000111ff2 SP=0010:00000000001b9e60 env->regs[R_EAX]=00000000001092d6
RAX=00000000001092d6 RBX=00000000cccccccd RCX=000000000000001b RDX=00000000000003f8
RSI=0000000000000000 RDI=00000000fee00000 RBP=00000000001b9ff0 RSP=00000000001b9e60
R8 =0000000000000001 R9 =0000000000000000 R10=00000000002f7000 R11=000000000000005e
R12=0000000000000000 R13=0000000000000001 R14=0000000000000001 R15=0000000000008003
RIP=0000000000111ff2 RFL=00000297 [--S-APC] CPL=0 II=0 A20=1 SMM=0 HLT=0
ES =0010 0000000000000000 ffffffff 00cf9300 DPL=0 DS   [-WA]
CS =0008 0000000000000000 ffffffff 00af9a00 DPL=0 CS64 [-R-]
SS =0010 0000000000000000 ffffffff 00cf9300 DPL=0 DS   [-WA]
DS =0010 0000000000000000 ffffffff 00cf9300 DPL=0 DS   [-WA]
FS =0010 0000000000000000 ffffffff 00cf9300 DPL=0 DS   [-WA]
GS =0010 0000000000000000 ffffffff 00cf9300 DPL=0 DS   [-WA]
LDT=0000 0000000000000000 0000ffff 00008200 DPL=0 LDT
TR =0040 0000000000299ae0 0000006f 00208900 DPL=0 TSS64-avl
GDT=     0000000000271ce0 0000004f
IDT=     0000000000271d60 00000fff
CR0=80000013 CR2=0000000000000000 CR3=00000000001ba000 CR4=00000620
DR0=0000000000000000 DR1=0000000000000000 DR2=0000000000000000 DR3=0000000000000000 
DR6=00000000ffff0ff0 DR7=0000000000000400
CCS=0000000000000095 CCD=fffffffffd15a256 CCO=EFLAGS
EFER=0000000000000500
Servicing hardware INT=0x20
   194: v=20 e=0000 i=0 cpl=0 IP=0008:0000000000111ff2 pc=0000000000111ff2 SP=0010:00000000001b9e60 env->regs[R_EAX]=000000000010a316
RAX=000000000010a316 RBX=00000000cccccccd RCX=000000000000001b RDX=00000000000003f8
RSI=0000000000000000 RDI=00000000fee00000 RBP=00000000001b9ff0 RSP=00000000001b9e60
R8 =0000000000000001 R9 =0000000000000000 R10=00000000002f7000 R11=000000000000005e
R12=0000000000000000 R13=0000000000000001 R14=0000000000000001 R15=0000000000008003
RIP=0000000000111ff2 RFL=00000297 [--S-APC] CPL=0 II=0 A20=1 SMM=0 HLT=0
ES =0010 0000000000000000 ffffffff 00cf9300 DPL=0 DS   [-WA]
CS =0008 0000000000000000 ffffffff 00af9a00 DPL=0 CS64 [-R-]
SS =0010 0000000000000000 ffffffff 00cf9300 DPL=0 DS   [-WA]
DS =0010 0000000000000000 ffffffff 00cf9300 DPL=0 DS   [-WA]
FS =0010 0000000000000000 ffffffff 00cf9300 DPL=0 DS   [-WA]
GS =0010 0000000000000000 ffffffff 00cf9300 DPL=0 DS   [-WA]
LDT=0000 0000000000000000 0000ffff 00008200 DPL=0 LDT
TR =0040 0000000000299ae0 0000006f 00208900 DPL=0 TSS64-avl
GDT=     0000000000271ce0 0000004f
IDT=     0000000000271d60 00000fff
CR0=80000013 CR2=0000000000000000 CR3=00000000001ba000 CR4=00000620
DR0=0000000000000000 DR1=0000000000000000 DR2=0000000000000000 DR3=0000000000000000 
DR6=00000000ffff0ff0 DR7=0000000000000400
CCS=0000000000000095 CCD=fffffffffd15b296 CCO=EFLAGS
EFER=0000000000000500
Servicing hardware INT=0x20
   195: v=20 e=0000 i=0 cpl=0 IP=0008:0000000000111ff2 pc=0000000000111ff2 SP=0010:00000000001b9e60 env->regs[R_EAX]=000000000010c914
RAX=000000000010c914 RBX=00000000cccccccd RCX=000000000000001b RDX=00000000000003f8
RSI=0000000000000000 RDI=00000000fee00000 RBP=00000000001b9ff0 RSP=00000000001b9e60
R8 =0000000000000001 R9 =0000000000000000 R10=00000000002f7000 R11=000000000000005e
R12=0000000000000000 R13=0000000000000001 R14=0000000000000001 R15=0000000000008003
RIP=0000000000111ff2 RFL=00000293 [--S-A-C] CPL=0 II=0 A20=1 SMM=0 HLT=0
ES =0010 0000000000000000 ffffffff 00cf9300 DPL=0 DS   [-WA]
CS =0008 0000000000000000 ffffffff 00af9a00 DPL=0 CS64 [-R-]
SS =0010 0000000000000000 ffffffff 00cf9300 DPL=0 DS   [-WA]
DS =0010 0000000000000000 ffffffff 00cf9300 DPL=0 DS   [-WA]
FS =0010 0000000000000000 ffffffff 00cf9300 DPL=0 DS   [-WA]
GS =0010 0000000000000000 ffffffff 00cf9300 DPL=0 DS   [-WA]
LDT=0000 0000000000000000 0000ffff 00008200 DPL=0 LDT
TR =0040 0000000000299ae0 0000006f 00208900 DPL=0 TSS64-avl
GDT=     0000000000271ce0 0000004f
IDT=     0000000000271d60 00000fff
CR0=80000013 CR2=0000000000000000 CR3=00000000001ba000 CR4=00000620
DR0=0000000000000000 DR1=0000000000000000 DR2=0000000000000000 DR3=0000000000000000 
DR6=00000000ffff0ff0 DR7=0000000000000400
CCS=0000000000000091 CCD=fffffffffd15d894 CCO=EFLAGS
EFER=0000000000000500
Servicing hardware INT=0x20
   196: v=20 e=0000 i=0 cpl=0 IP=0008:0000000000111ff2 pc=0000000000111ff2 SP=0010:00000000001b9e60 env->regs[R_EAX]=000000000010d3bb
RAX=000000000010d3bb RBX=00000000cccccccd RCX=000000000000001b RDX=00000000000003f8
RSI=0000000000000000 RDI=00000000fee00000 RBP=00000000001b9ff0 RSP=00000000001b9e60
R8 =0000000000000001 R9 =0000000000000000 R10=00000000002f7000 R11=000000000000005e
R12=0000000000000000 R13=0000000000000001 R14=0000000000000001 R15=0000000000008003
RIP=0000000000111ff2 RFL=00000293 [--S-A-C] CPL=0 II=0 A20=1 SMM=0 HLT=0
ES =0010 0000000000000000 ffffffff 00cf9300 DPL=0 DS   [-WA]
CS =0008 0000000000000000 ffffffff 00af9a00 DPL=0 CS64 [-R-]
SS =0010 0000000000000000 ffffffff 00cf9300 DPL=0 DS   [-WA]
DS =0010 0000000000000000 ffffffff 00cf9300 DPL=0 DS   [-WA]
FS =0010 0000000000000000 ffffffff 00cf9300 DPL=0 DS   [-WA]
GS =0010 0000000000000000 ffffffff 00cf9300 DPL=0 DS   [-WA]
LDT=0000 0000000000000000 0000ffff 00008200 DPL=0 LDT
TR =0040 0000000000299ae0 0000006f 00208900 DPL=0 TSS64-avl
GDT=     0000000000271ce0 0000004f
IDT=     0000000000271d60 00000fff
CR0=80000013 CR2=0000000000000000 CR3=00000000001ba000 CR4=00000620
DR0=0000000000000000 DR1=0000000000000000 DR2=0000000000000000 DR3=0000000000000000 
DR6=00000000ffff0ff0 DR7=0000000000000400
CCS=0000000000000091 CCD=fffffffffd15e33b CCO=EFLAGS
EFER=0000000000000500
Servicing hardware INT=0x20
   197: v=20 e=0000 i=0 cpl=0 IP=0008:0000000000111ff2 pc=0000000000111ff2 SP=0010:00000000001b9e60 env->regs[R_EAX]=00000000001104b7
RAX=00000000001104b7 RBX=00000000cccccccd RCX=000000000000001b RDX=00000000000003f8
RSI=0000000000000000 RDI=00000000fee00000 RBP=00000000001b9ff0 RSP=00000000001b9e60
R8 =0000000000000001 R9 =0000000000000000 R10=00000000002f7000 R11=000000000000005e
R12=0000000000000000 R13=0000000000000001 R14=0000000000000001 R15=0000000000008003
RIP=0000000000111ff2 RFL=00000293 [--S-A-C] CPL=0 II=0 A20=1 SMM=0 HLT=0
ES =0010 0000000000000000 ffffffff 00cf9300 DPL=0 DS   [-WA]
CS =0008 0000000000000000 ffffffff 00af9a00 DPL=0 CS64 [-R-]
SS =0010 0000000000000000 ffffffff 00cf9300 DPL=0 DS   [-WA]
DS =0010 0000000000000000 ffffffff 00cf9300 DPL=0 DS   [-WA]
FS =0010 0000000000000000 ffffffff 00cf9300 DPL=0 DS   [-WA]
GS =0010 0000000000000000 ffffffff 00cf9300 DPL=0 DS   [-WA]
LDT=0000 0000000000000000 0000ffff 00008200 DPL=0 LDT
TR =0040 0000000000299ae0 0000006f 00208900 DPL=0 TSS64-avl
GDT=     0000000000271ce0 0000004f
IDT=     0000000000271d60 00000fff
CR0=80000013 CR2=0000000000000000 CR3=00000000001ba000 CR4=00000620
DR0=0000000000000000 DR1=0000000000000000 DR2=0000000000000000 DR3=0000000000000000 
DR6=00000000ffff0ff0 DR7=0000000000000400
CCS=0000000000000091 CCD=fffffffffd161437 CCO=EFLAGS
EFER=0000000000000500
Servicing hardware INT=0x20
   198: v=20 e=0000 i=0 cpl=0 IP=0008:0000000000111ff2 pc=0000000000111ff2 SP=0010:00000000001b9e60 env->regs[R_EAX]=0000000000110ffd
RAX=0000000000110ffd RBX=00000000cccccccd RCX=000000000000001b RDX=00000000000003f8
RSI=0000000000000000 RDI=00000000fee00000 RBP=00000000001b9ff0 RSP=00000000001b9e60
R8 =0000000000000001 R9 =0000000000000000 R10=00000000002f7000 R11=000000000000005e
R12=0000000000000000 R13=0000000000000001 R14=0000000000000001 R15=0000000000008003
RIP=0000000000111ff2 RFL=00000297 [--S-APC] CPL=0 II=0 A20=1 SMM=0 HLT=0
ES =0010 0000000000000000 ffffffff 00cf9300 DPL=0 DS   [-WA]
CS =0008 0000000000000000 ffffffff 00af9a00 DPL=0 CS64 [-R-]
SS =0010 0000000000000000 ffffffff 00cf9300 DPL=0 DS   [-WA]
DS =0010 0000000000000000 ffffffff 00cf9300 DPL=0 DS   [-WA]
FS =0010 0000000000000000 ffffffff 00cf9300 DPL=0 DS   [-WA]
GS =0010 0000000000000000 ffffffff 00cf9300 DPL=0 DS   [-WA]
LDT=0000 0000000000000000 0000ffff 00008200 DPL=0 LDT
TR =0040 0000000000299ae0 0000006f 00208900 DPL=0 TSS64-avl
GDT=     0000000000271ce0 0000004f
IDT=     0000000000271d60 00000fff
CR0=80000013 CR2=0000000000000000 CR3=00000000001ba000 CR4=00000620
DR0=0000000000000000 DR1=0000000000000000 DR2=0000000000000000 DR3=0000000000000000 
DR6=00000000ffff0ff0 DR7=0000000000000400
CCS=0000000000000095 CCD=fffffffffd161f7d CCO=EFLAGS
EFER=0000000000000500
Servicing hardware INT=0x20
   199: v=20 e=0000 i=0 cpl=0 IP=0008:0000000000111ff2 pc=0000000000111ff2 SP=0010:00000000001b9e60 env->regs[R_EAX]=0000000000113f41
RAX=0000000000113f41 RBX=00000000cccccccd RCX=000000000000001b RDX=00000000000003f8
RSI=0000000000000000 RDI=00000000fee00000 RBP=00000000001b9ff0 RSP=00000000001b9e60
R8 =0000000000000001 R9 =0000000000000000 R10=00000000002f7000 R11=000000000000005e
R12=0000000000000000 R13=0000000000000001 R14=0000000000000001 R15=0000000000008003
RIP=0000000000111ff2 RFL=00000293 [--S-A-C] CPL=0 II=0 A20=1 SMM=0 HLT=0
ES =0010 0000000000000000 ffffffff 00cf9300 DPL=0 DS   [-WA]
CS =0008 0000000000000000 ffffffff 00af9a00 DPL=0 CS64 [-R-]
SS =0010 0000000000000000 ffffffff 00cf9300 DPL=0 DS   [-WA]
DS =0010 0000000000000000 ffffffff 00cf9300 DPL=0 DS   [-WA]
FS =0010 0000000000000000 ffffffff 00cf9300 DPL=0 DS   [-WA]
GS =0010 0000000000000000 ffffffff 00cf9300 DPL=0 DS   [-WA]
LDT=0000 0000000000000000 0000ffff 00008200 DPL=0 LDT
TR =0040 0000000000299ae0 0000006f 00208900 DPL=0 TSS64-avl
GDT=     0000000000271ce0 0000004f
IDT=     0000000000271d60 00000fff
CR0=80000013 CR2=0000000000000000 CR3=00000000001ba000 CR4=00000620
DR0=0000000000000000 DR1=0000000000000000 DR2=0000000000000000 DR3=0000000000000000 
DR6=00000000ffff0ff0 DR7=0000000000000400
CCS=0000000000000091 CCD=fffffffffd164ec1 CCO=EFLAGS
EFER=0000000000000500
Servicing hardware INT=0x20
   200: v=20 e=0000 i=0 cpl=0 IP=0008:0000000000111ff2 pc=0000000000111ff2 SP=0010:00000000001b9e60 env->regs[R_EAX]=0000000000114a9a
RAX=0000000000114a9a RBX=00000000cccccccd RCX=000000000000001b RDX=00000000000003f8
RSI=0000000000000000 RDI=00000000fee00000 RBP=00000000001b9ff0 RSP=00000000001b9e60
R8 =0000000000000001 R9 =0000000000000000 R10=00000000002f7000 R11=000000000000005e
R12=0000000000000000 R13=0000000000000001 R14=0000000000000001 R15=0000000000008003
RIP=0000000000111ff2 RFL=00000293 [--S-A-C] CPL=0 II=0 A20=1 SMM=0 HLT=0
ES =0010 0000000000000000 ffffffff 00cf9300 DPL=0 DS   [-WA]
CS =0008 0000000000000000 ffffffff 00af9a00 DPL=0 CS64 [-R-]
SS =0010 0000000000000000 ffffffff 00cf9300 DPL=0 DS   [-WA]
DS =0010 0000000000000000 ffffffff 00cf9300 DPL=0 DS   [-WA]
FS =0010 0000000000000000 ffffffff 00cf9300 DPL=0 DS   [-WA]
GS =0010 0000000000000000 ffffffff 00cf9300 DPL=0 DS   [-WA]
LDT=0000 0000000000000000 0000ffff 00008200 DPL=0 LDT
TR =0040 0000000000299ae0 0000006f 00208900 DPL=0 TSS64-avl
GDT=     0000000000271ce0 0000004f
IDT=     0000000000271d60 00000fff
CR0=80000013 CR2=0000000000000000 CR3=00000000001ba000 CR4=00000620
DR0=0000000000000000 DR1=0000000000000000 DR2=0000000000000000 DR3=0000000000000000 
DR6=00000000ffff0ff0 DR7=0000000000000400
CCS=0000000000000091 CCD=fffffffffd165a1a CCO=EFLAGS
EFER=0000000000000500
Servicing hardware INT=0x20
   201: v=20 e=0000 i=0 cpl=0 IP=0008:0000000000111ff2 pc=0000000000111ff2 SP=0010:00000000001b9e60 env->regs[R_EAX]=0000000000117942
RAX=0000000000117942 RBX=00000000cccccccd RCX=000000000000001b RDX=00000000000003f8
RSI=0000000000000000 RDI=00000000fee00000 RBP=00000000001b9ff0 RSP=00000000001b9e60
R8 =0000000000000001 R9 =0000000000000000 R10=00000000002f7000 R11=000000000000005e
R12=0000000000000000 R13=0000000000000001 R14=0000000000000001 R15=0000000000008003
RIP=0000000000111ff2 RFL=00000293 [--S-A-C] CPL=0 II=0 A20=1 SMM=0 HLT=0
ES =0010 0000000000000000 ffffffff 00cf9300 DPL=0 DS   [-WA]
CS =0008 0000000000000000 ffffffff 00af9a00 DPL=0 CS64 [-R-]
SS =0010 0000000000000000 ffffffff 00cf9300 DPL=0 DS   [-WA]
DS =0010 0000000000000000 ffffffff 00cf9300 DPL=0 DS   [-WA]
FS =0010 0000000000000000 ffffffff 00cf9300 DPL=0 DS   [-WA]
GS =0010 0000000000000000 ffffffff 00cf9300 DPL=0 DS   [-WA]
LDT=0000 0000000000000000 0000ffff 00008200 DPL=0 LDT
TR =0040 0000000000299ae0 0000006f 00208900 DPL=0 TSS64-avl
GDT=     0000000000271ce0 0000004f
IDT=     0000000000271d60 00000fff
CR0=80000013 CR2=0000000000000000 CR3=00000000001ba000 CR4=00000620
DR0=0000000000000000 DR1=0000000000000000 DR2=0000000000000000 DR3=0000000000000000 
DR6=00000000ffff0ff0 DR7=0000000000000400
CCS=0000000000000091 CCD=fffffffffd1688c2 CCO=EFLAGS
EFER=0000000000000500
Servicing hardware INT=0x20
   202: v=20 e=0000 i=0 cpl=0 IP=0008:0000000000111ff2 pc=0000000000111ff2 SP=0010:00000000001b9e60 env->regs[R_EAX]=000000000011840d
RAX=000000000011840d RBX=00000000cccccccd RCX=000000000000001b RDX=00000000000003f8
RSI=0000000000000000 RDI=00000000fee00000 RBP=00000000001b9ff0 RSP=00000000001b9e60
R8 =0000000000000001 R9 =0000000000000000 R10=00000000002f7000 R11=000000000000005e
R12=0000000000000000 R13=0000000000000001 R14=0000000000000001 R15=0000000000008003
RIP=0000000000111ff2 RFL=00000297 [--S-APC] CPL=0 II=0 A20=1 SMM=0 HLT=0
ES =0010 0000000000000000 ffffffff 00cf9300 DPL=0 DS   [-WA]
CS =0008 0000000000000000 ffffffff 00af9a00 DPL=0 CS64 [-R-]
SS =0010 0000000000000000 ffffffff 00cf9300 DPL=0 DS   [-WA]
DS =0010 0000000000000000 ffffffff 00cf9300 DPL=0 DS   [-WA]
FS =0010 0000000000000000 ffffffff 00cf9300 DPL=0 DS   [-WA]
GS =0010 0000000000000000 ffffffff 00cf9300 DPL=0 DS   [-WA]
LDT=0000 0000000000000000 0000ffff 00008200 DPL=0 LDT
TR =0040 0000000000299ae0 0000006f 00208900 DPL=0 TSS64-avl
GDT=     0000000000271ce0 0000004f
IDT=     0000000000271d60 00000fff
CR0=80000013 CR2=0000000000000000 CR3=00000000001ba000 CR4=00000620
DR0=0000000000000000 DR1=0000000000000000 DR2=0000000000000000 DR3=0000000000000000 
DR6=00000000ffff0ff0 DR7=0000000000000400
CCS=0000000000000095 CCD=fffffffffd16938d CCO=EFLAGS
EFER=0000000000000500
Servicing hardware INT=0x20
   203: v=20 e=0000 i=0 cpl=0 IP=0008:0000000000111ff2 pc=0000000000111ff2 SP=0010:00000000001b9e60 env->regs[R_EAX]=000000000011a0eb
RAX=000000000011a0eb RBX=00000000cccccccd RCX=000000000000001b RDX=00000000000003f8
RSI=0000000000000000 RDI=00000000fee00000 RBP=00000000001b9ff0 RSP=00000000001b9e60
R8 =0000000000000001 R9 =0000000000000000 R10=00000000002f7000 R11=000000000000005e
R12=0000000000000000 R13=0000000000000001 R14=0000000000000001 R15=0000000000008003
RIP=0000000000111ff2 RFL=00000293 [--S-A-C] CPL=0 II=0 A20=1 SMM=0 HLT=0
ES =0010 0000000000000000 ffffffff 00cf9300 DPL=0 DS   [-WA]
CS =0008 0000000000000000 ffffffff 00af9a00 DPL=0 CS64 [-R-]
SS =0010 0000000000000000 ffffffff 00cf9300 DPL=0 DS   [-WA]
DS =0010 0000000000000000 ffffffff 00cf9300 DPL=0 DS   [-WA]
FS =0010 0000000000000000 ffffffff 00cf9300 DPL=0 DS   [-WA]
GS =0010 0000000000000000 ffffffff 00cf9300 DPL=0 DS   [-WA]
LDT=0000 0000000000000000 0000ffff 00008200 DPL=0 LDT
TR =0040 0000000000299ae0 0000006f 00208900 DPL=0 TSS64-avl
GDT=     0000000000271ce0 0000004f
IDT=     0000000000271d60 00000fff
CR0=80000013 CR2=0000000000000000 CR3=00000000001ba000 CR4=00000620
DR0=0000000000000000 DR1=0000000000000000 DR2=0000000000000000 DR3=0000000000000000 
DR6=00000000ffff0ff0 DR7=0000000000000400
CCS=0000000000000091 CCD=fffffffffd16b06b CCO=EFLAGS
EFER=0000000000000500
Servicing hardware INT=0x20
   204: v=20 e=0000 i=0 cpl=0 IP=0008:0000000000111ff2 pc=0000000000111ff2 SP=0010:00000000001b9e60 env->regs[R_EAX]=000000000011ae4e
RAX=000000000011ae4e RBX=00000000cccccccd RCX=000000000000001b RDX=00000000000003f8
RSI=0000000000000000 RDI=00000000fee00000 RBP=00000000001b9ff0 RSP=00000000001b9e60
R8 =0000000000000001 R9 =0000000000000000 R10=00000000002f7000 R11=000000000000005e
R12=0000000000000000 R13=0000000000000001 R14=0000000000000001 R15=0000000000008003
RIP=0000000000111ff2 RFL=00000293 [--S-A-C] CPL=0 II=0 A20=1 SMM=0 HLT=0
ES =0010 0000000000000000 ffffffff 00cf9300 DPL=0 DS   [-WA]
CS =0008 0000000000000000 ffffffff 00af9a00 DPL=0 CS64 [-R-]
SS =0010 0000000000000000 ffffffff 00cf9300 DPL=0 DS   [-WA]
DS =0010 0000000000000000 ffffffff 00cf9300 DPL=0 DS   [-WA]
FS =0010 0000000000000000 ffffffff 00cf9300 DPL=0 DS   [-WA]
GS =0010 0000000000000000 ffffffff 00cf9300 DPL=0 DS   [-WA]
LDT=0000 0000000000000000 0000ffff 00008200 DPL=0 LDT
TR =0040 0000000000299ae0 0000006f 00208900 DPL=0 TSS64-avl
GDT=     0000000000271ce0 0000004f
IDT=     0000000000271d60 00000fff
CR0=80000013 CR2=0000000000000000 CR3=00000000001ba000 CR4=00000620
DR0=0000000000000000 DR1=0000000000000000 DR2=0000000000000000 DR3=0000000000000000 
DR6=00000000ffff0ff0 DR7=0000000000000400
CCS=0000000000000091 CCD=fffffffffd16bdce CCO=EFLAGS
EFER=0000000000000500
Servicing hardware INT=0x20
   205: v=20 e=0000 i=0 cpl=0 IP=0008:0000000000111ff2 pc=0000000000111ff2 SP=0010:00000000001b9e60 env->regs[R_EAX]=000000000011d820
RAX=000000000011d820 RBX=00000000cccccccd RCX=000000000000001b RDX=00000000000003f8
RSI=0000000000000000 RDI=00000000fee00000 RBP=00000000001b9ff0 RSP=00000000001b9e60
R8 =0000000000000001 R9 =0000000000000000 R10=00000000002f7000 R11=000000000000005e
R12=0000000000000000 R13=0000000000000001 R14=0000000000000001 R15=0000000000008003
RIP=0000000000111ff2 RFL=00000287 [--S--PC] CPL=0 II=0 A20=1 SMM=0 HLT=0
ES =0010 0000000000000000 ffffffff 00cf9300 DPL=0 DS   [-WA]
CS =0008 0000000000000000 ffffffff 00af9a00 DPL=0 CS64 [-R-]
SS =0010 0000000000000000 ffffffff 00cf9300 DPL=0 DS   [-WA]
DS =0010 0000000000000000 ffffffff 00cf9300 DPL=0 DS   [-WA]
FS =0010 0000000000000000 ffffffff 00cf9300 DPL=0 DS   [-WA]
GS =0010 0000000000000000 ffffffff 00cf9300 DPL=0 DS   [-WA]
LDT=0000 0000000000000000 0000ffff 00008200 DPL=0 LDT
TR =0040 0000000000299ae0 0000006f 00208900 DPL=0 TSS64-avl
GDT=     0000000000271ce0 0000004f
IDT=     0000000000271d60 00000fff
CR0=80000013 CR2=0000000000000000 CR3=00000000001ba000 CR4=00000620
DR0=0000000000000000 DR1=0000000000000000 DR2=0000000000000000 DR3=0000000000000000 
DR6=00000000ffff0ff0 DR7=0000000000000400
CCS=0000000000000085 CCD=fffffffffd16e7a0 CCO=EFLAGS
EFER=0000000000000500
Servicing hardware INT=0x20
   206: v=20 e=0000 i=0 cpl=0 IP=0008:0000000000111ff2 pc=0000000000111ff2 SP=0010:00000000001b9e60 env->regs[R_EAX]=000000000011e49d
RAX=000000000011e49d RBX=00000000cccccccd RCX=000000000000001b RDX=00000000000003f8
RSI=0000000000000000 RDI=00000000fee00000 RBP=00000000001b9ff0 RSP=00000000001b9e60
R8 =0000000000000001 R9 =0000000000000000 R10=00000000002f7000 R11=000000000000005e
R12=0000000000000000 R13=0000000000000001 R14=0000000000000001 R15=0000000000008003
RIP=0000000000111ff2 RFL=00000297 [--S-APC] CPL=0 II=0 A20=1 SMM=0 HLT=0
ES =0010 0000000000000000 ffffffff 00cf9300 DPL=0 DS   [-WA]
CS =0008 0000000000000000 ffffffff 00af9a00 DPL=0 CS64 [-R-]
SS =0010 0000000000000000 ffffffff 00cf9300 DPL=0 DS   [-WA]
DS =0010 0000000000000000 ffffffff 00cf9300 DPL=0 DS   [-WA]
FS =0010 0000000000000000 ffffffff 00cf9300 DPL=0 DS   [-WA]
GS =0010 0000000000000000 ffffffff 00cf9300 DPL=0 DS   [-WA]
LDT=0000 0000000000000000 0000ffff 00008200 DPL=0 LDT
TR =0040 0000000000299ae0 0000006f 00208900 DPL=0 TSS64-avl
GDT=     0000000000271ce0 0000004f
IDT=     0000000000271d60 00000fff
CR0=80000013 CR2=0000000000000000 CR3=00000000001ba000 CR4=00000620
DR0=0000000000000000 DR1=0000000000000000 DR2=0000000000000000 DR3=0000000000000000 
DR6=00000000ffff0ff0 DR7=0000000000000400
CCS=0000000000000095 CCD=fffffffffd16f41d CCO=EFLAGS
EFER=0000000000000500
Servicing hardware INT=0x20
   207: v=20 e=0000 i=0 cpl=0 IP=0008:0000000000111ff2 pc=0000000000111ff2 SP=0010:00000000001b9e60 env->regs[R_EAX]=00000000001217d1
RAX=00000000001217d1 RBX=00000000cccccccd RCX=000000000000001b RDX=00000000000003f8
RSI=0000000000000000 RDI=00000000fee00000 RBP=00000000001b9ff0 RSP=00000000001b9e60
R8 =0000000000000001 R9 =0000000000000000 R10=00000000002f7000 R11=000000000000005e
R12=0000000000000000 R13=0000000000000001 R14=0000000000000001 R15=0000000000008003
RIP=0000000000111ff2 RFL=00000293 [--S-A-C] CPL=0 II=0 A20=1 SMM=0 HLT=0
ES =0010 0000000000000000 ffffffff 00cf9300 DPL=0 DS   [-WA]
CS =0008 0000000000000000 ffffffff 00af9a00 DPL=0 CS64 [-R-]
SS =0010 0000000000000000 ffffffff 00cf9300 DPL=0 DS   [-WA]
DS =0010 0000000000000000 ffffffff 00cf9300 DPL=0 DS   [-WA]
FS =0010 0000000000000000 ffffffff 00cf9300 DPL=0 DS   [-WA]
GS =0010 0000000000000000 ffffffff 00cf9300 DPL=0 DS   [-WA]
LDT=0000 0000000000000000 0000ffff 00008200 DPL=0 LDT
TR =0040 0000000000299ae0 0000006f 00208900 DPL=0 TSS64-avl
GDT=     0000000000271ce0 0000004f
IDT=     0000000000271d60 00000fff
CR0=80000013 CR2=0000000000000000 CR3=00000000001ba000 CR4=00000620
DR0=0000000000000000 DR1=0000000000000000 DR2=0000000000000000 DR3=0000000000000000 
DR6=00000000ffff0ff0 DR7=0000000000000400
CCS=0000000000000091 CCD=fffffffffd172751 CCO=EFLAGS
EFER=0000000000000500
Servicing hardware INT=0x20
   208: v=20 e=0000 i=0 cpl=0 IP=0008:0000000000111ff2 pc=0000000000111ff2 SP=0010:00000000001b9e60 env->regs[R_EAX]=000000000012235c
RAX=000000000012235c RBX=00000000cccccccd RCX=000000000000001b RDX=00000000000003f8
RSI=0000000000000000 RDI=00000000fee00000 RBP=00000000001b9ff0 RSP=00000000001b9e60
R8 =0000000000000001 R9 =0000000000000000 R10=00000000002f7000 R11=000000000000005e
R12=0000000000000000 R13=0000000000000001 R14=0000000000000001 R15=0000000000008003
RIP=0000000000111ff2 RFL=00000293 [--S-A-C] CPL=0 II=0 A20=1 SMM=0 HLT=0
ES =0010 0000000000000000 ffffffff 00cf9300 DPL=0 DS   [-WA]
CS =0008 0000000000000000 ffffffff 00af9a00 DPL=0 CS64 [-R-]
SS =0010 0000000000000000 ffffffff 00cf9300 DPL=0 DS   [-WA]
DS =0010 0000000000000000 ffffffff 00cf9300 DPL=0 DS   [-WA]
FS =0010 0000000000000000 ffffffff 00cf9300 DPL=0 DS   [-WA]
GS =0010 0000000000000000 ffffffff 00cf9300 DPL=0 DS   [-WA]
LDT=0000 0000000000000000 0000ffff 00008200 DPL=0 LDT
TR =0040 0000000000299ae0 0000006f 00208900 DPL=0 TSS64-avl
GDT=     0000000000271ce0 0000004f
IDT=     0000000000271d60 00000fff
CR0=80000013 CR2=0000000000000000 CR3=00000000001ba000 CR4=00000620
DR0=0000000000000000 DR1=0000000000000000 DR2=0000000000000000 DR3=0000000000000000 
DR6=00000000ffff0ff0 DR7=0000000000000400
CCS=0000000000000091 CCD=fffffffffd1732dc CCO=EFLAGS
EFER=0000000000000500
Servicing hardware INT=0x20
   209: v=20 e=0000 i=0 cpl=0 IP=0008:0000000000111ff2 pc=0000000000111ff2 SP=0010:00000000001b9e60 env->regs[R_EAX]=00000000001257da
RAX=00000000001257da RBX=00000000cccccccd RCX=000000000000001b RDX=00000000000003f8
RSI=0000000000000000 RDI=00000000fee00000 RBP=00000000001b9ff0 RSP=00000000001b9e60
R8 =0000000000000001 R9 =0000000000000000 R10=00000000002f7000 R11=000000000000005e
R12=0000000000000000 R13=0000000000000001 R14=0000000000000001 R15=0000000000008003
RIP=0000000000111ff2 RFL=00000297 [--S-APC] CPL=0 II=0 A20=1 SMM=0 HLT=0
ES =0010 0000000000000000 ffffffff 00cf9300 DPL=0 DS   [-WA]
CS =0008 0000000000000000 ffffffff 00af9a00 DPL=0 CS64 [-R-]
SS =0010 0000000000000000 ffffffff 00cf9300 DPL=0 DS   [-WA]
DS =0010 0000000000000000 ffffffff 00cf9300 DPL=0 DS   [-WA]
FS =0010 0000000000000000 ffffffff 00cf9300 DPL=0 DS   [-WA]
GS =0010 0000000000000000 ffffffff 00cf9300 DPL=0 DS   [-WA]
LDT=0000 0000000000000000 0000ffff 00008200 DPL=0 LDT
TR =0040 0000000000299ae0 0000006f 00208900 DPL=0 TSS64-avl
GDT=     0000000000271ce0 0000004f
IDT=     0000000000271d60 00000fff
CR0=80000013 CR2=0000000000000000 CR3=00000000001ba000 CR4=00000620
DR0=0000000000000000 DR1=0000000000000000 DR2=0000000000000000 DR3=0000000000000000 
DR6=00000000ffff0ff0 DR7=0000000000000400
CCS=0000000000000095 CCD=fffffffffd17675a CCO=EFLAGS
EFER=0000000000000500
Servicing hardware INT=0x20
   210: v=20 e=0000 i=0 cpl=0 IP=0008:0000000000111ff2 pc=0000000000111ff2 SP=0010:00000000001b9e60 env->regs[R_EAX]=00000000001257da
RAX=00000000001257da RBX=00000000cccccccd RCX=000000000000001b RDX=00000000000003f8
RSI=0000000000000000 RDI=00000000fee00000 RBP=00000000001b9ff0 RSP=00000000001b9e60
R8 =0000000000000001 R9 =0000000000000000 R10=00000000002f7000 R11=000000000000005e
R12=0000000000000000 R13=0000000000000001 R14=0000000000000001 R15=0000000000008003
RIP=0000000000111ff2 RFL=00010297 [--S-APC] CPL=0 II=0 A20=1 SMM=0 HLT=0
ES =0010 0000000000000000 ffffffff 00cf9300 DPL=0 DS   [-WA]
CS =0008 0000000000000000 ffffffff 00af9a00 DPL=0 CS64 [-R-]
SS =0010 0000000000000000 ffffffff 00cf9300 DPL=0 DS   [-WA]
DS =0010 0000000000000000 ffffffff 00cf9300 DPL=0 DS   [-WA]
FS =0010 0000000000000000 ffffffff 00cf9300 DPL=0 DS   [-WA]
GS =0010 0000000000000000 ffffffff 00cf9300 DPL=0 DS   [-WA]
LDT=0000 0000000000000000 0000ffff 00008200 DPL=0 LDT
TR =0040 0000000000299ae0 0000006f 00208900 DPL=0 TSS64-avl
GDT=     0000000000271ce0 0000004f
IDT=     0000000000271d60 00000fff
CR0=80000013 CR2=0000000000000000 CR3=00000000001ba000 CR4=00000620
DR0=0000000000000000 DR1=0000000000000000 DR2=0000000000000000 DR3=0000000000000000 
DR6=00000000ffff0ff0 DR7=0000000000000400
CCS=0000000000000095 CCD=00000000001b9e38 CCO=EFLAGS
EFER=0000000000000500
Servicing hardware INT=0x20
   211: v=20 e=0000 i=0 cpl=0 IP=0008:0000000000111ff2 pc=0000000000111ff2 SP=0010:00000000001b9e60 env->regs[R_EAX]=0000000000127f67
RAX=0000000000127f67 RBX=00000000cccccccd RCX=000000000000001b RDX=00000000000003f8
RSI=0000000000000000 RDI=00000000fee00000 RBP=00000000001b9ff0 RSP=00000000001b9e60
R8 =0000000000000001 R9 =0000000000000000 R10=00000000002f7000 R11=000000000000005e
R12=0000000000000000 R13=0000000000000001 R14=0000000000000001 R15=0000000000008003
RIP=0000000000111ff2 RFL=00000297 [--S-APC] CPL=0 II=0 A20=1 SMM=0 HLT=0
ES =0010 0000000000000000 ffffffff 00cf9300 DPL=0 DS   [-WA]
CS =0008 0000000000000000 ffffffff 00af9a00 DPL=0 CS64 [-R-]
SS =0010 0000000000000000 ffffffff 00cf9300 DPL=0 DS   [-WA]
DS =0010 0000000000000000 ffffffff 00cf9300 DPL=0 DS   [-WA]
FS =0010 0000000000000000 ffffffff 00cf9300 DPL=0 DS   [-WA]
GS =0010 0000000000000000 ffffffff 00cf9300 DPL=0 DS   [-WA]
LDT=0000 0000000000000000 0000ffff 00008200 DPL=0 LDT
TR =0040 0000000000299ae0 0000006f 00208900 DPL=0 TSS64-avl
GDT=     0000000000271ce0 0000004f
IDT=     0000000000271d60 00000fff
CR0=80000013 CR2=0000000000000000 CR3=00000000001ba000 CR4=00000620
DR0=0000000000000000 DR1=0000000000000000 DR2=0000000000000000 DR3=0000000000000000 
DR6=00000000ffff0ff0 DR7=0000000000000400
CCS=0000000000000095 CCD=fffffffffd178ee7 CCO=EFLAGS
EFER=0000000000000500
Servicing hardware INT=0x20
   212: v=20 e=0000 i=0 cpl=0 IP=0008:0000000000111ff2 pc=0000000000111ff2 SP=0010:00000000001b9e60 env->regs[R_EAX]=00000000001289ee
RAX=00000000001289ee RBX=00000000cccccccd RCX=000000000000001b RDX=00000000000003f8
RSI=0000000000000000 RDI=00000000fee00000 RBP=00000000001b9ff0 RSP=00000000001b9e60
R8 =0000000000000001 R9 =0000000000000000 R10=00000000002f7000 R11=000000000000005e
R12=0000000000000000 R13=0000000000000001 R14=0000000000000001 R15=0000000000008003
RIP=0000000000111ff2 RFL=00000293 [--S-A-C] CPL=0 II=0 A20=1 SMM=0 HLT=0
ES =0010 0000000000000000 ffffffff 00cf9300 DPL=0 DS   [-WA]
CS =0008 0000000000000000 ffffffff 00af9a00 DPL=0 CS64 [-R-]
SS =0010 0000000000000000 ffffffff 00cf9300 DPL=0 DS   [-WA]
DS =0010 0000000000000000 ffffffff 00cf9300 DPL=0 DS   [-WA]
FS =0010 0000000000000000 ffffffff 00cf9300 DPL=0 DS   [-WA]
GS =0010 0000000000000000 ffffffff 00cf9300 DPL=0 DS   [-WA]
LDT=0000 0000000000000000 0000ffff 00008200 DPL=0 LDT
TR =0040 0000000000299ae0 0000006f 00208900 DPL=0 TSS64-avl
GDT=     0000000000271ce0 0000004f
IDT=     0000000000271d60 00000fff
CR0=80000013 CR2=0000000000000000 CR3=00000000001ba000 CR4=00000620
DR0=0000000000000000 DR1=0000000000000000 DR2=0000000000000000 DR3=0000000000000000 
DR6=00000000ffff0ff0 DR7=0000000000000400
CCS=0000000000000091 CCD=fffffffffd17996e CCO=EFLAGS
EFER=0000000000000500
Servicing hardware INT=0x20
   213: v=20 e=0000 i=0 cpl=0 IP=0008:0000000000111ff2 pc=0000000000111ff2 SP=0010:00000000001b9e60 env->regs[R_EAX]=000000000012b5cf
RAX=000000000012b5cf RBX=00000000cccccccd RCX=000000000000001b RDX=00000000000003f8
RSI=0000000000000000 RDI=00000000fee00000 RBP=00000000001b9ff0 RSP=00000000001b9e60
R8 =0000000000000001 R9 =0000000000000000 R10=00000000002f7000 R11=000000000000005e
R12=0000000000000000 R13=0000000000000001 R14=0000000000000001 R15=0000000000008003
RIP=0000000000111ff2 RFL=00000293 [--S-A-C] CPL=0 II=0 A20=1 SMM=0 HLT=0
ES =0010 0000000000000000 ffffffff 00cf9300 DPL=0 DS   [-WA]
CS =0008 0000000000000000 ffffffff 00af9a00 DPL=0 CS64 [-R-]
SS =0010 0000000000000000 ffffffff 00cf9300 DPL=0 DS   [-WA]
DS =0010 0000000000000000 ffffffff 00cf9300 DPL=0 DS   [-WA]
FS =0010 0000000000000000 ffffffff 00cf9300 DPL=0 DS   [-WA]
GS =0010 0000000000000000 ffffffff 00cf9300 DPL=0 DS   [-WA]
LDT=0000 0000000000000000 0000ffff 00008200 DPL=0 LDT
TR =0040 0000000000299ae0 0000006f 00208900 DPL=0 TSS64-avl
GDT=     0000000000271ce0 0000004f
IDT=     0000000000271d60 00000fff
CR0=80000013 CR2=0000000000000000 CR3=00000000001ba000 CR4=00000620
DR0=0000000000000000 DR1=0000000000000000 DR2=0000000000000000 DR3=0000000000000000 
DR6=00000000ffff0ff0 DR7=0000000000000400
CCS=0000000000000091 CCD=fffffffffd17c54f CCO=EFLAGS
EFER=0000000000000500
Servicing hardware INT=0x20
   214: v=20 e=0000 i=0 cpl=0 IP=0008:0000000000111ff2 pc=0000000000111ff2 SP=0010:00000000001b9e60 env->regs[R_EAX]=000000000012c5b8
RAX=000000000012c5b8 RBX=00000000cccccccd RCX=000000000000001b RDX=00000000000003f8
RSI=0000000000000000 RDI=00000000fee00000 RBP=00000000001b9ff0 RSP=00000000001b9e60
R8 =0000000000000001 R9 =0000000000000000 R10=00000000002f7000 R11=000000000000005e
R12=0000000000000000 R13=0000000000000001 R14=0000000000000001 R15=0000000000008003
RIP=0000000000111ff2 RFL=00000293 [--S-A-C] CPL=0 II=0 A20=1 SMM=0 HLT=0
ES =0010 0000000000000000 ffffffff 00cf9300 DPL=0 DS   [-WA]
CS =0008 0000000000000000 ffffffff 00af9a00 DPL=0 CS64 [-R-]
SS =0010 0000000000000000 ffffffff 00cf9300 DPL=0 DS   [-WA]
DS =0010 0000000000000000 ffffffff 00cf9300 DPL=0 DS   [-WA]
FS =0010 0000000000000000 ffffffff 00cf9300 DPL=0 DS   [-WA]
GS =0010 0000000000000000 ffffffff 00cf9300 DPL=0 DS   [-WA]
LDT=0000 0000000000000000 0000ffff 00008200 DPL=0 LDT
TR =0040 0000000000299ae0 0000006f 00208900 DPL=0 TSS64-avl
GDT=     0000000000271ce0 0000004f
IDT=     0000000000271d60 00000fff
CR0=80000013 CR2=0000000000000000 CR3=00000000001ba000 CR4=00000620
DR0=0000000000000000 DR1=0000000000000000 DR2=0000000000000000 DR3=0000000000000000 
DR6=00000000ffff0ff0 DR7=0000000000000400
CCS=0000000000000091 CCD=fffffffffd17d538 CCO=EFLAGS
EFER=0000000000000500
Servicing hardware INT=0x20
   215: v=20 e=0000 i=0 cpl=0 IP=0008:0000000000111ff2 pc=0000000000111ff2 SP=0010:00000000001b9e60 env->regs[R_EAX]=000000000012dadc
RAX=000000000012dadc RBX=00000000cccccccd RCX=000000000000001b RDX=00000000000003f8
RSI=0000000000000000 RDI=00000000fee00000 RBP=00000000001b9ff0 RSP=00000000001b9e60
R8 =0000000000000001 R9 =0000000000000000 R10=00000000002f7000 R11=000000000000005e
R12=0000000000000000 R13=0000000000000001 R14=0000000000000001 R15=0000000000008003
RIP=0000000000111ff2 RFL=00000297 [--S-APC] CPL=0 II=0 A20=1 SMM=0 HLT=0
ES =0010 0000000000000000 ffffffff 00cf9300 DPL=0 DS   [-WA]
CS =0008 0000000000000000 ffffffff 00af9a00 DPL=0 CS64 [-R-]
SS =0010 0000000000000000 ffffffff 00cf9300 DPL=0 DS   [-WA]
DS =0010 0000000000000000 ffffffff 00cf9300 DPL=0 DS   [-WA]
FS =0010 0000000000000000 ffffffff 00cf9300 DPL=0 DS   [-WA]
GS =0010 0000000000000000 ffffffff 00cf9300 DPL=0 DS   [-WA]
LDT=0000 0000000000000000 0000ffff 00008200 DPL=0 LDT
TR =0040 0000000000299ae0 0000006f 00208900 DPL=0 TSS64-avl
GDT=     0000000000271ce0 0000004f
IDT=     0000000000271d60 00000fff
CR0=80000013 CR2=0000000000000000 CR3=00000000001ba000 CR4=00000620
DR0=0000000000000000 DR1=0000000000000000 DR2=0000000000000000 DR3=0000000000000000 
DR6=00000000ffff0ff0 DR7=0000000000000400
CCS=0000000000000095 CCD=fffffffffd17ea5c CCO=EFLAGS
EFER=0000000000000500
Servicing hardware INT=0x20
   216: v=20 e=0000 i=0 cpl=0 IP=0008:0000000000111ff2 pc=0000000000111ff2 SP=0010:00000000001b9e60 env->regs[R_EAX]=000000000012e797
RAX=000000000012e797 RBX=00000000cccccccd RCX=000000000000001b RDX=00000000000003f8
RSI=0000000000000000 RDI=00000000fee00000 RBP=00000000001b9ff0 RSP=00000000001b9e60
R8 =0000000000000001 R9 =0000000000000000 R10=00000000002f7000 R11=000000000000005e
R12=0000000000000000 R13=0000000000000001 R14=0000000000000001 R15=0000000000008003
RIP=0000000000111ff2 RFL=00000297 [--S-APC] CPL=0 II=0 A20=1 SMM=0 HLT=0
ES =0010 0000000000000000 ffffffff 00cf9300 DPL=0 DS   [-WA]
CS =0008 0000000000000000 ffffffff 00af9a00 DPL=0 CS64 [-R-]
SS =0010 0000000000000000 ffffffff 00cf9300 DPL=0 DS   [-WA]
DS =0010 0000000000000000 ffffffff 00cf9300 DPL=0 DS   [-WA]
FS =0010 0000000000000000 ffffffff 00cf9300 DPL=0 DS   [-WA]
GS =0010 0000000000000000 ffffffff 00cf9300 DPL=0 DS   [-WA]
LDT=0000 0000000000000000 0000ffff 00008200 DPL=0 LDT
TR =0040 0000000000299ae0 0000006f 00208900 DPL=0 TSS64-avl
GDT=     0000000000271ce0 0000004f
IDT=     0000000000271d60 00000fff
CR0=80000013 CR2=0000000000000000 CR3=00000000001ba000 CR4=00000620
DR0=0000000000000000 DR1=0000000000000000 DR2=0000000000000000 DR3=0000000000000000 
DR6=00000000ffff0ff0 DR7=0000000000000400
CCS=0000000000000095 CCD=fffffffffd17f717 CCO=EFLAGS
EFER=0000000000000500
Servicing hardware INT=0x20
   217: v=20 e=0000 i=0 cpl=0 IP=0008:0000000000111ff2 pc=0000000000111ff2 SP=0010:00000000001b9e60 env->regs[R_EAX]=00000000001316e1
RAX=00000000001316e1 RBX=00000000cccccccd RCX=000000000000001b RDX=00000000000003f8
RSI=0000000000000000 RDI=00000000fee00000 RBP=00000000001b9ff0 RSP=00000000001b9e60
R8 =0000000000000001 R9 =0000000000000000 R10=00000000002f7000 R11=000000000000005e
R12=0000000000000000 R13=0000000000000001 R14=0000000000000001 R15=0000000000008003
RIP=0000000000111ff2 RFL=00000293 [--S-A-C] CPL=0 II=0 A20=1 SMM=0 HLT=0
ES =0010 0000000000000000 ffffffff 00cf9300 DPL=0 DS   [-WA]
CS =0008 0000000000000000 ffffffff 00af9a00 DPL=0 CS64 [-R-]
SS =0010 0000000000000000 ffffffff 00cf9300 DPL=0 DS   [-WA]
DS =0010 0000000000000000 ffffffff 00cf9300 DPL=0 DS   [-WA]
FS =0010 0000000000000000 ffffffff 00cf9300 DPL=0 DS   [-WA]
GS =0010 0000000000000000 ffffffff 00cf9300 DPL=0 DS   [-WA]
LDT=0000 0000000000000000 0000ffff 00008200 DPL=0 LDT
TR =0040 0000000000299ae0 0000006f 00208900 DPL=0 TSS64-avl
GDT=     0000000000271ce0 0000004f
IDT=     0000000000271d60 00000fff
CR0=80000013 CR2=0000000000000000 CR3=00000000001ba000 CR4=00000620
DR0=0000000000000000 DR1=0000000000000000 DR2=0000000000000000 DR3=0000000000000000 
DR6=00000000ffff0ff0 DR7=0000000000000400
CCS=0000000000000091 CCD=fffffffffd182661 CCO=EFLAGS
EFER=0000000000000500
Servicing hardware INT=0x20
   218: v=20 e=0000 i=0 cpl=0 IP=0008:0000000000111ff2 pc=0000000000111ff2 SP=0010:00000000001b9e60 env->regs[R_EAX]=0000000000132268
RAX=0000000000132268 RBX=00000000cccccccd RCX=000000000000001b RDX=00000000000003f8
RSI=0000000000000000 RDI=00000000fee00000 RBP=00000000001b9ff0 RSP=00000000001b9e60
R8 =0000000000000001 R9 =0000000000000000 R10=00000000002f7000 R11=000000000000005e
R12=0000000000000000 R13=0000000000000001 R14=0000000000000001 R15=0000000000008003
RIP=0000000000111ff2 RFL=00000297 [--S-APC] CPL=0 II=0 A20=1 SMM=0 HLT=0
ES =0010 0000000000000000 ffffffff 00cf9300 DPL=0 DS   [-WA]
CS =0008 0000000000000000 ffffffff 00af9a00 DPL=0 CS64 [-R-]
SS =0010 0000000000000000 ffffffff 00cf9300 DPL=0 DS   [-WA]
DS =0010 0000000000000000 ffffffff 00cf9300 DPL=0 DS   [-WA]
FS =0010 0000000000000000 ffffffff 00cf9300 DPL=0 DS   [-WA]
GS =0010 0000000000000000 ffffffff 00cf9300 DPL=0 DS   [-WA]
LDT=0000 0000000000000000 0000ffff 00008200 DPL=0 LDT
TR =0040 0000000000299ae0 0000006f 00208900 DPL=0 TSS64-avl
GDT=     0000000000271ce0 0000004f
IDT=     0000000000271d60 00000fff
CR0=80000013 CR2=0000000000000000 CR3=00000000001ba000 CR4=00000620
DR0=0000000000000000 DR1=0000000000000000 DR2=0000000000000000 DR3=0000000000000000 
DR6=00000000ffff0ff0 DR7=0000000000000400
CCS=0000000000000095 CCD=fffffffffd1831e8 CCO=EFLAGS
EFER=0000000000000500
Servicing hardware INT=0x20
   219: v=20 e=0000 i=0 cpl=0 IP=0008:0000000000111ff2 pc=0000000000111ff2 SP=0010:00000000001b9e60 env->regs[R_EAX]=0000000000135285
RAX=0000000000135285 RBX=00000000cccccccd RCX=000000000000001b RDX=00000000000003f8
RSI=0000000000000000 RDI=00000000fee00000 RBP=00000000001b9ff0 RSP=00000000001b9e60
R8 =0000000000000001 R9 =0000000000000000 R10=00000000002f7000 R11=000000000000005e
R12=0000000000000000 R13=0000000000000001 R14=0000000000000001 R15=0000000000008003
RIP=0000000000111ff2 RFL=00000297 [--S-APC] CPL=0 II=0 A20=1 SMM=0 HLT=0
ES =0010 0000000000000000 ffffffff 00cf9300 DPL=0 DS   [-WA]
CS =0008 0000000000000000 ffffffff 00af9a00 DPL=0 CS64 [-R-]
SS =0010 0000000000000000 ffffffff 00cf9300 DPL=0 DS   [-WA]
DS =0010 0000000000000000 ffffffff 00cf9300 DPL=0 DS   [-WA]
FS =0010 0000000000000000 ffffffff 00cf9300 DPL=0 DS   [-WA]
GS =0010 0000000000000000 ffffffff 00cf9300 DPL=0 DS   [-WA]
LDT=0000 0000000000000000 0000ffff 00008200 DPL=0 LDT
TR =0040 0000000000299ae0 0000006f 00208900 DPL=0 TSS64-avl
GDT=     0000000000271ce0 0000004f
IDT=     0000000000271d60 00000fff
CR0=80000013 CR2=0000000000000000 CR3=00000000001ba000 CR4=00000620
DR0=0000000000000000 DR1=0000000000000000 DR2=0000000000000000 DR3=0000000000000000 
DR6=00000000ffff0ff0 DR7=0000000000000400
CCS=0000000000000095 CCD=fffffffffd186205 CCO=EFLAGS
EFER=0000000000000500
Servicing hardware INT=0x20
   220: v=20 e=0000 i=0 cpl=0 IP=0008:0000000000111ff2 pc=0000000000111ff2 SP=0010:00000000001b9e60 env->regs[R_EAX]=0000000000135be4
RAX=0000000000135be4 RBX=00000000cccccccd RCX=000000000000001b RDX=00000000000003f8
RSI=0000000000000000 RDI=00000000fee00000 RBP=00000000001b9ff0 RSP=00000000001b9e60
R8 =0000000000000001 R9 =0000000000000000 R10=00000000002f7000 R11=000000000000005e
R12=0000000000000000 R13=0000000000000001 R14=0000000000000001 R15=0000000000008003
RIP=0000000000111ff2 RFL=00000293 [--S-A-C] CPL=0 II=0 A20=1 SMM=0 HLT=0
ES =0010 0000000000000000 ffffffff 00cf9300 DPL=0 DS   [-WA]
CS =0008 0000000000000000 ffffffff 00af9a00 DPL=0 CS64 [-R-]
SS =0010 0000000000000000 ffffffff 00cf9300 DPL=0 DS   [-WA]
DS =0010 0000000000000000 ffffffff 00cf9300 DPL=0 DS   [-WA]
FS =0010 0000000000000000 ffffffff 00cf9300 DPL=0 DS   [-WA]
GS =0010 0000000000000000 ffffffff 00cf9300 DPL=0 DS   [-WA]
LDT=0000 0000000000000000 0000ffff 00008200 DPL=0 LDT
TR =0040 0000000000299ae0 0000006f 00208900 DPL=0 TSS64-avl
GDT=     0000000000271ce0 0000004f
IDT=     0000000000271d60 00000fff
CR0=80000013 CR2=0000000000000000 CR3=00000000001ba000 CR4=00000620
DR0=0000000000000000 DR1=0000000000000000 DR2=0000000000000000 DR3=0000000000000000 
DR6=00000000ffff0ff0 DR7=0000000000000400
CCS=0000000000000091 CCD=fffffffffd186b64 CCO=EFLAGS
EFER=0000000000000500
Servicing hardware INT=0x20
   221: v=20 e=0000 i=0 cpl=0 IP=0008:0000000000111ff2 pc=0000000000111ff2 SP=0010:00000000001b9e60 env->regs[R_EAX]=0000000000137e08
RAX=0000000000137e08 RBX=00000000cccccccd RCX=000000000000001b RDX=00000000000003f8
RSI=0000000000000000 RDI=00000000fee00000 RBP=00000000001b9ff0 RSP=00000000001b9e60
R8 =0000000000000001 R9 =0000000000000000 R10=00000000002f7000 R11=000000000000005e
R12=0000000000000000 R13=0000000000000001 R14=0000000000000001 R15=0000000000008003
RIP=0000000000111ff2 RFL=00000297 [--S-APC] CPL=0 II=0 A20=1 SMM=0 HLT=0
ES =0010 0000000000000000 ffffffff 00cf9300 DPL=0 DS   [-WA]
CS =0008 0000000000000000 ffffffff 00af9a00 DPL=0 CS64 [-R-]
SS =0010 0000000000000000 ffffffff 00cf9300 DPL=0 DS   [-WA]
DS =0010 0000000000000000 ffffffff 00cf9300 DPL=0 DS   [-WA]
FS =0010 0000000000000000 ffffffff 00cf9300 DPL=0 DS   [-WA]
GS =0010 0000000000000000 ffffffff 00cf9300 DPL=0 DS   [-WA]
LDT=0000 0000000000000000 0000ffff 00008200 DPL=0 LDT
TR =0040 0000000000299ae0 0000006f 00208900 DPL=0 TSS64-avl
GDT=     0000000000271ce0 0000004f
IDT=     0000000000271d60 00000fff
CR0=80000013 CR2=0000000000000000 CR3=00000000001ba000 CR4=00000620
DR0=0000000000000000 DR1=0000000000000000 DR2=0000000000000000 DR3=0000000000000000 
DR6=00000000ffff0ff0 DR7=0000000000000400
CCS=0000000000000095 CCD=fffffffffd188d88 CCO=EFLAGS
EFER=0000000000000500
Servicing hardware INT=0x20
   222: v=20 e=0000 i=0 cpl=0 IP=0008:0000000000111ff2 pc=0000000000111ff2 SP=0010:00000000001b9e60 env->regs[R_EAX]=0000000000138981
RAX=0000000000138981 RBX=00000000cccccccd RCX=000000000000001b RDX=00000000000003f8
RSI=0000000000000000 RDI=00000000fee00000 RBP=00000000001b9ff0 RSP=00000000001b9e60
R8 =0000000000000001 R9 =0000000000000000 R10=00000000002f7000 R11=000000000000005e
R12=0000000000000000 R13=0000000000000001 R14=0000000000000001 R15=0000000000008003
RIP=0000000000111ff2 RFL=00000293 [--S-A-C] CPL=0 II=0 A20=1 SMM=0 HLT=0
ES =0010 0000000000000000 ffffffff 00cf9300 DPL=0 DS   [-WA]
CS =0008 0000000000000000 ffffffff 00af9a00 DPL=0 CS64 [-R-]
SS =0010 0000000000000000 ffffffff 00cf9300 DPL=0 DS   [-WA]
DS =0010 0000000000000000 ffffffff 00cf9300 DPL=0 DS   [-WA]
FS =0010 0000000000000000 ffffffff 00cf9300 DPL=0 DS   [-WA]
GS =0010 0000000000000000 ffffffff 00cf9300 DPL=0 DS   [-WA]
LDT=0000 0000000000000000 0000ffff 00008200 DPL=0 LDT
TR =0040 0000000000299ae0 0000006f 00208900 DPL=0 TSS64-avl
GDT=     0000000000271ce0 0000004f
IDT=     0000000000271d60 00000fff
CR0=80000013 CR2=0000000000000000 CR3=00000000001ba000 CR4=00000620
DR0=0000000000000000 DR1=0000000000000000 DR2=0000000000000000 DR3=0000000000000000 
DR6=00000000ffff0ff0 DR7=0000000000000400
CCS=0000000000000091 CCD=fffffffffd189901 CCO=EFLAGS
EFER=0000000000000500
Servicing hardware INT=0x20
   223: v=20 e=0000 i=0 cpl=0 IP=0008:0000000000111ff2 pc=0000000000111ff2 SP=0010:00000000001b9e60 env->regs[R_EAX]=000000000013b715
RAX=000000000013b715 RBX=00000000cccccccd RCX=000000000000001b RDX=00000000000003f8
RSI=0000000000000000 RDI=00000000fee00000 RBP=00000000001b9ff0 RSP=00000000001b9e60
R8 =0000000000000001 R9 =0000000000000000 R10=00000000002f7000 R11=000000000000005e
R12=0000000000000000 R13=0000000000000001 R14=0000000000000001 R15=0000000000008003
RIP=0000000000111ff2 RFL=00000297 [--S-APC] CPL=0 II=0 A20=1 SMM=0 HLT=0
ES =0010 0000000000000000 ffffffff 00cf9300 DPL=0 DS   [-WA]
CS =0008 0000000000000000 ffffffff 00af9a00 DPL=0 CS64 [-R-]
SS =0010 0000000000000000 ffffffff 00cf9300 DPL=0 DS   [-WA]
DS =0010 0000000000000000 ffffffff 00cf9300 DPL=0 DS   [-WA]
FS =0010 0000000000000000 ffffffff 00cf9300 DPL=0 DS   [-WA]
GS =0010 0000000000000000 ffffffff 00cf9300 DPL=0 DS   [-WA]
LDT=0000 0000000000000000 0000ffff 00008200 DPL=0 LDT
TR =0040 0000000000299ae0 0000006f 00208900 DPL=0 TSS64-avl
GDT=     0000000000271ce0 0000004f
IDT=     0000000000271d60 00000fff
CR0=80000013 CR2=0000000000000000 CR3=00000000001ba000 CR4=00000620
DR0=0000000000000000 DR1=0000000000000000 DR2=0000000000000000 DR3=0000000000000000 
DR6=00000000ffff0ff0 DR7=0000000000000400
CCS=0000000000000095 CCD=fffffffffd18c695 CCO=EFLAGS
EFER=0000000000000500
Servicing hardware INT=0x20
   224: v=20 e=0000 i=0 cpl=0 IP=0008:0000000000111ff2 pc=0000000000111ff2 SP=0010:00000000001b9e60 env->regs[R_EAX]=000000000013c324
RAX=000000000013c324 RBX=00000000cccccccd RCX=000000000000001b RDX=00000000000003f8
RSI=0000000000000000 RDI=00000000fee00000 RBP=00000000001b9ff0 RSP=00000000001b9e60
R8 =0000000000000001 R9 =0000000000000000 R10=00000000002f7000 R11=000000000000005e
R12=0000000000000000 R13=0000000000000001 R14=0000000000000001 R15=0000000000008003
RIP=0000000000111ff2 RFL=00000293 [--S-A-C] CPL=0 II=0 A20=1 SMM=0 HLT=0
ES =0010 0000000000000000 ffffffff 00cf9300 DPL=0 DS   [-WA]
CS =0008 0000000000000000 ffffffff 00af9a00 DPL=0 CS64 [-R-]
SS =0010 0000000000000000 ffffffff 00cf9300 DPL=0 DS   [-WA]
DS =0010 0000000000000000 ffffffff 00cf9300 DPL=0 DS   [-WA]
FS =0010 0000000000000000 ffffffff 00cf9300 DPL=0 DS   [-WA]
GS =0010 0000000000000000 ffffffff 00cf9300 DPL=0 DS   [-WA]
LDT=0000 0000000000000000 0000ffff 00008200 DPL=0 LDT
TR =0040 0000000000299ae0 0000006f 00208900 DPL=0 TSS64-avl
GDT=     0000000000271ce0 0000004f
IDT=     0000000000271d60 00000fff
CR0=80000013 CR2=0000000000000000 CR3=00000000001ba000 CR4=00000620
DR0=0000000000000000 DR1=0000000000000000 DR2=0000000000000000 DR3=0000000000000000 
DR6=00000000ffff0ff0 DR7=0000000000000400
CCS=0000000000000091 CCD=fffffffffd18d2a4 CCO=EFLAGS
EFER=0000000000000500
Servicing hardware INT=0x20
   225: v=20 e=0000 i=0 cpl=0 IP=0008:0000000000111ff2 pc=0000000000111ff2 SP=0010:00000000001b9e60 env->regs[R_EAX]=000000000013f3f5
RAX=000000000013f3f5 RBX=00000000cccccccd RCX=000000000000001b RDX=00000000000003f8
RSI=0000000000000000 RDI=00000000fee00000 RBP=00000000001b9ff0 RSP=00000000001b9e60
R8 =0000000000000001 R9 =0000000000000000 R10=00000000002f7000 R11=000000000000005e
R12=0000000000000000 R13=0000000000000001 R14=0000000000000001 R15=0000000000008003
RIP=0000000000111ff2 RFL=00000293 [--S-A-C] CPL=0 II=0 A20=1 SMM=0 HLT=0
ES =0010 0000000000000000 ffffffff 00cf9300 DPL=0 DS   [-WA]
CS =0008 0000000000000000 ffffffff 00af9a00 DPL=0 CS64 [-R-]
SS =0010 0000000000000000 ffffffff 00cf9300 DPL=0 DS   [-WA]
DS =0010 0000000000000000 ffffffff 00cf9300 DPL=0 DS   [-WA]
FS =0010 0000000000000000 ffffffff 00cf9300 DPL=0 DS   [-WA]
GS =0010 0000000000000000 ffffffff 00cf9300 DPL=0 DS   [-WA]
LDT=0000 0000000000000000 0000ffff 00008200 DPL=0 LDT
TR =0040 0000000000299ae0 0000006f 00208900 DPL=0 TSS64-avl
GDT=     0000000000271ce0 0000004f
IDT=     0000000000271d60 00000fff
CR0=80000013 CR2=0000000000000000 CR3=00000000001ba000 CR4=00000620
DR0=0000000000000000 DR1=0000000000000000 DR2=0000000000000000 DR3=0000000000000000 
DR6=00000000ffff0ff0 DR7=0000000000000400
CCS=0000000000000091 CCD=fffffffffd190375 CCO=EFLAGS
EFER=0000000000000500
Servicing hardware INT=0x20
   226: v=20 e=0000 i=0 cpl=0 IP=0008:0000000000111ff2 pc=0000000000111ff2 SP=0010:00000000001b9e60 env->regs[R_EAX]=000000000013febe
RAX=000000000013febe RBX=00000000cccccccd RCX=000000000000001b RDX=00000000000003f8
RSI=0000000000000000 RDI=00000000fee00000 RBP=00000000001b9ff0 RSP=00000000001b9e60
R8 =0000000000000001 R9 =0000000000000000 R10=00000000002f7000 R11=000000000000005e
R12=0000000000000000 R13=0000000000000001 R14=0000000000000001 R15=0000000000008003
RIP=0000000000111ff2 RFL=00000293 [--S-A-C] CPL=0 II=0 A20=1 SMM=0 HLT=0
ES =0010 0000000000000000 ffffffff 00cf9300 DPL=0 DS   [-WA]
CS =0008 0000000000000000 ffffffff 00af9a00 DPL=0 CS64 [-R-]
SS =0010 0000000000000000 ffffffff 00cf9300 DPL=0 DS   [-WA]
DS =0010 0000000000000000 ffffffff 00cf9300 DPL=0 DS   [-WA]
FS =0010 0000000000000000 ffffffff 00cf9300 DPL=0 DS   [-WA]
GS =0010 0000000000000000 ffffffff 00cf9300 DPL=0 DS   [-WA]
LDT=0000 0000000000000000 0000ffff 00008200 DPL=0 LDT
TR =0040 0000000000299ae0 0000006f 00208900 DPL=0 TSS64-avl
GDT=     0000000000271ce0 0000004f
IDT=     0000000000271d60 00000fff
CR0=80000013 CR2=0000000000000000 CR3=00000000001ba000 CR4=00000620
DR0=0000000000000000 DR1=0000000000000000 DR2=0000000000000000 DR3=0000000000000000 
DR6=00000000ffff0ff0 DR7=0000000000000400
CCS=0000000000000091 CCD=fffffffffd190e3e CCO=EFLAGS
EFER=0000000000000500
Servicing hardware INT=0x20
   227: v=20 e=0000 i=0 cpl=0 IP=0008:0000000000111ff2 pc=0000000000111ff2 SP=0010:00000000001b9e60 env->regs[R_EAX]=0000000000143527
RAX=0000000000143527 RBX=00000000cccccccd RCX=000000000000001b RDX=00000000000003f8
RSI=0000000000000000 RDI=00000000fee00000 RBP=00000000001b9ff0 RSP=00000000001b9e60
R8 =0000000000000001 R9 =0000000000000000 R10=00000000002f7000 R11=000000000000005e
R12=0000000000000000 R13=0000000000000001 R14=0000000000000001 R15=0000000000008003
RIP=0000000000111ff2 RFL=00000293 [--S-A-C] CPL=0 II=0 A20=1 SMM=0 HLT=0
ES =0010 0000000000000000 ffffffff 00cf9300 DPL=0 DS   [-WA]
CS =0008 0000000000000000 ffffffff 00af9a00 DPL=0 CS64 [-R-]
SS =0010 0000000000000000 ffffffff 00cf9300 DPL=0 DS   [-WA]
DS =0010 0000000000000000 ffffffff 00cf9300 DPL=0 DS   [-WA]
FS =0010 0000000000000000 ffffffff 00cf9300 DPL=0 DS   [-WA]
GS =0010 0000000000000000 ffffffff 00cf9300 DPL=0 DS   [-WA]
LDT=0000 0000000000000000 0000ffff 00008200 DPL=0 LDT
TR =0040 0000000000299ae0 0000006f 00208900 DPL=0 TSS64-avl
GDT=     0000000000271ce0 0000004f
IDT=     0000000000271d60 00000fff
CR0=80000013 CR2=0000000000000000 CR3=00000000001ba000 CR4=00000620
DR0=0000000000000000 DR1=0000000000000000 DR2=0000000000000000 DR3=0000000000000000 
DR6=00000000ffff0ff0 DR7=0000000000000400
CCS=0000000000000091 CCD=fffffffffd1944a7 CCO=EFLAGS
EFER=0000000000000500
Servicing hardware INT=0x20
   228: v=20 e=0000 i=0 cpl=0 IP=0008:0000000000111ff2 pc=0000000000111ff2 SP=0010:00000000001b9e60 env->regs[R_EAX]=00000000001438ff
RAX=00000000001438ff RBX=00000000cccccccd RCX=000000000000001b RDX=00000000000003f8
RSI=0000000000000000 RDI=00000000fee00000 RBP=00000000001b9ff0 RSP=00000000001b9e60
R8 =0000000000000001 R9 =0000000000000000 R10=00000000002f7000 R11=000000000000005e
R12=0000000000000000 R13=0000000000000001 R14=0000000000000001 R15=0000000000008003
RIP=0000000000111ff2 RFL=00000293 [--S-A-C] CPL=0 II=0 A20=1 SMM=0 HLT=0
ES =0010 0000000000000000 ffffffff 00cf9300 DPL=0 DS   [-WA]
CS =0008 0000000000000000 ffffffff 00af9a00 DPL=0 CS64 [-R-]
SS =0010 0000000000000000 ffffffff 00cf9300 DPL=0 DS   [-WA]
DS =0010 0000000000000000 ffffffff 00cf9300 DPL=0 DS   [-WA]
FS =0010 0000000000000000 ffffffff 00cf9300 DPL=0 DS   [-WA]
GS =0010 0000000000000000 ffffffff 00cf9300 DPL=0 DS   [-WA]
LDT=0000 0000000000000000 0000ffff 00008200 DPL=0 LDT
TR =0040 0000000000299ae0 0000006f 00208900 DPL=0 TSS64-avl
GDT=     0000000000271ce0 0000004f
IDT=     0000000000271d60 00000fff
CR0=80000013 CR2=0000000000000000 CR3=00000000001ba000 CR4=00000620
DR0=0000000000000000 DR1=0000000000000000 DR2=0000000000000000 DR3=0000000000000000 
DR6=00000000ffff0ff0 DR7=0000000000000400
CCS=0000000000000091 CCD=fffffffffd19487f CCO=EFLAGS
EFER=0000000000000500
Servicing hardware INT=0x20
   229: v=20 e=0000 i=0 cpl=0 IP=0008:0000000000111ff2 pc=0000000000111ff2 SP=0010:00000000001b9e60 env->regs[R_EAX]=00000000001461ef
RAX=00000000001461ef RBX=00000000cccccccd RCX=000000000000001b RDX=00000000000003f8
RSI=0000000000000000 RDI=00000000fee00000 RBP=00000000001b9ff0 RSP=00000000001b9e60
R8 =0000000000000001 R9 =0000000000000000 R10=00000000002f7000 R11=000000000000005e
R12=0000000000000000 R13=0000000000000001 R14=0000000000000001 R15=0000000000008003
RIP=0000000000111ff2 RFL=00000297 [--S-APC] CPL=0 II=0 A20=1 SMM=0 HLT=0
ES =0010 0000000000000000 ffffffff 00cf9300 DPL=0 DS   [-WA]
CS =0008 0000000000000000 ffffffff 00af9a00 DPL=0 CS64 [-R-]
SS =0010 0000000000000000 ffffffff 00cf9300 DPL=0 DS   [-WA]
DS =0010 0000000000000000 ffffffff 00cf9300 DPL=0 DS   [-WA]
FS =0010 0000000000000000 ffffffff 00cf9300 DPL=0 DS   [-WA]
GS =0010 0000000000000000 ffffffff 00cf9300 DPL=0 DS   [-WA]
LDT=0000 0000000000000000 0000ffff 00008200 DPL=0 LDT
TR =0040 0000000000299ae0 0000006f 00208900 DPL=0 TSS64-avl
GDT=     0000000000271ce0 0000004f
IDT=     0000000000271d60 00000fff
CR0=80000013 CR2=0000000000000000 CR3=00000000001ba000 CR4=00000620
DR0=0000000000000000 DR1=0000000000000000 DR2=0000000000000000 DR3=0000000000000000 
DR6=00000000ffff0ff0 DR7=0000000000000400
CCS=0000000000000095 CCD=fffffffffd19716f CCO=EFLAGS
EFER=0000000000000500
Servicing hardware INT=0x20
   230: v=20 e=0000 i=0 cpl=0 IP=0008:0000000000111ff2 pc=0000000000111ff2 SP=0010:00000000001b9e60 env->regs[R_EAX]=0000000000146c17
RAX=0000000000146c17 RBX=00000000cccccccd RCX=000000000000001b RDX=00000000000003f8
RSI=0000000000000000 RDI=00000000fee00000 RBP=00000000001b9ff0 RSP=00000000001b9e60
R8 =0000000000000001 R9 =0000000000000000 R10=00000000002f7000 R11=000000000000005e
R12=0000000000000000 R13=0000000000000001 R14=0000000000000001 R15=0000000000008003
RIP=0000000000111ff2 RFL=00000293 [--S-A-C] CPL=0 II=0 A20=1 SMM=0 HLT=0
ES =0010 0000000000000000 ffffffff 00cf9300 DPL=0 DS   [-WA]
CS =0008 0000000000000000 ffffffff 00af9a00 DPL=0 CS64 [-R-]
SS =0010 0000000000000000 ffffffff 00cf9300 DPL=0 DS   [-WA]
DS =0010 0000000000000000 ffffffff 00cf9300 DPL=0 DS   [-WA]
FS =0010 0000000000000000 ffffffff 00cf9300 DPL=0 DS   [-WA]
GS =0010 0000000000000000 ffffffff 00cf9300 DPL=0 DS   [-WA]
LDT=0000 0000000000000000 0000ffff 00008200 DPL=0 LDT
TR =0040 0000000000299ae0 0000006f 00208900 DPL=0 TSS64-avl
GDT=     0000000000271ce0 0000004f
IDT=     0000000000271d60 00000fff
CR0=80000013 CR2=0000000000000000 CR3=00000000001ba000 CR4=00000620
DR0=0000000000000000 DR1=0000000000000000 DR2=0000000000000000 DR3=0000000000000000 
DR6=00000000ffff0ff0 DR7=0000000000000400
CCS=0000000000000091 CCD=fffffffffd197b97 CCO=EFLAGS
EFER=0000000000000500
Servicing hardware INT=0x20
   231: v=20 e=0000 i=0 cpl=0 IP=0008:0000000000111ff2 pc=0000000000111ff2 SP=0010:00000000001b9e60 env->regs[R_EAX]=000000000014975f
RAX=000000000014975f RBX=00000000cccccccd RCX=000000000000001b RDX=00000000000003f8
RSI=0000000000000000 RDI=00000000fee00000 RBP=00000000001b9ff0 RSP=00000000001b9e60
R8 =0000000000000001 R9 =0000000000000000 R10=00000000002f7000 R11=000000000000005e
R12=0000000000000000 R13=0000000000000001 R14=0000000000000001 R15=0000000000008003
RIP=0000000000111ff2 RFL=00000293 [--S-A-C] CPL=0 II=0 A20=1 SMM=0 HLT=0
ES =0010 0000000000000000 ffffffff 00cf9300 DPL=0 DS   [-WA]
CS =0008 0000000000000000 ffffffff 00af9a00 DPL=0 CS64 [-R-]
SS =0010 0000000000000000 ffffffff 00cf9300 DPL=0 DS   [-WA]
DS =0010 0000000000000000 ffffffff 00cf9300 DPL=0 DS   [-WA]
FS =0010 0000000000000000 ffffffff 00cf9300 DPL=0 DS   [-WA]
GS =0010 0000000000000000 ffffffff 00cf9300 DPL=0 DS   [-WA]
LDT=0000 0000000000000000 0000ffff 00008200 DPL=0 LDT
TR =0040 0000000000299ae0 0000006f 00208900 DPL=0 TSS64-avl
GDT=     0000000000271ce0 0000004f
IDT=     0000000000271d60 00000fff
CR0=80000013 CR2=0000000000000000 CR3=00000000001ba000 CR4=00000620
DR0=0000000000000000 DR1=0000000000000000 DR2=0000000000000000 DR3=0000000000000000 
DR6=00000000ffff0ff0 DR7=0000000000000400
CCS=0000000000000091 CCD=fffffffffd19a6df CCO=EFLAGS
EFER=0000000000000500
Servicing hardware INT=0x20
   232: v=20 e=0000 i=0 cpl=0 IP=0008:0000000000111ff2 pc=0000000000111ff2 SP=0010:00000000001b9e60 env->regs[R_EAX]=000000000014a3b2
RAX=000000000014a3b2 RBX=00000000cccccccd RCX=000000000000001b RDX=00000000000003f8
RSI=0000000000000000 RDI=00000000fee00000 RBP=00000000001b9ff0 RSP=00000000001b9e60
R8 =0000000000000001 R9 =0000000000000000 R10=00000000002f7000 R11=000000000000005e
R12=0000000000000000 R13=0000000000000001 R14=0000000000000001 R15=0000000000008003
RIP=0000000000111ff2 RFL=00000293 [--S-A-C] CPL=0 II=0 A20=1 SMM=0 HLT=0
ES =0010 0000000000000000 ffffffff 00cf9300 DPL=0 DS   [-WA]
CS =0008 0000000000000000 ffffffff 00af9a00 DPL=0 CS64 [-R-]
SS =0010 0000000000000000 ffffffff 00cf9300 DPL=0 DS   [-WA]
DS =0010 0000000000000000 ffffffff 00cf9300 DPL=0 DS   [-WA]
FS =0010 0000000000000000 ffffffff 00cf9300 DPL=0 DS   [-WA]
GS =0010 0000000000000000 ffffffff 00cf9300 DPL=0 DS   [-WA]
LDT=0000 0000000000000000 0000ffff 00008200 DPL=0 LDT
TR =0040 0000000000299ae0 0000006f 00208900 DPL=0 TSS64-avl
GDT=     0000000000271ce0 0000004f
IDT=     0000000000271d60 00000fff
CR0=80000013 CR2=0000000000000000 CR3=00000000001ba000 CR4=00000620
DR0=0000000000000000 DR1=0000000000000000 DR2=0000000000000000 DR3=0000000000000000 
DR6=00000000ffff0ff0 DR7=0000000000000400
CCS=0000000000000091 CCD=fffffffffd19b332 CCO=EFLAGS
EFER=0000000000000500
Servicing hardware INT=0x20
   233: v=20 e=0000 i=0 cpl=0 IP=0008:0000000000111ff2 pc=0000000000111ff2 SP=0010:00000000001b9e60 env->regs[R_EAX]=000000000014d45e
RAX=000000000014d45e RBX=00000000cccccccd RCX=000000000000001b RDX=00000000000003f8
RSI=0000000000000000 RDI=00000000fee00000 RBP=00000000001b9ff0 RSP=00000000001b9e60
R8 =0000000000000001 R9 =0000000000000000 R10=00000000002f7000 R11=000000000000005e
R12=0000000000000000 R13=0000000000000001 R14=0000000000000001 R15=0000000000008003
RIP=0000000000111ff2 RFL=00000297 [--S-APC] CPL=0 II=0 A20=1 SMM=0 HLT=0
ES =0010 0000000000000000 ffffffff 00cf9300 DPL=0 DS   [-WA]
CS =0008 0000000000000000 ffffffff 00af9a00 DPL=0 CS64 [-R-]
SS =0010 0000000000000000 ffffffff 00cf9300 DPL=0 DS   [-WA]
DS =0010 0000000000000000 ffffffff 00cf9300 DPL=0 DS   [-WA]
FS =0010 0000000000000000 ffffffff 00cf9300 DPL=0 DS   [-WA]
GS =0010 0000000000000000 ffffffff 00cf9300 DPL=0 DS   [-WA]
LDT=0000 0000000000000000 0000ffff 00008200 DPL=0 LDT
TR =0040 0000000000299ae0 0000006f 00208900 DPL=0 TSS64-avl
GDT=     0000000000271ce0 0000004f
IDT=     0000000000271d60 00000fff
CR0=80000013 CR2=0000000000000000 CR3=00000000001ba000 CR4=00000620
DR0=0000000000000000 DR1=0000000000000000 DR2=0000000000000000 DR3=0000000000000000 
DR6=00000000ffff0ff0 DR7=0000000000000400
CCS=0000000000000095 CCD=fffffffffd19e3de CCO=EFLAGS
EFER=0000000000000500
Servicing hardware INT=0x20
   234: v=20 e=0000 i=0 cpl=0 IP=0008:0000000000111ff2 pc=0000000000111ff2 SP=0010:00000000001b9e60 env->regs[R_EAX]=000000000014e0a9
RAX=000000000014e0a9 RBX=00000000cccccccd RCX=000000000000001b RDX=00000000000003f8
RSI=0000000000000000 RDI=00000000fee00000 RBP=00000000001b9ff0 RSP=00000000001b9e60
R8 =0000000000000001 R9 =0000000000000000 R10=00000000002f7000 R11=000000000000005e
R12=0000000000000000 R13=0000000000000001 R14=0000000000000001 R15=0000000000008003
RIP=0000000000111ff2 RFL=00000293 [--S-A-C] CPL=0 II=0 A20=1 SMM=0 HLT=0
ES =0010 0000000000000000 ffffffff 00cf9300 DPL=0 DS   [-WA]
CS =0008 0000000000000000 ffffffff 00af9a00 DPL=0 CS64 [-R-]
SS =0010 0000000000000000 ffffffff 00cf9300 DPL=0 DS   [-WA]
DS =0010 0000000000000000 ffffffff 00cf9300 DPL=0 DS   [-WA]
FS =0010 0000000000000000 ffffffff 00cf9300 DPL=0 DS   [-WA]
GS =0010 0000000000000000 ffffffff 00cf9300 DPL=0 DS   [-WA]
LDT=0000 0000000000000000 0000ffff 00008200 DPL=0 LDT
TR =0040 0000000000299ae0 0000006f 00208900 DPL=0 TSS64-avl
GDT=     0000000000271ce0 0000004f
IDT=     0000000000271d60 00000fff
CR0=80000013 CR2=0000000000000000 CR3=00000000001ba000 CR4=00000620
DR0=0000000000000000 DR1=0000000000000000 DR2=0000000000000000 DR3=0000000000000000 
DR6=00000000ffff0ff0 DR7=0000000000000400
CCS=0000000000000091 CCD=fffffffffd19f029 CCO=EFLAGS
EFER=0000000000000500
Servicing hardware INT=0x20
   235: v=20 e=0000 i=0 cpl=0 IP=0008:0000000000111ff2 pc=0000000000111ff2 SP=0010:00000000001b9e60 env->regs[R_EAX]=000000000015116f
RAX=000000000015116f RBX=00000000cccccccd RCX=000000000000001b RDX=00000000000003f8
RSI=0000000000000000 RDI=00000000fee00000 RBP=00000000001b9ff0 RSP=00000000001b9e60
R8 =0000000000000001 R9 =0000000000000000 R10=00000000002f7000 R11=000000000000005e
R12=0000000000000000 R13=0000000000000001 R14=0000000000000001 R15=0000000000008003
RIP=0000000000111ff2 RFL=00000293 [--S-A-C] CPL=0 II=0 A20=1 SMM=0 HLT=0
ES =0010 0000000000000000 ffffffff 00cf9300 DPL=0 DS   [-WA]
CS =0008 0000000000000000 ffffffff 00af9a00 DPL=0 CS64 [-R-]
SS =0010 0000000000000000 ffffffff 00cf9300 DPL=0 DS   [-WA]
DS =0010 0000000000000000 ffffffff 00cf9300 DPL=0 DS   [-WA]
FS =0010 0000000000000000 ffffffff 00cf9300 DPL=0 DS   [-WA]
GS =0010 0000000000000000 ffffffff 00cf9300 DPL=0 DS   [-WA]
LDT=0000 0000000000000000 0000ffff 00008200 DPL=0 LDT
TR =0040 0000000000299ae0 0000006f 00208900 DPL=0 TSS64-avl
GDT=     0000000000271ce0 0000004f
IDT=     0000000000271d60 00000fff
CR0=80000013 CR2=0000000000000000 CR3=00000000001ba000 CR4=00000620
DR0=0000000000000000 DR1=0000000000000000 DR2=0000000000000000 DR3=0000000000000000 
DR6=00000000ffff0ff0 DR7=0000000000000400
CCS=0000000000000091 CCD=fffffffffd1a20ef CCO=EFLAGS
EFER=0000000000000500
Servicing hardware INT=0x20
   236: v=20 e=0000 i=0 cpl=0 IP=0008:0000000000111ff2 pc=0000000000111ff2 SP=0010:00000000001b9e60 env->regs[R_EAX]=0000000000151e11
RAX=0000000000151e11 RBX=00000000cccccccd RCX=000000000000001b RDX=00000000000003f8
RSI=0000000000000000 RDI=00000000fee00000 RBP=00000000001b9ff0 RSP=00000000001b9e60
R8 =0000000000000001 R9 =0000000000000000 R10=00000000002f7000 R11=000000000000005e
R12=0000000000000000 R13=0000000000000001 R14=0000000000000001 R15=0000000000008003
RIP=0000000000111ff2 RFL=00000293 [--S-A-C] CPL=0 II=0 A20=1 SMM=0 HLT=0
ES =0010 0000000000000000 ffffffff 00cf9300 DPL=0 DS   [-WA]
CS =0008 0000000000000000 ffffffff 00af9a00 DPL=0 CS64 [-R-]
SS =0010 0000000000000000 ffffffff 00cf9300 DPL=0 DS   [-WA]
DS =0010 0000000000000000 ffffffff 00cf9300 DPL=0 DS   [-WA]
FS =0010 0000000000000000 ffffffff 00cf9300 DPL=0 DS   [-WA]
GS =0010 0000000000000000 ffffffff 00cf9300 DPL=0 DS   [-WA]
LDT=0000 0000000000000000 0000ffff 00008200 DPL=0 LDT
TR =0040 0000000000299ae0 0000006f 00208900 DPL=0 TSS64-avl
GDT=     0000000000271ce0 0000004f
IDT=     0000000000271d60 00000fff
CR0=80000013 CR2=0000000000000000 CR3=00000000001ba000 CR4=00000620
DR0=0000000000000000 DR1=0000000000000000 DR2=0000000000000000 DR3=0000000000000000 
DR6=00000000ffff0ff0 DR7=0000000000000400
CCS=0000000000000091 CCD=fffffffffd1a2d91 CCO=EFLAGS
EFER=0000000000000500
Servicing hardware INT=0x20
   237: v=20 e=0000 i=0 cpl=0 IP=0008:0000000000111ff2 pc=0000000000111ff2 SP=0010:00000000001b9e60 env->regs[R_EAX]=0000000000154e93
RAX=0000000000154e93 RBX=00000000cccccccd RCX=000000000000001b RDX=00000000000003f8
RSI=0000000000000000 RDI=00000000fee00000 RBP=00000000001b9ff0 RSP=00000000001b9e60
R8 =0000000000000001 R9 =0000000000000000 R10=00000000002f7000 R11=000000000000005e
R12=0000000000000000 R13=0000000000000001 R14=0000000000000001 R15=0000000000008003
RIP=0000000000111ff2 RFL=00000293 [--S-A-C] CPL=0 II=0 A20=1 SMM=0 HLT=0
ES =0010 0000000000000000 ffffffff 00cf9300 DPL=0 DS   [-WA]
CS =0008 0000000000000000 ffffffff 00af9a00 DPL=0 CS64 [-R-]
SS =0010 0000000000000000 ffffffff 00cf9300 DPL=0 DS   [-WA]
DS =0010 0000000000000000 ffffffff 00cf9300 DPL=0 DS   [-WA]
FS =0010 0000000000000000 ffffffff 00cf9300 DPL=0 DS   [-WA]
GS =0010 0000000000000000 ffffffff 00cf9300 DPL=0 DS   [-WA]
LDT=0000 0000000000000000 0000ffff 00008200 DPL=0 LDT
TR =0040 0000000000299ae0 0000006f 00208900 DPL=0 TSS64-avl
GDT=     0000000000271ce0 0000004f
IDT=     0000000000271d60 00000fff
CR0=80000013 CR2=0000000000000000 CR3=00000000001ba000 CR4=00000620
DR0=0000000000000000 DR1=0000000000000000 DR2=0000000000000000 DR3=0000000000000000 
DR6=00000000ffff0ff0 DR7=0000000000000400
CCS=0000000000000091 CCD=fffffffffd1a5e13 CCO=EFLAGS
EFER=0000000000000500
Servicing hardware INT=0x20
   238: v=20 e=0000 i=0 cpl=0 IP=0008:0000000000111ff2 pc=0000000000111ff2 SP=0010:00000000001b9e60 env->regs[R_EAX]=0000000000155829
RAX=0000000000155829 RBX=00000000cccccccd RCX=000000000000001b RDX=00000000000003f8
RSI=0000000000000000 RDI=00000000fee00000 RBP=00000000001b9ff0 RSP=00000000001b9e60
R8 =0000000000000001 R9 =0000000000000000 R10=00000000002f7000 R11=000000000000005e
R12=0000000000000000 R13=0000000000000001 R14=0000000000000001 R15=0000000000008003
RIP=0000000000111ff2 RFL=00000297 [--S-APC] CPL=0 II=0 A20=1 SMM=0 HLT=0
ES =0010 0000000000000000 ffffffff 00cf9300 DPL=0 DS   [-WA]
CS =0008 0000000000000000 ffffffff 00af9a00 DPL=0 CS64 [-R-]
SS =0010 0000000000000000 ffffffff 00cf9300 DPL=0 DS   [-WA]
DS =0010 0000000000000000 ffffffff 00cf9300 DPL=0 DS   [-WA]
FS =0010 0000000000000000 ffffffff 00cf9300 DPL=0 DS   [-WA]
GS =0010 0000000000000000 ffffffff 00cf9300 DPL=0 DS   [-WA]
LDT=0000 0000000000000000 0000ffff 00008200 DPL=0 LDT
TR =0040 0000000000299ae0 0000006f 00208900 DPL=0 TSS64-avl
GDT=     0000000000271ce0 0000004f
IDT=     0000000000271d60 00000fff
CR0=80000013 CR2=0000000000000000 CR3=00000000001ba000 CR4=00000620
DR0=0000000000000000 DR1=0000000000000000 DR2=0000000000000000 DR3=0000000000000000 
DR6=00000000ffff0ff0 DR7=0000000000000400
CCS=0000000000000095 CCD=fffffffffd1a67a9 CCO=EFLAGS
EFER=0000000000000500
Servicing hardware INT=0x20
   239: v=20 e=0000 i=0 cpl=0 IP=0008:0000000000111ff2 pc=0000000000111ff2 SP=0010:00000000001b9e60 env->regs[R_EAX]=000000000015879a
RAX=000000000015879a RBX=00000000cccccccd RCX=000000000000001b RDX=00000000000003f8
RSI=0000000000000000 RDI=00000000fee00000 RBP=00000000001b9ff0 RSP=00000000001b9e60
R8 =0000000000000001 R9 =0000000000000000 R10=00000000002f7000 R11=000000000000005e
R12=0000000000000000 R13=0000000000000001 R14=0000000000000001 R15=0000000000008003
RIP=0000000000111ff2 RFL=00000293 [--S-A-C] CPL=0 II=0 A20=1 SMM=0 HLT=0
ES =0010 0000000000000000 ffffffff 00cf9300 DPL=0 DS   [-WA]
CS =0008 0000000000000000 ffffffff 00af9a00 DPL=0 CS64 [-R-]
SS =0010 0000000000000000 ffffffff 00cf9300 DPL=0 DS   [-WA]
DS =0010 0000000000000000 ffffffff 00cf9300 DPL=0 DS   [-WA]
FS =0010 0000000000000000 ffffffff 00cf9300 DPL=0 DS   [-WA]
GS =0010 0000000000000000 ffffffff 00cf9300 DPL=0 DS   [-WA]
LDT=0000 0000000000000000 0000ffff 00008200 DPL=0 LDT
TR =0040 0000000000299ae0 0000006f 00208900 DPL=0 TSS64-avl
GDT=     0000000000271ce0 0000004f
IDT=     0000000000271d60 00000fff
CR0=80000013 CR2=0000000000000000 CR3=00000000001ba000 CR4=00000620
DR0=0000000000000000 DR1=0000000000000000 DR2=0000000000000000 DR3=0000000000000000 
DR6=00000000ffff0ff0 DR7=0000000000000400
CCS=0000000000000091 CCD=fffffffffd1a971a CCO=EFLAGS
EFER=0000000000000500
Servicing hardware INT=0x20
   240: v=20 e=0000 i=0 cpl=0 IP=0008:0000000000111ff2 pc=0000000000111ff2 SP=0010:00000000001b9e60 env->regs[R_EAX]=00000000001593cf
RAX=00000000001593cf RBX=00000000cccccccd RCX=000000000000001b RDX=00000000000003f8
RSI=0000000000000000 RDI=00000000fee00000 RBP=00000000001b9ff0 RSP=00000000001b9e60
R8 =0000000000000001 R9 =0000000000000000 R10=00000000002f7000 R11=000000000000005e
R12=0000000000000000 R13=0000000000000001 R14=0000000000000001 R15=0000000000008003
RIP=0000000000111ff2 RFL=00000293 [--S-A-C] CPL=0 II=0 A20=1 SMM=0 HLT=0
ES =0010 0000000000000000 ffffffff 00cf9300 DPL=0 DS   [-WA]
CS =0008 0000000000000000 ffffffff 00af9a00 DPL=0 CS64 [-R-]
SS =0010 0000000000000000 ffffffff 00cf9300 DPL=0 DS   [-WA]
DS =0010 0000000000000000 ffffffff 00cf9300 DPL=0 DS   [-WA]
FS =0010 0000000000000000 ffffffff 00cf9300 DPL=0 DS   [-WA]
GS =0010 0000000000000000 ffffffff 00cf9300 DPL=0 DS   [-WA]
LDT=0000 0000000000000000 0000ffff 00008200 DPL=0 LDT
TR =0040 0000000000299ae0 0000006f 00208900 DPL=0 TSS64-avl
GDT=     0000000000271ce0 0000004f
IDT=     0000000000271d60 00000fff
CR0=80000013 CR2=0000000000000000 CR3=00000000001ba000 CR4=00000620
DR0=0000000000000000 DR1=0000000000000000 DR2=0000000000000000 DR3=0000000000000000 
DR6=00000000ffff0ff0 DR7=0000000000000400
CCS=0000000000000091 CCD=fffffffffd1aa34f CCO=EFLAGS
EFER=0000000000000500
Servicing hardware INT=0x20
   241: v=20 e=0000 i=0 cpl=0 IP=0008:0000000000111ff2 pc=0000000000111ff2 SP=0010:00000000001b9e60 env->regs[R_EAX]=000000000015c0ea
RAX=000000000015c0ea RBX=00000000cccccccd RCX=000000000000001b RDX=00000000000003f8
RSI=0000000000000000 RDI=00000000fee00000 RBP=00000000001b9ff0 RSP=00000000001b9e60
R8 =0000000000000001 R9 =0000000000000000 R10=00000000002f7000 R11=000000000000005e
R12=0000000000000000 R13=0000000000000001 R14=0000000000000001 R15=0000000000008003
RIP=0000000000111ff2 RFL=00000297 [--S-APC] CPL=0 II=0 A20=1 SMM=0 HLT=0
ES =0010 0000000000000000 ffffffff 00cf9300 DPL=0 DS   [-WA]
CS =0008 0000000000000000 ffffffff 00af9a00 DPL=0 CS64 [-R-]
SS =0010 0000000000000000 ffffffff 00cf9300 DPL=0 DS   [-WA]
DS =0010 0000000000000000 ffffffff 00cf9300 DPL=0 DS   [-WA]
FS =0010 0000000000000000 ffffffff 00cf9300 DPL=0 DS   [-WA]
GS =0010 0000000000000000 ffffffff 00cf9300 DPL=0 DS   [-WA]
LDT=0000 0000000000000000 0000ffff 00008200 DPL=0 LDT
TR =0040 0000000000299ae0 0000006f 00208900 DPL=0 TSS64-avl
GDT=     0000000000271ce0 0000004f
IDT=     0000000000271d60 00000fff
CR0=80000013 CR2=0000000000000000 CR3=00000000001ba000 CR4=00000620
DR0=0000000000000000 DR1=0000000000000000 DR2=0000000000000000 DR3=0000000000000000 
DR6=00000000ffff0ff0 DR7=0000000000000400
CCS=0000000000000095 CCD=fffffffffd1ad06a CCO=EFLAGS
EFER=0000000000000500
Servicing hardware INT=0x20
   242: v=20 e=0000 i=0 cpl=0 IP=0008:0000000000111ff2 pc=0000000000111ff2 SP=0010:00000000001b9e60 env->regs[R_EAX]=000000000015cb02
RAX=000000000015cb02 RBX=00000000cccccccd RCX=000000000000001b RDX=00000000000003f8
RSI=0000000000000000 RDI=00000000fee00000 RBP=00000000001b9ff0 RSP=00000000001b9e60
R8 =0000000000000001 R9 =0000000000000000 R10=00000000002f7000 R11=000000000000005e
R12=0000000000000000 R13=0000000000000001 R14=0000000000000001 R15=0000000000008003
RIP=0000000000111ff2 RFL=00000297 [--S-APC] CPL=0 II=0 A20=1 SMM=0 HLT=0
ES =0010 0000000000000000 ffffffff 00cf9300 DPL=0 DS   [-WA]
CS =0008 0000000000000000 ffffffff 00af9a00 DPL=0 CS64 [-R-]
SS =0010 0000000000000000 ffffffff 00cf9300 DPL=0 DS   [-WA]
DS =0010 0000000000000000 ffffffff 00cf9300 DPL=0 DS   [-WA]
FS =0010 0000000000000000 ffffffff 00cf9300 DPL=0 DS   [-WA]
GS =0010 0000000000000000 ffffffff 00cf9300 DPL=0 DS   [-WA]
LDT=0000 0000000000000000 0000ffff 00008200 DPL=0 LDT
TR =0040 0000000000299ae0 0000006f 00208900 DPL=0 TSS64-avl
GDT=     0000000000271ce0 0000004f
IDT=     0000000000271d60 00000fff
CR0=80000013 CR2=0000000000000000 CR3=00000000001ba000 CR4=00000620
DR0=0000000000000000 DR1=0000000000000000 DR2=0000000000000000 DR3=0000000000000000 
DR6=00000000ffff0ff0 DR7=0000000000000400
CCS=0000000000000095 CCD=fffffffffd1ada82 CCO=EFLAGS
EFER=0000000000000500
Servicing hardware INT=0x20
   243: v=20 e=0000 i=0 cpl=0 IP=0008:0000000000111ff2 pc=0000000000111ff2 SP=0010:00000000001b9e60 env->regs[R_EAX]=000000000015fbb1
RAX=000000000015fbb1 RBX=00000000cccccccd RCX=000000000000001b RDX=00000000000003f8
RSI=0000000000000000 RDI=00000000fee00000 RBP=00000000001b9ff0 RSP=00000000001b9e60
R8 =0000000000000001 R9 =0000000000000000 R10=00000000002f7000 R11=000000000000005e
R12=0000000000000000 R13=0000000000000001 R14=0000000000000001 R15=0000000000008003
RIP=0000000000111ff2 RFL=00000293 [--S-A-C] CPL=0 II=0 A20=1 SMM=0 HLT=0
ES =0010 0000000000000000 ffffffff 00cf9300 DPL=0 DS   [-WA]
CS =0008 0000000000000000 ffffffff 00af9a00 DPL=0 CS64 [-R-]
SS =0010 0000000000000000 ffffffff 00cf9300 DPL=0 DS   [-WA]
DS =0010 0000000000000000 ffffffff 00cf9300 DPL=0 DS   [-WA]
FS =0010 0000000000000000 ffffffff 00cf9300 DPL=0 DS   [-WA]
GS =0010 0000000000000000 ffffffff 00cf9300 DPL=0 DS   [-WA]
LDT=0000 0000000000000000 0000ffff 00008200 DPL=0 LDT
TR =0040 0000000000299ae0 0000006f 00208900 DPL=0 TSS64-avl
GDT=     0000000000271ce0 0000004f
IDT=     0000000000271d60 00000fff
CR0=80000013 CR2=0000000000000000 CR3=00000000001ba000 CR4=00000620
DR0=0000000000000000 DR1=0000000000000000 DR2=0000000000000000 DR3=0000000000000000 
DR6=00000000ffff0ff0 DR7=0000000000000400
CCS=0000000000000091 CCD=fffffffffd1b0b31 CCO=EFLAGS
EFER=0000000000000500
Servicing hardware INT=0x20
   244: v=20 e=0000 i=0 cpl=0 IP=0008:0000000000111ff2 pc=0000000000111ff2 SP=0010:00000000001b9e60 env->regs[R_EAX]=0000000000160771
RAX=0000000000160771 RBX=00000000cccccccd RCX=000000000000001b RDX=00000000000003f8
RSI=0000000000000000 RDI=00000000fee00000 RBP=00000000001b9ff0 RSP=00000000001b9e60
R8 =0000000000000001 R9 =0000000000000000 R10=00000000002f7000 R11=000000000000005e
R12=0000000000000000 R13=0000000000000001 R14=0000000000000001 R15=0000000000008003
RIP=0000000000111ff2 RFL=00000293 [--S-A-C] CPL=0 II=0 A20=1 SMM=0 HLT=0
ES =0010 0000000000000000 ffffffff 00cf9300 DPL=0 DS   [-WA]
CS =0008 0000000000000000 ffffffff 00af9a00 DPL=0 CS64 [-R-]
SS =0010 0000000000000000 ffffffff 00cf9300 DPL=0 DS   [-WA]
DS =0010 0000000000000000 ffffffff 00cf9300 DPL=0 DS   [-WA]
FS =0010 0000000000000000 ffffffff 00cf9300 DPL=0 DS   [-WA]
GS =0010 0000000000000000 ffffffff 00cf9300 DPL=0 DS   [-WA]
LDT=0000 0000000000000000 0000ffff 00008200 DPL=0 LDT
TR =0040 0000000000299ae0 0000006f 00208900 DPL=0 TSS64-avl
GDT=     0000000000271ce0 0000004f
IDT=     0000000000271d60 00000fff
CR0=80000013 CR2=0000000000000000 CR3=00000000001ba000 CR4=00000620
DR0=0000000000000000 DR1=0000000000000000 DR2=0000000000000000 DR3=0000000000000000 
DR6=00000000ffff0ff0 DR7=0000000000000400
CCS=0000000000000091 CCD=fffffffffd1b16f1 CCO=EFLAGS
EFER=0000000000000500
Servicing hardware INT=0x20
   245: v=20 e=0000 i=0 cpl=0 IP=0008:0000000000111ff2 pc=0000000000111ff2 SP=0010:00000000001b9e60 env->regs[R_EAX]=000000000016378c
RAX=000000000016378c RBX=00000000cccccccd RCX=000000000000001b RDX=00000000000003f8
RSI=0000000000000000 RDI=00000000fee00000 RBP=00000000001b9ff0 RSP=00000000001b9e60
R8 =0000000000000001 R9 =0000000000000000 R10=00000000002f7000 R11=000000000000005e
R12=0000000000000000 R13=0000000000000001 R14=0000000000000001 R15=0000000000008003
RIP=0000000000111ff2 RFL=00000297 [--S-APC] CPL=0 II=0 A20=1 SMM=0 HLT=0
ES =0010 0000000000000000 ffffffff 00cf9300 DPL=0 DS   [-WA]
CS =0008 0000000000000000 ffffffff 00af9a00 DPL=0 CS64 [-R-]
SS =0010 0000000000000000 ffffffff 00cf9300 DPL=0 DS   [-WA]
DS =0010 0000000000000000 ffffffff 00cf9300 DPL=0 DS   [-WA]
FS =0010 0000000000000000 ffffffff 00cf9300 DPL=0 DS   [-WA]
GS =0010 0000000000000000 ffffffff 00cf9300 DPL=0 DS   [-WA]
LDT=0000 0000000000000000 0000ffff 00008200 DPL=0 LDT
TR =0040 0000000000299ae0 0000006f 00208900 DPL=0 TSS64-avl
GDT=     0000000000271ce0 0000004f
IDT=     0000000000271d60 00000fff
CR0=80000013 CR2=0000000000000000 CR3=00000000001ba000 CR4=00000620
DR0=0000000000000000 DR1=0000000000000000 DR2=0000000000000000 DR3=0000000000000000 
DR6=00000000ffff0ff0 DR7=0000000000000400
CCS=0000000000000095 CCD=fffffffffd1b470c CCO=EFLAGS
EFER=0000000000000500
Servicing hardware INT=0x20
   246: v=20 e=0000 i=0 cpl=0 IP=0008:0000000000111ff2 pc=0000000000111ff2 SP=0010:00000000001b9e60 env->regs[R_EAX]=00000000001644db
RAX=00000000001644db RBX=00000000cccccccd RCX=000000000000001b RDX=00000000000003f8
RSI=0000000000000000 RDI=00000000fee00000 RBP=00000000001b9ff0 RSP=00000000001b9e60
R8 =0000000000000001 R9 =0000000000000000 R10=00000000002f7000 R11=000000000000005e
R12=0000000000000000 R13=0000000000000001 R14=0000000000000001 R15=0000000000008003
RIP=0000000000111ff2 RFL=00000293 [--S-A-C] CPL=0 II=0 A20=1 SMM=0 HLT=0
ES =0010 0000000000000000 ffffffff 00cf9300 DPL=0 DS   [-WA]
CS =0008 0000000000000000 ffffffff 00af9a00 DPL=0 CS64 [-R-]
SS =0010 0000000000000000 ffffffff 00cf9300 DPL=0 DS   [-WA]
DS =0010 0000000000000000 ffffffff 00cf9300 DPL=0 DS   [-WA]
FS =0010 0000000000000000 ffffffff 00cf9300 DPL=0 DS   [-WA]
GS =0010 0000000000000000 ffffffff 00cf9300 DPL=0 DS   [-WA]
LDT=0000 0000000000000000 0000ffff 00008200 DPL=0 LDT
TR =0040 0000000000299ae0 0000006f 00208900 DPL=0 TSS64-avl
GDT=     0000000000271ce0 0000004f
IDT=     0000000000271d60 00000fff
CR0=80000013 CR2=0000000000000000 CR3=00000000001ba000 CR4=00000620
DR0=0000000000000000 DR1=0000000000000000 DR2=0000000000000000 DR3=0000000000000000 
DR6=00000000ffff0ff0 DR7=0000000000000400
CCS=0000000000000091 CCD=fffffffffd1b545b CCO=EFLAGS
EFER=0000000000000500
Servicing hardware INT=0x20
   247: v=20 e=0000 i=0 cpl=0 IP=0008:0000000000111ff2 pc=0000000000111ff2 SP=0010:00000000001b9e60 env->regs[R_EAX]=00000000001674d4
RAX=00000000001674d4 RBX=00000000cccccccd RCX=000000000000001b RDX=00000000000003f8
RSI=0000000000000000 RDI=00000000fee00000 RBP=00000000001b9ff0 RSP=00000000001b9e60
R8 =0000000000000001 R9 =0000000000000000 R10=00000000002f7000 R11=000000000000005e
R12=0000000000000000 R13=0000000000000001 R14=0000000000000001 R15=0000000000008003
RIP=0000000000111ff2 RFL=00000293 [--S-A-C] CPL=0 II=0 A20=1 SMM=0 HLT=0
ES =0010 0000000000000000 ffffffff 00cf9300 DPL=0 DS   [-WA]
CS =0008 0000000000000000 ffffffff 00af9a00 DPL=0 CS64 [-R-]
SS =0010 0000000000000000 ffffffff 00cf9300 DPL=0 DS   [-WA]
DS =0010 0000000000000000 ffffffff 00cf9300 DPL=0 DS   [-WA]
FS =0010 0000000000000000 ffffffff 00cf9300 DPL=0 DS   [-WA]
GS =0010 0000000000000000 ffffffff 00cf9300 DPL=0 DS   [-WA]
LDT=0000 0000000000000000 0000ffff 00008200 DPL=0 LDT
TR =0040 0000000000299ae0 0000006f 00208900 DPL=0 TSS64-avl
GDT=     0000000000271ce0 0000004f
IDT=     0000000000271d60 00000fff
CR0=80000013 CR2=0000000000000000 CR3=00000000001ba000 CR4=00000620
DR0=0000000000000000 DR1=0000000000000000 DR2=0000000000000000 DR3=0000000000000000 
DR6=00000000ffff0ff0 DR7=0000000000000400
CCS=0000000000000091 CCD=fffffffffd1b8454 CCO=EFLAGS
EFER=0000000000000500
Servicing hardware INT=0x20
   248: v=20 e=0000 i=0 cpl=0 IP=0008:0000000000111ff2 pc=0000000000111ff2 SP=0010:00000000001b9e60 env->regs[R_EAX]=000000000016818e
RAX=000000000016818e RBX=00000000cccccccd RCX=000000000000001b RDX=00000000000003f8
RSI=0000000000000000 RDI=00000000fee00000 RBP=00000000001b9ff0 RSP=00000000001b9e60
R8 =0000000000000001 R9 =0000000000000000 R10=00000000002f7000 R11=000000000000005e
R12=0000000000000000 R13=0000000000000001 R14=0000000000000001 R15=0000000000008003
RIP=0000000000111ff2 RFL=00000293 [--S-A-C] CPL=0 II=0 A20=1 SMM=0 HLT=0
ES =0010 0000000000000000 ffffffff 00cf9300 DPL=0 DS   [-WA]
CS =0008 0000000000000000 ffffffff 00af9a00 DPL=0 CS64 [-R-]
SS =0010 0000000000000000 ffffffff 00cf9300 DPL=0 DS   [-WA]
DS =0010 0000000000000000 ffffffff 00cf9300 DPL=0 DS   [-WA]
FS =0010 0000000000000000 ffffffff 00cf9300 DPL=0 DS   [-WA]
GS =0010 0000000000000000 ffffffff 00cf9300 DPL=0 DS   [-WA]
LDT=0000 0000000000000000 0000ffff 00008200 DPL=0 LDT
TR =0040 0000000000299ae0 0000006f 00208900 DPL=0 TSS64-avl
GDT=     0000000000271ce0 0000004f
IDT=     0000000000271d60 00000fff
CR0=80000013 CR2=0000000000000000 CR3=00000000001ba000 CR4=00000620
DR0=0000000000000000 DR1=0000000000000000 DR2=0000000000000000 DR3=0000000000000000 
DR6=00000000ffff0ff0 DR7=0000000000000400
CCS=0000000000000091 CCD=fffffffffd1b910e CCO=EFLAGS
EFER=0000000000000500
Servicing hardware INT=0x20
   249: v=20 e=0000 i=0 cpl=0 IP=0008:0000000000111ff2 pc=0000000000111ff2 SP=0010:00000000001b9e60 env->regs[R_EAX]=000000000016b0f1
RAX=000000000016b0f1 RBX=00000000cccccccd RCX=000000000000001b RDX=00000000000003f8
RSI=0000000000000000 RDI=00000000fee00000 RBP=00000000001b9ff0 RSP=00000000001b9e60
R8 =0000000000000001 R9 =0000000000000000 R10=00000000002f7000 R11=000000000000005e
R12=0000000000000000 R13=0000000000000001 R14=0000000000000001 R15=0000000000008003
RIP=0000000000111ff2 RFL=00000297 [--S-APC] CPL=0 II=0 A20=1 SMM=0 HLT=0
ES =0010 0000000000000000 ffffffff 00cf9300 DPL=0 DS   [-WA]
CS =0008 0000000000000000 ffffffff 00af9a00 DPL=0 CS64 [-R-]
SS =0010 0000000000000000 ffffffff 00cf9300 DPL=0 DS   [-WA]
DS =0010 0000000000000000 ffffffff 00cf9300 DPL=0 DS   [-WA]
FS =0010 0000000000000000 ffffffff 00cf9300 DPL=0 DS   [-WA]
GS =0010 0000000000000000 ffffffff 00cf9300 DPL=0 DS   [-WA]
LDT=0000 0000000000000000 0000ffff 00008200 DPL=0 LDT
TR =0040 0000000000299ae0 0000006f 00208900 DPL=0 TSS64-avl
GDT=     0000000000271ce0 0000004f
IDT=     0000000000271d60 00000fff
CR0=80000013 CR2=0000000000000000 CR3=00000000001ba000 CR4=00000620
DR0=0000000000000000 DR1=0000000000000000 DR2=0000000000000000 DR3=0000000000000000 
DR6=00000000ffff0ff0 DR7=0000000000000400
CCS=0000000000000095 CCD=fffffffffd1bc071 CCO=EFLAGS
EFER=0000000000000500
Servicing hardware INT=0x20
   250: v=20 e=0000 i=0 cpl=0 IP=0008:0000000000111ff2 pc=0000000000111ff2 SP=0010:00000000001b9e60 env->regs[R_EAX]=000000000016bc0d
RAX=000000000016bc0d RBX=00000000cccccccd RCX=000000000000001b RDX=00000000000003f8
RSI=0000000000000000 RDI=00000000fee00000 RBP=00000000001b9ff0 RSP=00000000001b9e60
R8 =0000000000000001 R9 =0000000000000000 R10=00000000002f7000 R11=000000000000005e
R12=0000000000000000 R13=0000000000000001 R14=0000000000000001 R15=0000000000008003
RIP=0000000000111ff2 RFL=00000297 [--S-APC] CPL=0 II=0 A20=1 SMM=0 HLT=0
ES =0010 0000000000000000 ffffffff 00cf9300 DPL=0 DS   [-WA]
CS =0008 0000000000000000 ffffffff 00af9a00 DPL=0 CS64 [-R-]
SS =0010 0000000000000000 ffffffff 00cf9300 DPL=0 DS   [-WA]
DS =0010 0000000000000000 ffffffff 00cf9300 DPL=0 DS   [-WA]
FS =0010 0000000000000000 ffffffff 00cf9300 DPL=0 DS   [-WA]
GS =0010 0000000000000000 ffffffff 00cf9300 DPL=0 DS   [-WA]
LDT=0000 0000000000000000 0000ffff 00008200 DPL=0 LDT
TR =0040 0000000000299ae0 0000006f 00208900 DPL=0 TSS64-avl
GDT=     0000000000271ce0 0000004f
IDT=     0000000000271d60 00000fff
CR0=80000013 CR2=0000000000000000 CR3=00000000001ba000 CR4=00000620
DR0=0000000000000000 DR1=0000000000000000 DR2=0000000000000000 DR3=0000000000000000 
DR6=00000000ffff0ff0 DR7=0000000000000400
CCS=0000000000000095 CCD=fffffffffd1bcb8d CCO=EFLAGS
EFER=0000000000000500
Servicing hardware INT=0x20
   251: v=20 e=0000 i=0 cpl=0 IP=0008:0000000000111ff2 pc=0000000000111ff2 SP=0010:00000000001b9e60 env->regs[R_EAX]=000000000016e369
RAX=000000000016e369 RBX=00000000cccccccd RCX=000000000000001b RDX=00000000000003f8
RSI=0000000000000000 RDI=00000000fee00000 RBP=00000000001b9ff0 RSP=00000000001b9e60
R8 =0000000000000001 R9 =0000000000000000 R10=00000000002f7000 R11=000000000000005e
R12=0000000000000000 R13=0000000000000001 R14=0000000000000001 R15=0000000000008003
RIP=0000000000111ff2 RFL=00000293 [--S-A-C] CPL=0 II=0 A20=1 SMM=0 HLT=0
ES =0010 0000000000000000 ffffffff 00cf9300 DPL=0 DS   [-WA]
CS =0008 0000000000000000 ffffffff 00af9a00 DPL=0 CS64 [-R-]
SS =0010 0000000000000000 ffffffff 00cf9300 DPL=0 DS   [-WA]
DS =0010 0000000000000000 ffffffff 00cf9300 DPL=0 DS   [-WA]
FS =0010 0000000000000000 ffffffff 00cf9300 DPL=0 DS   [-WA]
GS =0010 0000000000000000 ffffffff 00cf9300 DPL=0 DS   [-WA]
LDT=0000 0000000000000000 0000ffff 00008200 DPL=0 LDT
TR =0040 0000000000299ae0 0000006f 00208900 DPL=0 TSS64-avl
GDT=     0000000000271ce0 0000004f
IDT=     0000000000271d60 00000fff
CR0=80000013 CR2=0000000000000000 CR3=00000000001ba000 CR4=00000620
DR0=0000000000000000 DR1=0000000000000000 DR2=0000000000000000 DR3=0000000000000000 
DR6=00000000ffff0ff0 DR7=0000000000000400
CCS=0000000000000091 CCD=fffffffffd1bf2e9 CCO=EFLAGS
EFER=0000000000000500
Servicing hardware INT=0x20
   252: v=20 e=0000 i=0 cpl=0 IP=0008:0000000000111ff2 pc=0000000000111ff2 SP=0010:00000000001b9e60 env->regs[R_EAX]=000000000016f313
RAX=000000000016f313 RBX=00000000cccccccd RCX=000000000000001b RDX=00000000000003f8
RSI=0000000000000000 RDI=00000000fee00000 RBP=00000000001b9ff0 RSP=00000000001b9e60
R8 =0000000000000001 R9 =0000000000000000 R10=00000000002f7000 R11=000000000000005e
R12=0000000000000000 R13=0000000000000001 R14=0000000000000001 R15=0000000000008003
RIP=0000000000111ff2 RFL=00000297 [--S-APC] CPL=0 II=0 A20=1 SMM=0 HLT=0
ES =0010 0000000000000000 ffffffff 00cf9300 DPL=0 DS   [-WA]
CS =0008 0000000000000000 ffffffff 00af9a00 DPL=0 CS64 [-R-]
SS =0010 0000000000000000 ffffffff 00cf9300 DPL=0 DS   [-WA]
DS =0010 0000000000000000 ffffffff 00cf9300 DPL=0 DS   [-WA]
FS =0010 0000000000000000 ffffffff 00cf9300 DPL=0 DS   [-WA]
GS =0010 0000000000000000 ffffffff 00cf9300 DPL=0 DS   [-WA]
LDT=0000 0000000000000000 0000ffff 00008200 DPL=0 LDT
TR =0040 0000000000299ae0 0000006f 00208900 DPL=0 TSS64-avl
GDT=     0000000000271ce0 0000004f
IDT=     0000000000271d60 00000fff
CR0=80000013 CR2=0000000000000000 CR3=00000000001ba000 CR4=00000620
DR0=0000000000000000 DR1=0000000000000000 DR2=0000000000000000 DR3=0000000000000000 
DR6=00000000ffff0ff0 DR7=0000000000000400
CCS=0000000000000095 CCD=fffffffffd1c0293 CCO=EFLAGS
EFER=0000000000000500
Servicing hardware INT=0x20
   253: v=20 e=0000 i=0 cpl=0 IP=0008:0000000000111ff2 pc=0000000000111ff2 SP=0010:00000000001b9e60 env->regs[R_EAX]=0000000000172400
RAX=0000000000172400 RBX=00000000cccccccd RCX=000000000000001b RDX=00000000000003f8
RSI=0000000000000000 RDI=00000000fee00000 RBP=00000000001b9ff0 RSP=00000000001b9e60
R8 =0000000000000001 R9 =0000000000000000 R10=00000000002f7000 R11=000000000000005e
R12=0000000000000000 R13=0000000000000001 R14=0000000000000001 R15=0000000000008003
RIP=0000000000111ff2 RFL=00000283 [--S---C] CPL=0 II=0 A20=1 SMM=0 HLT=0
ES =0010 0000000000000000 ffffffff 00cf9300 DPL=0 DS   [-WA]
CS =0008 0000000000000000 ffffffff 00af9a00 DPL=0 CS64 [-R-]
SS =0010 0000000000000000 ffffffff 00cf9300 DPL=0 DS   [-WA]
DS =0010 0000000000000000 ffffffff 00cf9300 DPL=0 DS   [-WA]
FS =0010 0000000000000000 ffffffff 00cf9300 DPL=0 DS   [-WA]
GS =0010 0000000000000000 ffffffff 00cf9300 DPL=0 DS   [-WA]
LDT=0000 0000000000000000 0000ffff 00008200 DPL=0 LDT
TR =0040 0000000000299ae0 0000006f 00208900 DPL=0 TSS64-avl
GDT=     0000000000271ce0 0000004f
IDT=     0000000000271d60 00000fff
CR0=80000013 CR2=0000000000000000 CR3=00000000001ba000 CR4=00000620
DR0=0000000000000000 DR1=0000000000000000 DR2=0000000000000000 DR3=0000000000000000 
DR6=00000000ffff0ff0 DR7=0000000000000400
CCS=0000000000000081 CCD=fffffffffd1c3380 CCO=EFLAGS
EFER=0000000000000500
Servicing hardware INT=0x20
   254: v=20 e=0000 i=0 cpl=0 IP=0008:0000000000111ff2 pc=0000000000111ff2 SP=0010:00000000001b9e60 env->regs[R_EAX]=0000000000172400
RAX=0000000000172400 RBX=00000000cccccccd RCX=000000000000001b RDX=00000000000003f8
RSI=0000000000000000 RDI=00000000fee00000 RBP=00000000001b9ff0 RSP=00000000001b9e60
R8 =0000000000000001 R9 =0000000000000000 R10=00000000002f7000 R11=000000000000005e
R12=0000000000000000 R13=0000000000000001 R14=0000000000000001 R15=0000000000008003
RIP=0000000000111ff2 RFL=00010283 [--S---C] CPL=0 II=0 A20=1 SMM=0 HLT=0
ES =0010 0000000000000000 ffffffff 00cf9300 DPL=0 DS   [-WA]
CS =0008 0000000000000000 ffffffff 00af9a00 DPL=0 CS64 [-R-]
SS =0010 0000000000000000 ffffffff 00cf9300 DPL=0 DS   [-WA]
DS =0010 0000000000000000 ffffffff 00cf9300 DPL=0 DS   [-WA]
FS =0010 0000000000000000 ffffffff 00cf9300 DPL=0 DS   [-WA]
GS =0010 0000000000000000 ffffffff 00cf9300 DPL=0 DS   [-WA]
LDT=0000 0000000000000000 0000ffff 00008200 DPL=0 LDT
TR =0040 0000000000299ae0 0000006f 00208900 DPL=0 TSS64-avl
GDT=     0000000000271ce0 0000004f
IDT=     0000000000271d60 00000fff
CR0=80000013 CR2=0000000000000000 CR3=00000000001ba000 CR4=00000620
DR0=0000000000000000 DR1=0000000000000000 DR2=0000000000000000 DR3=0000000000000000 
DR6=00000000ffff0ff0 DR7=0000000000000400
CCS=0000000000000081 CCD=00000000001b9e38 CCO=EFLAGS
EFER=0000000000000500
Servicing hardware INT=0x20
   255: v=20 e=0000 i=0 cpl=0 IP=0008:0000000000111ff2 pc=0000000000111ff2 SP=0010:00000000001b9e60 env->regs[R_EAX]=000000000017541d
RAX=000000000017541d RBX=00000000cccccccd RCX=000000000000001b RDX=00000000000003f8
RSI=0000000000000000 RDI=00000000fee00000 RBP=00000000001b9ff0 RSP=00000000001b9e60
R8 =0000000000000001 R9 =0000000000000000 R10=00000000002f7000 R11=000000000000005e
R12=0000000000000000 R13=0000000000000001 R14=0000000000000001 R15=0000000000008003
RIP=0000000000111ff2 RFL=00000293 [--S-A-C] CPL=0 II=0 A20=1 SMM=0 HLT=0
ES =0010 0000000000000000 ffffffff 00cf9300 DPL=0 DS   [-WA]
CS =0008 0000000000000000 ffffffff 00af9a00 DPL=0 CS64 [-R-]
SS =0010 0000000000000000 ffffffff 00cf9300 DPL=0 DS   [-WA]
DS =0010 0000000000000000 ffffffff 00cf9300 DPL=0 DS   [-WA]
FS =0010 0000000000000000 ffffffff 00cf9300 DPL=0 DS   [-WA]
GS =0010 0000000000000000 ffffffff 00cf9300 DPL=0 DS   [-WA]
LDT=0000 0000000000000000 0000ffff 00008200 DPL=0 LDT
TR =0040 0000000000299ae0 0000006f 00208900 DPL=0 TSS64-avl
GDT=     0000000000271ce0 0000004f
IDT=     0000000000271d60 00000fff
CR0=80000013 CR2=0000000000000000 CR3=00000000001ba000 CR4=00000620
DR0=0000000000000000 DR1=0000000000000000 DR2=0000000000000000 DR3=0000000000000000 
DR6=00000000ffff0ff0 DR7=0000000000000400
CCS=0000000000000091 CCD=fffffffffd1c639d CCO=EFLAGS
EFER=0000000000000500
Servicing hardware INT=0x20
   256: v=20 e=0000 i=0 cpl=0 IP=0008:0000000000111ff2 pc=0000000000111ff2 SP=0010:00000000001b9e60 env->regs[R_EAX]=0000000000175f32
RAX=0000000000175f32 RBX=00000000cccccccd RCX=000000000000001b RDX=00000000000003f8
RSI=0000000000000000 RDI=00000000fee00000 RBP=00000000001b9ff0 RSP=00000000001b9e60
R8 =0000000000000001 R9 =0000000000000000 R10=00000000002f7000 R11=000000000000005e
R12=0000000000000000 R13=0000000000000001 R14=0000000000000001 R15=0000000000008003
RIP=0000000000111ff2 RFL=00000297 [--S-APC] CPL=0 II=0 A20=1 SMM=0 HLT=0
ES =0010 0000000000000000 ffffffff 00cf9300 DPL=0 DS   [-WA]
CS =0008 0000000000000000 ffffffff 00af9a00 DPL=0 CS64 [-R-]
SS =0010 0000000000000000 ffffffff 00cf9300 DPL=0 DS   [-WA]
DS =0010 0000000000000000 ffffffff 00cf9300 DPL=0 DS   [-WA]
FS =0010 0000000000000000 ffffffff 00cf9300 DPL=0 DS   [-WA]
GS =0010 0000000000000000 ffffffff 00cf9300 DPL=0 DS   [-WA]
LDT=0000 0000000000000000 0000ffff 00008200 DPL=0 LDT
TR =0040 0000000000299ae0 0000006f 00208900 DPL=0 TSS64-avl
GDT=     0000000000271ce0 0000004f
IDT=     0000000000271d60 00000fff
CR0=80000013 CR2=0000000000000000 CR3=00000000001ba000 CR4=00000620
DR0=0000000000000000 DR1=0000000000000000 DR2=0000000000000000 DR3=0000000000000000 
DR6=00000000ffff0ff0 DR7=0000000000000400
CCS=0000000000000095 CCD=fffffffffd1c6eb2 CCO=EFLAGS
EFER=0000000000000500
Servicing hardware INT=0x20
   257: v=20 e=0000 i=0 cpl=0 IP=0008:0000000000111ff2 pc=0000000000111ff2 SP=0010:00000000001b9e60 env->regs[R_EAX]=0000000000178a63
RAX=0000000000178a63 RBX=00000000cccccccd RCX=000000000000001b RDX=00000000000003f8
RSI=0000000000000000 RDI=00000000fee00000 RBP=00000000001b9ff0 RSP=00000000001b9e60
R8 =0000000000000001 R9 =0000000000000000 R10=00000000002f7000 R11=000000000000005e
R12=0000000000000000 R13=0000000000000001 R14=0000000000000001 R15=0000000000008003
RIP=0000000000111ff2 RFL=00000293 [--S-A-C] CPL=0 II=0 A20=1 SMM=0 HLT=0
ES =0010 0000000000000000 ffffffff 00cf9300 DPL=0 DS   [-WA]
CS =0008 0000000000000000 ffffffff 00af9a00 DPL=0 CS64 [-R-]
SS =0010 0000000000000000 ffffffff 00cf9300 DPL=0 DS   [-WA]
DS =0010 0000000000000000 ffffffff 00cf9300 DPL=0 DS   [-WA]
FS =0010 0000000000000000 ffffffff 00cf9300 DPL=0 DS   [-WA]
GS =0010 0000000000000000 ffffffff 00cf9300 DPL=0 DS   [-WA]
LDT=0000 0000000000000000 0000ffff 00008200 DPL=0 LDT
TR =0040 0000000000299ae0 0000006f 00208900 DPL=0 TSS64-avl
GDT=     0000000000271ce0 0000004f
IDT=     0000000000271d60 00000fff
CR0=80000013 CR2=0000000000000000 CR3=00000000001ba000 CR4=00000620
DR0=0000000000000000 DR1=0000000000000000 DR2=0000000000000000 DR3=0000000000000000 
DR6=00000000ffff0ff0 DR7=0000000000000400
CCS=0000000000000091 CCD=fffffffffd1c99e3 CCO=EFLAGS
EFER=0000000000000500
Servicing hardware INT=0x20
   258: v=20 e=0000 i=0 cpl=0 IP=0008:0000000000111ff2 pc=0000000000111ff2 SP=0010:00000000001b9e60 env->regs[R_EAX]=00000000001796df
RAX=00000000001796df RBX=00000000cccccccd RCX=000000000000001b RDX=00000000000003f8
RSI=0000000000000000 RDI=00000000fee00000 RBP=00000000001b9ff0 RSP=00000000001b9e60
R8 =0000000000000001 R9 =0000000000000000 R10=00000000002f7000 R11=000000000000005e
R12=0000000000000000 R13=0000000000000001 R14=0000000000000001 R15=0000000000008003
RIP=0000000000111ff2 RFL=00000297 [--S-APC] CPL=0 II=0 A20=1 SMM=0 HLT=0
ES =0010 0000000000000000 ffffffff 00cf9300 DPL=0 DS   [-WA]
CS =0008 0000000000000000 ffffffff 00af9a00 DPL=0 CS64 [-R-]
SS =0010 0000000000000000 ffffffff 00cf9300 DPL=0 DS   [-WA]
DS =0010 0000000000000000 ffffffff 00cf9300 DPL=0 DS   [-WA]
FS =0010 0000000000000000 ffffffff 00cf9300 DPL=0 DS   [-WA]
GS =0010 0000000000000000 ffffffff 00cf9300 DPL=0 DS   [-WA]
LDT=0000 0000000000000000 0000ffff 00008200 DPL=0 LDT
TR =0040 0000000000299ae0 0000006f 00208900 DPL=0 TSS64-avl
GDT=     0000000000271ce0 0000004f
IDT=     0000000000271d60 00000fff
CR0=80000013 CR2=0000000000000000 CR3=00000000001ba000 CR4=00000620
DR0=0000000000000000 DR1=0000000000000000 DR2=0000000000000000 DR3=0000000000000000 
DR6=00000000ffff0ff0 DR7=0000000000000400
CCS=0000000000000095 CCD=fffffffffd1ca65f CCO=EFLAGS
EFER=0000000000000500
Servicing hardware INT=0x20
   259: v=20 e=0000 i=0 cpl=0 IP=0008:0000000000111ff2 pc=0000000000111ff2 SP=0010:00000000001b9e60 env->regs[R_EAX]=000000000017c741
RAX=000000000017c741 RBX=00000000cccccccd RCX=000000000000001b RDX=00000000000003f8
RSI=0000000000000000 RDI=00000000fee00000 RBP=00000000001b9ff0 RSP=00000000001b9e60
R8 =0000000000000001 R9 =0000000000000000 R10=00000000002f7000 R11=000000000000005e
R12=0000000000000000 R13=0000000000000001 R14=0000000000000001 R15=0000000000008003
RIP=0000000000111ff2 RFL=00000293 [--S-A-C] CPL=0 II=0 A20=1 SMM=0 HLT=0
ES =0010 0000000000000000 ffffffff 00cf9300 DPL=0 DS   [-WA]
CS =0008 0000000000000000 ffffffff 00af9a00 DPL=0 CS64 [-R-]
SS =0010 0000000000000000 ffffffff 00cf9300 DPL=0 DS   [-WA]
DS =0010 0000000000000000 ffffffff 00cf9300 DPL=0 DS   [-WA]
FS =0010 0000000000000000 ffffffff 00cf9300 DPL=0 DS   [-WA]
GS =0010 0000000000000000 ffffffff 00cf9300 DPL=0 DS   [-WA]
LDT=0000 0000000000000000 0000ffff 00008200 DPL=0 LDT
TR =0040 0000000000299ae0 0000006f 00208900 DPL=0 TSS64-avl
GDT=     0000000000271ce0 0000004f
IDT=     0000000000271d60 00000fff
CR0=80000013 CR2=0000000000000000 CR3=00000000001ba000 CR4=00000620
DR0=0000000000000000 DR1=0000000000000000 DR2=0000000000000000 DR3=0000000000000000 
DR6=00000000ffff0ff0 DR7=0000000000000400
CCS=0000000000000091 CCD=fffffffffd1cd6c1 CCO=EFLAGS
EFER=0000000000000500
Servicing hardware INT=0x20
   260: v=20 e=0000 i=0 cpl=0 IP=0008:0000000000111ff2 pc=0000000000111ff2 SP=0010:00000000001b9e60 env->regs[R_EAX]=000000000017d0ba
RAX=000000000017d0ba RBX=00000000cccccccd RCX=000000000000001b RDX=00000000000003f8
RSI=0000000000000000 RDI=00000000fee00000 RBP=00000000001b9ff0 RSP=00000000001b9e60
R8 =0000000000000001 R9 =0000000000000000 R10=00000000002f7000 R11=000000000000005e
R12=0000000000000000 R13=0000000000000001 R14=0000000000000001 R15=0000000000008003
RIP=0000000000111ff2 RFL=00000297 [--S-APC] CPL=0 II=0 A20=1 SMM=0 HLT=0
ES =0010 0000000000000000 ffffffff 00cf9300 DPL=0 DS   [-WA]
CS =0008 0000000000000000 ffffffff 00af9a00 DPL=0 CS64 [-R-]
SS =0010 0000000000000000 ffffffff 00cf9300 DPL=0 DS   [-WA]
DS =0010 0000000000000000 ffffffff 00cf9300 DPL=0 DS   [-WA]
FS =0010 0000000000000000 ffffffff 00cf9300 DPL=0 DS   [-WA]
GS =0010 0000000000000000 ffffffff 00cf9300 DPL=0 DS   [-WA]
LDT=0000 0000000000000000 0000ffff 00008200 DPL=0 LDT
TR =0040 0000000000299ae0 0000006f 00208900 DPL=0 TSS64-avl
GDT=     0000000000271ce0 0000004f
IDT=     0000000000271d60 00000fff
CR0=80000013 CR2=0000000000000000 CR3=00000000001ba000 CR4=00000620
DR0=0000000000000000 DR1=0000000000000000 DR2=0000000000000000 DR3=0000000000000000 
DR6=00000000ffff0ff0 DR7=0000000000000400
CCS=0000000000000095 CCD=fffffffffd1ce03a CCO=EFLAGS
EFER=0000000000000500
Servicing hardware INT=0x20
   261: v=20 e=0000 i=0 cpl=0 IP=0008:0000000000111ff2 pc=0000000000111ff2 SP=0010:00000000001b9e60 env->regs[R_EAX]=00000000001804ac
RAX=00000000001804ac RBX=00000000cccccccd RCX=000000000000001b RDX=00000000000003f8
RSI=0000000000000000 RDI=00000000fee00000 RBP=00000000001b9ff0 RSP=00000000001b9e60
R8 =0000000000000001 R9 =0000000000000000 R10=00000000002f7000 R11=000000000000005e
R12=0000000000000000 R13=0000000000000001 R14=0000000000000001 R15=0000000000008003
RIP=0000000000111ff2 RFL=00000293 [--S-A-C] CPL=0 II=0 A20=1 SMM=0 HLT=0
ES =0010 0000000000000000 ffffffff 00cf9300 DPL=0 DS   [-WA]
CS =0008 0000000000000000 ffffffff 00af9a00 DPL=0 CS64 [-R-]
SS =0010 0000000000000000 ffffffff 00cf9300 DPL=0 DS   [-WA]
DS =0010 0000000000000000 ffffffff 00cf9300 DPL=0 DS   [-WA]
FS =0010 0000000000000000 ffffffff 00cf9300 DPL=0 DS   [-WA]
GS =0010 0000000000000000 ffffffff 00cf9300 DPL=0 DS   [-WA]
LDT=0000 0000000000000000 0000ffff 00008200 DPL=0 LDT
TR =0040 0000000000299ae0 0000006f 00208900 DPL=0 TSS64-avl
GDT=     0000000000271ce0 0000004f
IDT=     0000000000271d60 00000fff
CR0=80000013 CR2=0000000000000000 CR3=00000000001ba000 CR4=00000620
DR0=0000000000000000 DR1=0000000000000000 DR2=0000000000000000 DR3=0000000000000000 
DR6=00000000ffff0ff0 DR7=0000000000000400
CCS=0000000000000091 CCD=fffffffffd1d142c CCO=EFLAGS
EFER=0000000000000500
Servicing hardware INT=0x20
   262: v=20 e=0000 i=0 cpl=0 IP=0008:0000000000111ff2 pc=0000000000111ff2 SP=0010:00000000001b9e60 env->regs[R_EAX]=00000000001804ac
RAX=00000000001804ac RBX=00000000cccccccd RCX=000000000000001b RDX=00000000000003f8
RSI=0000000000000000 RDI=00000000fee00000 RBP=00000000001b9ff0 RSP=00000000001b9e60
R8 =0000000000000001 R9 =0000000000000000 R10=00000000002f7000 R11=000000000000005e
R12=0000000000000000 R13=0000000000000001 R14=0000000000000001 R15=0000000000008003
RIP=0000000000111ff2 RFL=00010293 [--S-A-C] CPL=0 II=0 A20=1 SMM=0 HLT=0
ES =0010 0000000000000000 ffffffff 00cf9300 DPL=0 DS   [-WA]
CS =0008 0000000000000000 ffffffff 00af9a00 DPL=0 CS64 [-R-]
SS =0010 0000000000000000 ffffffff 00cf9300 DPL=0 DS   [-WA]
DS =0010 0000000000000000 ffffffff 00cf9300 DPL=0 DS   [-WA]
FS =0010 0000000000000000 ffffffff 00cf9300 DPL=0 DS   [-WA]
GS =0010 0000000000000000 ffffffff 00cf9300 DPL=0 DS   [-WA]
LDT=0000 0000000000000000 0000ffff 00008200 DPL=0 LDT
TR =0040 0000000000299ae0 0000006f 00208900 DPL=0 TSS64-avl
GDT=     0000000000271ce0 0000004f
IDT=     0000000000271d60 00000fff
CR0=80000013 CR2=0000000000000000 CR3=00000000001ba000 CR4=00000620
DR0=0000000000000000 DR1=0000000000000000 DR2=0000000000000000 DR3=0000000000000000 
DR6=00000000ffff0ff0 DR7=0000000000000400
CCS=0000000000000091 CCD=00000000001b9e38 CCO=EFLAGS
EFER=0000000000000500
Servicing hardware INT=0x20
   263: v=20 e=0000 i=0 cpl=0 IP=0008:0000000000111ff2 pc=0000000000111ff2 SP=0010:00000000001b9e60 env->regs[R_EAX]=00000000001816fb
RAX=00000000001816fb RBX=00000000cccccccd RCX=000000000000001b RDX=00000000000003f8
RSI=0000000000000000 RDI=00000000fee00000 RBP=00000000001b9ff0 RSP=00000000001b9e60
R8 =0000000000000001 R9 =0000000000000000 R10=00000000002f7000 R11=000000000000005e
R12=0000000000000000 R13=0000000000000001 R14=0000000000000001 R15=0000000000008003
RIP=0000000000111ff2 RFL=00000297 [--S-APC] CPL=0 II=0 A20=1 SMM=0 HLT=0
ES =0010 0000000000000000 ffffffff 00cf9300 DPL=0 DS   [-WA]
CS =0008 0000000000000000 ffffffff 00af9a00 DPL=0 CS64 [-R-]
SS =0010 0000000000000000 ffffffff 00cf9300 DPL=0 DS   [-WA]
DS =0010 0000000000000000 ffffffff 00cf9300 DPL=0 DS   [-WA]
FS =0010 0000000000000000 ffffffff 00cf9300 DPL=0 DS   [-WA]
GS =0010 0000000000000000 ffffffff 00cf9300 DPL=0 DS   [-WA]
LDT=0000 0000000000000000 0000ffff 00008200 DPL=0 LDT
TR =0040 0000000000299ae0 0000006f 00208900 DPL=0 TSS64-avl
GDT=     0000000000271ce0 0000004f
IDT=     0000000000271d60 00000fff
CR0=80000013 CR2=0000000000000000 CR3=00000000001ba000 CR4=00000620
DR0=0000000000000000 DR1=0000000000000000 DR2=0000000000000000 DR3=0000000000000000 
DR6=00000000ffff0ff0 DR7=0000000000000400
CCS=0000000000000095 CCD=fffffffffd1d267b CCO=EFLAGS
EFER=0000000000000500
Servicing hardware INT=0x20
   264: v=20 e=0000 i=0 cpl=0 IP=0008:0000000000111ff2 pc=0000000000111ff2 SP=0010:00000000001b9e60 env->regs[R_EAX]=00000000001821fa
RAX=00000000001821fa RBX=00000000cccccccd RCX=000000000000001b RDX=00000000000003f8
RSI=0000000000000000 RDI=00000000fee00000 RBP=00000000001b9ff0 RSP=00000000001b9e60
R8 =0000000000000001 R9 =0000000000000000 R10=00000000002f7000 R11=000000000000005e
R12=0000000000000000 R13=0000000000000001 R14=0000000000000001 R15=0000000000008003
RIP=0000000000111ff2 RFL=00000293 [--S-A-C] CPL=0 II=0 A20=1 SMM=0 HLT=0
ES =0010 0000000000000000 ffffffff 00cf9300 DPL=0 DS   [-WA]
CS =0008 0000000000000000 ffffffff 00af9a00 DPL=0 CS64 [-R-]
SS =0010 0000000000000000 ffffffff 00cf9300 DPL=0 DS   [-WA]
DS =0010 0000000000000000 ffffffff 00cf9300 DPL=0 DS   [-WA]
FS =0010 0000000000000000 ffffffff 00cf9300 DPL=0 DS   [-WA]
GS =0010 0000000000000000 ffffffff 00cf9300 DPL=0 DS   [-WA]
LDT=0000 0000000000000000 0000ffff 00008200 DPL=0 LDT
TR =0040 0000000000299ae0 0000006f 00208900 DPL=0 TSS64-avl
GDT=     0000000000271ce0 0000004f
IDT=     0000000000271d60 00000fff
CR0=80000013 CR2=0000000000000000 CR3=00000000001ba000 CR4=00000620
DR0=0000000000000000 DR1=0000000000000000 DR2=0000000000000000 DR3=0000000000000000 
DR6=00000000ffff0ff0 DR7=0000000000000400
CCS=0000000000000091 CCD=fffffffffd1d317a CCO=EFLAGS
EFER=0000000000000500
Servicing hardware INT=0x20
   265: v=20 e=0000 i=0 cpl=0 IP=0008:0000000000111ff2 pc=0000000000111ff2 SP=0010:00000000001b9e60 env->regs[R_EAX]=0000000000184c50
RAX=0000000000184c50 RBX=00000000cccccccd RCX=000000000000001b RDX=00000000000003f8
RSI=0000000000000000 RDI=00000000fee00000 RBP=00000000001b9ff0 RSP=00000000001b9e60
R8 =0000000000000001 R9 =0000000000000000 R10=00000000002f7000 R11=000000000000005e
R12=0000000000000000 R13=0000000000000001 R14=0000000000000001 R15=0000000000008003
RIP=0000000000111ff2 RFL=00000283 [--S---C] CPL=0 II=0 A20=1 SMM=0 HLT=0
ES =0010 0000000000000000 ffffffff 00cf9300 DPL=0 DS   [-WA]
CS =0008 0000000000000000 ffffffff 00af9a00 DPL=0 CS64 [-R-]
SS =0010 0000000000000000 ffffffff 00cf9300 DPL=0 DS   [-WA]
DS =0010 0000000000000000 ffffffff 00cf9300 DPL=0 DS   [-WA]
FS =0010 0000000000000000 ffffffff 00cf9300 DPL=0 DS   [-WA]
GS =0010 0000000000000000 ffffffff 00cf9300 DPL=0 DS   [-WA]
LDT=0000 0000000000000000 0000ffff 00008200 DPL=0 LDT
TR =0040 0000000000299ae0 0000006f 00208900 DPL=0 TSS64-avl
GDT=     0000000000271ce0 0000004f
IDT=     0000000000271d60 00000fff
CR0=80000013 CR2=0000000000000000 CR3=00000000001ba000 CR4=00000620
DR0=0000000000000000 DR1=0000000000000000 DR2=0000000000000000 DR3=0000000000000000 
DR6=00000000ffff0ff0 DR7=0000000000000400
CCS=0000000000000081 CCD=fffffffffd1d5bd0 CCO=EFLAGS
EFER=0000000000000500
Servicing hardware INT=0x20
   266: v=20 e=0000 i=0 cpl=0 IP=0008:0000000000111ff2 pc=0000000000111ff2 SP=0010:00000000001b9e60 env->regs[R_EAX]=0000000000185702
RAX=0000000000185702 RBX=00000000cccccccd RCX=000000000000001b RDX=00000000000003f8
RSI=0000000000000000 RDI=00000000fee00000 RBP=00000000001b9ff0 RSP=00000000001b9e60
R8 =0000000000000001 R9 =0000000000000000 R10=00000000002f7000 R11=000000000000005e
R12=0000000000000000 R13=0000000000000001 R14=0000000000000001 R15=0000000000008003
RIP=0000000000111ff2 RFL=00000297 [--S-APC] CPL=0 II=0 A20=1 SMM=0 HLT=0
ES =0010 0000000000000000 ffffffff 00cf9300 DPL=0 DS   [-WA]
CS =0008 0000000000000000 ffffffff 00af9a00 DPL=0 CS64 [-R-]
SS =0010 0000000000000000 ffffffff 00cf9300 DPL=0 DS   [-WA]
DS =0010 0000000000000000 ffffffff 00cf9300 DPL=0 DS   [-WA]
FS =0010 0000000000000000 ffffffff 00cf9300 DPL=0 DS   [-WA]
GS =0010 0000000000000000 ffffffff 00cf9300 DPL=0 DS   [-WA]
LDT=0000 0000000000000000 0000ffff 00008200 DPL=0 LDT
TR =0040 0000000000299ae0 0000006f 00208900 DPL=0 TSS64-avl
GDT=     0000000000271ce0 0000004f
IDT=     0000000000271d60 00000fff
CR0=80000013 CR2=0000000000000000 CR3=00000000001ba000 CR4=00000620
DR0=0000000000000000 DR1=0000000000000000 DR2=0000000000000000 DR3=0000000000000000 
DR6=00000000ffff0ff0 DR7=0000000000000400
CCS=0000000000000095 CCD=fffffffffd1d6682 CCO=EFLAGS
EFER=0000000000000500
Servicing hardware INT=0x20
   267: v=20 e=0000 i=0 cpl=0 IP=0008:0000000000111ff2 pc=0000000000111ff2 SP=0010:00000000001b9e60 env->regs[R_EAX]=00000000001884dc
RAX=00000000001884dc RBX=00000000cccccccd RCX=000000000000001b RDX=00000000000003f8
RSI=0000000000000000 RDI=00000000fee00000 RBP=00000000001b9ff0 RSP=00000000001b9e60
R8 =0000000000000001 R9 =0000000000000000 R10=00000000002f7000 R11=000000000000005e
R12=0000000000000000 R13=0000000000000001 R14=0000000000000001 R15=0000000000008003
RIP=0000000000111ff2 RFL=00000297 [--S-APC] CPL=0 II=0 A20=1 SMM=0 HLT=0
ES =0010 0000000000000000 ffffffff 00cf9300 DPL=0 DS   [-WA]
CS =0008 0000000000000000 ffffffff 00af9a00 DPL=0 CS64 [-R-]
SS =0010 0000000000000000 ffffffff 00cf9300 DPL=0 DS   [-WA]
DS =0010 0000000000000000 ffffffff 00cf9300 DPL=0 DS   [-WA]
FS =0010 0000000000000000 ffffffff 00cf9300 DPL=0 DS   [-WA]
GS =0010 0000000000000000 ffffffff 00cf9300 DPL=0 DS   [-WA]
LDT=0000 0000000000000000 0000ffff 00008200 DPL=0 LDT
TR =0040 0000000000299ae0 0000006f 00208900 DPL=0 TSS64-avl
GDT=     0000000000271ce0 0000004f
IDT=     0000000000271d60 00000fff
CR0=80000013 CR2=0000000000000000 CR3=00000000001ba000 CR4=00000620
DR0=0000000000000000 DR1=0000000000000000 DR2=0000000000000000 DR3=0000000000000000 
DR6=00000000ffff0ff0 DR7=0000000000000400
CCS=0000000000000095 CCD=fffffffffd1d945c CCO=EFLAGS
EFER=0000000000000500
Servicing hardware INT=0x20
   268: v=20 e=0000 i=0 cpl=0 IP=0008:0000000000111ff2 pc=0000000000111ff2 SP=0010:00000000001b9e60 env->regs[R_EAX]=0000000000188e83
RAX=0000000000188e83 RBX=00000000cccccccd RCX=000000000000001b RDX=00000000000003f8
RSI=0000000000000000 RDI=00000000fee00000 RBP=00000000001b9ff0 RSP=00000000001b9e60
R8 =0000000000000001 R9 =0000000000000000 R10=00000000002f7000 R11=000000000000005e
R12=0000000000000000 R13=0000000000000001 R14=0000000000000001 R15=0000000000008003
RIP=0000000000111ff2 RFL=00000297 [--S-APC] CPL=0 II=0 A20=1 SMM=0 HLT=0
ES =0010 0000000000000000 ffffffff 00cf9300 DPL=0 DS   [-WA]
CS =0008 0000000000000000 ffffffff 00af9a00 DPL=0 CS64 [-R-]
SS =0010 0000000000000000 ffffffff 00cf9300 DPL=0 DS   [-WA]
DS =0010 0000000000000000 ffffffff 00cf9300 DPL=0 DS   [-WA]
FS =0010 0000000000000000 ffffffff 00cf9300 DPL=0 DS   [-WA]
GS =0010 0000000000000000 ffffffff 00cf9300 DPL=0 DS   [-WA]
LDT=0000 0000000000000000 0000ffff 00008200 DPL=0 LDT
TR =0040 0000000000299ae0 0000006f 00208900 DPL=0 TSS64-avl
GDT=     0000000000271ce0 0000004f
IDT=     0000000000271d60 00000fff
CR0=80000013 CR2=0000000000000000 CR3=00000000001ba000 CR4=00000620
DR0=0000000000000000 DR1=0000000000000000 DR2=0000000000000000 DR3=0000000000000000 
DR6=00000000ffff0ff0 DR7=0000000000000400
CCS=0000000000000095 CCD=fffffffffd1d9e03 CCO=EFLAGS
EFER=0000000000000500
Servicing hardware INT=0x20
   269: v=20 e=0000 i=0 cpl=0 IP=0008:0000000000111ff2 pc=0000000000111ff2 SP=0010:00000000001b9e60 env->regs[R_EAX]=000000000018bfad
RAX=000000000018bfad RBX=00000000cccccccd RCX=000000000000001b RDX=00000000000003f8
RSI=0000000000000000 RDI=00000000fee00000 RBP=00000000001b9ff0 RSP=00000000001b9e60
R8 =0000000000000001 R9 =0000000000000000 R10=00000000002f7000 R11=000000000000005e
R12=0000000000000000 R13=0000000000000001 R14=0000000000000001 R15=0000000000008003
RIP=0000000000111ff2 RFL=00000297 [--S-APC] CPL=0 II=0 A20=1 SMM=0 HLT=0
ES =0010 0000000000000000 ffffffff 00cf9300 DPL=0 DS   [-WA]
CS =0008 0000000000000000 ffffffff 00af9a00 DPL=0 CS64 [-R-]
SS =0010 0000000000000000 ffffffff 00cf9300 DPL=0 DS   [-WA]
DS =0010 0000000000000000 ffffffff 00cf9300 DPL=0 DS   [-WA]
FS =0010 0000000000000000 ffffffff 00cf9300 DPL=0 DS   [-WA]
GS =0010 0000000000000000 ffffffff 00cf9300 DPL=0 DS   [-WA]
LDT=0000 0000000000000000 0000ffff 00008200 DPL=0 LDT
TR =0040 0000000000299ae0 0000006f 00208900 DPL=0 TSS64-avl
GDT=     0000000000271ce0 0000004f
IDT=     0000000000271d60 00000fff
CR0=80000013 CR2=0000000000000000 CR3=00000000001ba000 CR4=00000620
DR0=0000000000000000 DR1=0000000000000000 DR2=0000000000000000 DR3=0000000000000000 
DR6=00000000ffff0ff0 DR7=0000000000000400
CCS=0000000000000095 CCD=fffffffffd1dcf2d CCO=EFLAGS
EFER=0000000000000500
Servicing hardware INT=0x20
   270: v=20 e=0000 i=0 cpl=0 IP=0008:0000000000111ff2 pc=0000000000111ff2 SP=0010:00000000001b9e60 env->regs[R_EAX]=000000000018cbdf
RAX=000000000018cbdf RBX=00000000cccccccd RCX=000000000000001b RDX=00000000000003f8
RSI=0000000000000000 RDI=00000000fee00000 RBP=00000000001b9ff0 RSP=00000000001b9e60
R8 =0000000000000001 R9 =0000000000000000 R10=00000000002f7000 R11=000000000000005e
R12=0000000000000000 R13=0000000000000001 R14=0000000000000001 R15=0000000000008003
RIP=0000000000111ff2 RFL=00000297 [--S-APC] CPL=0 II=0 A20=1 SMM=0 HLT=0
ES =0010 0000000000000000 ffffffff 00cf9300 DPL=0 DS   [-WA]
CS =0008 0000000000000000 ffffffff 00af9a00 DPL=0 CS64 [-R-]
SS =0010 0000000000000000 ffffffff 00cf9300 DPL=0 DS   [-WA]
DS =0010 0000000000000000 ffffffff 00cf9300 DPL=0 DS   [-WA]
FS =0010 0000000000000000 ffffffff 00cf9300 DPL=0 DS   [-WA]
GS =0010 0000000000000000 ffffffff 00cf9300 DPL=0 DS   [-WA]
LDT=0000 0000000000000000 0000ffff 00008200 DPL=0 LDT
TR =0040 0000000000299ae0 0000006f 00208900 DPL=0 TSS64-avl
GDT=     0000000000271ce0 0000004f
IDT=     0000000000271d60 00000fff
CR0=80000013 CR2=0000000000000000 CR3=00000000001ba000 CR4=00000620
DR0=0000000000000000 DR1=0000000000000000 DR2=0000000000000000 DR3=0000000000000000 
DR6=00000000ffff0ff0 DR7=0000000000000400
CCS=0000000000000095 CCD=fffffffffd1ddb5f CCO=EFLAGS
EFER=0000000000000500
Servicing hardware INT=0x20
   271: v=20 e=0000 i=0 cpl=0 IP=0008:0000000000111ff2 pc=0000000000111ff2 SP=0010:00000000001b9e60 env->regs[R_EAX]=000000000018fc4b
RAX=000000000018fc4b RBX=00000000cccccccd RCX=000000000000001b RDX=00000000000003f8
RSI=0000000000000000 RDI=00000000fee00000 RBP=00000000001b9ff0 RSP=00000000001b9e60
R8 =0000000000000001 R9 =0000000000000000 R10=00000000002f7000 R11=000000000000005e
R12=0000000000000000 R13=0000000000000001 R14=0000000000000001 R15=0000000000008003
RIP=0000000000111ff2 RFL=00000293 [--S-A-C] CPL=0 II=0 A20=1 SMM=0 HLT=0
ES =0010 0000000000000000 ffffffff 00cf9300 DPL=0 DS   [-WA]
CS =0008 0000000000000000 ffffffff 00af9a00 DPL=0 CS64 [-R-]
SS =0010 0000000000000000 ffffffff 00cf9300 DPL=0 DS   [-WA]
DS =0010 0000000000000000 ffffffff 00cf9300 DPL=0 DS   [-WA]
FS =0010 0000000000000000 ffffffff 00cf9300 DPL=0 DS   [-WA]
GS =0010 0000000000000000 ffffffff 00cf9300 DPL=0 DS   [-WA]
LDT=0000 0000000000000000 0000ffff 00008200 DPL=0 LDT
TR =0040 0000000000299ae0 0000006f 00208900 DPL=0 TSS64-avl
GDT=     0000000000271ce0 0000004f
IDT=     0000000000271d60 00000fff
CR0=80000013 CR2=0000000000000000 CR3=00000000001ba000 CR4=00000620
DR0=0000000000000000 DR1=0000000000000000 DR2=0000000000000000 DR3=0000000000000000 
DR6=00000000ffff0ff0 DR7=0000000000000400
CCS=0000000000000091 CCD=fffffffffd1e0bcb CCO=EFLAGS
EFER=0000000000000500
Servicing hardware INT=0x20
   272: v=20 e=0000 i=0 cpl=0 IP=0008:0000000000111ff2 pc=0000000000111ff2 SP=0010:00000000001b9e60 env->regs[R_EAX]=0000000000190a1d
RAX=0000000000190a1d RBX=00000000cccccccd RCX=000000000000001b RDX=00000000000003f8
RSI=0000000000000000 RDI=00000000fee00000 RBP=00000000001b9ff0 RSP=00000000001b9e60
R8 =0000000000000001 R9 =0000000000000000 R10=00000000002f7000 R11=000000000000005e
R12=0000000000000000 R13=0000000000000001 R14=0000000000000001 R15=0000000000008003
RIP=0000000000111ff2 RFL=00000293 [--S-A-C] CPL=0 II=0 A20=1 SMM=0 HLT=0
ES =0010 0000000000000000 ffffffff 00cf9300 DPL=0 DS   [-WA]
CS =0008 0000000000000000 ffffffff 00af9a00 DPL=0 CS64 [-R-]
SS =0010 0000000000000000 ffffffff 00cf9300 DPL=0 DS   [-WA]
DS =0010 0000000000000000 ffffffff 00cf9300 DPL=0 DS   [-WA]
FS =0010 0000000000000000 ffffffff 00cf9300 DPL=0 DS   [-WA]
GS =0010 0000000000000000 ffffffff 00cf9300 DPL=0 DS   [-WA]
LDT=0000 0000000000000000 0000ffff 00008200 DPL=0 LDT
TR =0040 0000000000299ae0 0000006f 00208900 DPL=0 TSS64-avl
GDT=     0000000000271ce0 0000004f
IDT=     0000000000271d60 00000fff
CR0=80000013 CR2=0000000000000000 CR3=00000000001ba000 CR4=00000620
DR0=0000000000000000 DR1=0000000000000000 DR2=0000000000000000 DR3=0000000000000000 
DR6=00000000ffff0ff0 DR7=0000000000000400
CCS=0000000000000091 CCD=fffffffffd1e199d CCO=EFLAGS
EFER=0000000000000500
Servicing hardware INT=0x20
   273: v=20 e=0000 i=0 cpl=0 IP=0008:0000000000111ff2 pc=0000000000111ff2 SP=0010:00000000001b9e60 env->regs[R_EAX]=00000000001938d5
RAX=00000000001938d5 RBX=00000000cccccccd RCX=000000000000001b RDX=00000000000003f8
RSI=0000000000000000 RDI=00000000fee00000 RBP=00000000001b9ff0 RSP=00000000001b9e60
R8 =0000000000000001 R9 =0000000000000000 R10=00000000002f7000 R11=000000000000005e
R12=0000000000000000 R13=0000000000000001 R14=0000000000000001 R15=0000000000008003
RIP=0000000000111ff2 RFL=00000297 [--S-APC] CPL=0 II=0 A20=1 SMM=0 HLT=0
ES =0010 0000000000000000 ffffffff 00cf9300 DPL=0 DS   [-WA]
CS =0008 0000000000000000 ffffffff 00af9a00 DPL=0 CS64 [-R-]
SS =0010 0000000000000000 ffffffff 00cf9300 DPL=0 DS   [-WA]
DS =0010 0000000000000000 ffffffff 00cf9300 DPL=0 DS   [-WA]
FS =0010 0000000000000000 ffffffff 00cf9300 DPL=0 DS   [-WA]
GS =0010 0000000000000000 ffffffff 00cf9300 DPL=0 DS   [-WA]
LDT=0000 0000000000000000 0000ffff 00008200 DPL=0 LDT
TR =0040 0000000000299ae0 0000006f 00208900 DPL=0 TSS64-avl
GDT=     0000000000271ce0 0000004f
IDT=     0000000000271d60 00000fff
CR0=80000013 CR2=0000000000000000 CR3=00000000001ba000 CR4=00000620
DR0=0000000000000000 DR1=0000000000000000 DR2=0000000000000000 DR3=0000000000000000 
DR6=00000000ffff0ff0 DR7=0000000000000400
CCS=0000000000000095 CCD=fffffffffd1e4855 CCO=EFLAGS
EFER=0000000000000500
Servicing hardware INT=0x20
   274: v=20 e=0000 i=0 cpl=0 IP=0008:0000000000111ff2 pc=0000000000111ff2 SP=0010:00000000001b9e60 env->regs[R_EAX]=00000000001945f8
RAX=00000000001945f8 RBX=00000000cccccccd RCX=000000000000001b RDX=00000000000003f8
RSI=0000000000000000 RDI=00000000fee00000 RBP=00000000001b9ff0 RSP=00000000001b9e60
R8 =0000000000000001 R9 =0000000000000000 R10=00000000002f7000 R11=000000000000005e
R12=0000000000000000 R13=0000000000000001 R14=0000000000000001 R15=0000000000008003
RIP=0000000000111ff2 RFL=00000297 [--S-APC] CPL=0 II=0 A20=1 SMM=0 HLT=0
ES =0010 0000000000000000 ffffffff 00cf9300 DPL=0 DS   [-WA]
CS =0008 0000000000000000 ffffffff 00af9a00 DPL=0 CS64 [-R-]
SS =0010 0000000000000000 ffffffff 00cf9300 DPL=0 DS   [-WA]
DS =0010 0000000000000000 ffffffff 00cf9300 DPL=0 DS   [-WA]
FS =0010 0000000000000000 ffffffff 00cf9300 DPL=0 DS   [-WA]
GS =0010 0000000000000000 ffffffff 00cf9300 DPL=0 DS   [-WA]
LDT=0000 0000000000000000 0000ffff 00008200 DPL=0 LDT
TR =0040 0000000000299ae0 0000006f 00208900 DPL=0 TSS64-avl
GDT=     0000000000271ce0 0000004f
IDT=     0000000000271d60 00000fff
CR0=80000013 CR2=0000000000000000 CR3=00000000001ba000 CR4=00000620
DR0=0000000000000000 DR1=0000000000000000 DR2=0000000000000000 DR3=0000000000000000 
DR6=00000000ffff0ff0 DR7=0000000000000400
CCS=0000000000000095 CCD=fffffffffd1e5578 CCO=EFLAGS
EFER=0000000000000500
Servicing hardware INT=0x20
   275: v=20 e=0000 i=0 cpl=0 IP=0008:0000000000111ff2 pc=0000000000111ff2 SP=0010:00000000001b9e60 env->regs[R_EAX]=000000000019764e
RAX=000000000019764e RBX=00000000cccccccd RCX=000000000000001b RDX=00000000000003f8
RSI=0000000000000000 RDI=00000000fee00000 RBP=00000000001b9ff0 RSP=00000000001b9e60
R8 =0000000000000001 R9 =0000000000000000 R10=00000000002f7000 R11=000000000000005e
R12=0000000000000000 R13=0000000000000001 R14=0000000000000001 R15=0000000000008003
RIP=0000000000111ff2 RFL=00000293 [--S-A-C] CPL=0 II=0 A20=1 SMM=0 HLT=0
ES =0010 0000000000000000 ffffffff 00cf9300 DPL=0 DS   [-WA]
CS =0008 0000000000000000 ffffffff 00af9a00 DPL=0 CS64 [-R-]
SS =0010 0000000000000000 ffffffff 00cf9300 DPL=0 DS   [-WA]
DS =0010 0000000000000000 ffffffff 00cf9300 DPL=0 DS   [-WA]
FS =0010 0000000000000000 ffffffff 00cf9300 DPL=0 DS   [-WA]
GS =0010 0000000000000000 ffffffff 00cf9300 DPL=0 DS   [-WA]
LDT=0000 0000000000000000 0000ffff 00008200 DPL=0 LDT
TR =0040 0000000000299ae0 0000006f 00208900 DPL=0 TSS64-avl
GDT=     0000000000271ce0 0000004f
IDT=     0000000000271d60 00000fff
CR0=80000013 CR2=0000000000000000 CR3=00000000001ba000 CR4=00000620
DR0=0000000000000000 DR1=0000000000000000 DR2=0000000000000000 DR3=0000000000000000 
DR6=00000000ffff0ff0 DR7=0000000000000400
CCS=0000000000000091 CCD=fffffffffd1e85ce CCO=EFLAGS
EFER=0000000000000500
Servicing hardware INT=0x20
   276: v=20 e=0000 i=0 cpl=0 IP=0008:0000000000111ff2 pc=0000000000111ff2 SP=0010:00000000001b9e60 env->regs[R_EAX]=0000000000198590
RAX=0000000000198590 RBX=00000000cccccccd RCX=000000000000001b RDX=00000000000003f8
RSI=0000000000000000 RDI=00000000fee00000 RBP=00000000001b9ff0 RSP=00000000001b9e60
R8 =0000000000000001 R9 =0000000000000000 R10=00000000002f7000 R11=000000000000005e
R12=0000000000000000 R13=0000000000000001 R14=0000000000000001 R15=0000000000008003
RIP=0000000000111ff2 RFL=00000283 [--S---C] CPL=0 II=0 A20=1 SMM=0 HLT=0
ES =0010 0000000000000000 ffffffff 00cf9300 DPL=0 DS   [-WA]
CS =0008 0000000000000000 ffffffff 00af9a00 DPL=0 CS64 [-R-]
SS =0010 0000000000000000 ffffffff 00cf9300 DPL=0 DS   [-WA]
DS =0010 0000000000000000 ffffffff 00cf9300 DPL=0 DS   [-WA]
FS =0010 0000000000000000 ffffffff 00cf9300 DPL=0 DS   [-WA]
GS =0010 0000000000000000 ffffffff 00cf9300 DPL=0 DS   [-WA]
LDT=0000 0000000000000000 0000ffff 00008200 DPL=0 LDT
TR =0040 0000000000299ae0 0000006f 00208900 DPL=0 TSS64-avl
GDT=     0000000000271ce0 0000004f
IDT=     0000000000271d60 00000fff
CR0=80000013 CR2=0000000000000000 CR3=00000000001ba000 CR4=00000620
DR0=0000000000000000 DR1=0000000000000000 DR2=0000000000000000 DR3=0000000000000000 
DR6=00000000ffff0ff0 DR7=0000000000000400
CCS=0000000000000081 CCD=fffffffffd1e9510 CCO=EFLAGS
EFER=0000000000000500
Servicing hardware INT=0x20
   277: v=20 e=0000 i=0 cpl=0 IP=0008:0000000000111ff2 pc=0000000000111ff2 SP=0010:00000000001b9e60 env->regs[R_EAX]=000000000019af2d
RAX=000000000019af2d RBX=00000000cccccccd RCX=000000000000001b RDX=00000000000003f8
RSI=0000000000000000 RDI=00000000fee00000 RBP=00000000001b9ff0 RSP=00000000001b9e60
R8 =0000000000000001 R9 =0000000000000000 R10=00000000002f7000 R11=000000000000005e
R12=0000000000000000 R13=0000000000000001 R14=0000000000000001 R15=0000000000008003
RIP=0000000000111ff2 RFL=00000293 [--S-A-C] CPL=0 II=0 A20=1 SMM=0 HLT=0
ES =0010 0000000000000000 ffffffff 00cf9300 DPL=0 DS   [-WA]
CS =0008 0000000000000000 ffffffff 00af9a00 DPL=0 CS64 [-R-]
SS =0010 0000000000000000 ffffffff 00cf9300 DPL=0 DS   [-WA]
DS =0010 0000000000000000 ffffffff 00cf9300 DPL=0 DS   [-WA]
FS =0010 0000000000000000 ffffffff 00cf9300 DPL=0 DS   [-WA]
GS =0010 0000000000000000 ffffffff 00cf9300 DPL=0 DS   [-WA]
LDT=0000 0000000000000000 0000ffff 00008200 DPL=0 LDT
TR =0040 0000000000299ae0 0000006f 00208900 DPL=0 TSS64-avl
GDT=     0000000000271ce0 0000004f
IDT=     0000000000271d60 00000fff
CR0=80000013 CR2=0000000000000000 CR3=00000000001ba000 CR4=00000620
DR0=0000000000000000 DR1=0000000000000000 DR2=0000000000000000 DR3=0000000000000000 
DR6=00000000ffff0ff0 DR7=0000000000000400
CCS=0000000000000091 CCD=fffffffffd1ebead CCO=EFLAGS
EFER=0000000000000500
Servicing hardware INT=0x20
   278: v=20 e=0000 i=0 cpl=0 IP=0008:0000000000111ff2 pc=0000000000111ff2 SP=0010:00000000001b9e60 env->regs[R_EAX]=000000000019baf6
RAX=000000000019baf6 RBX=00000000cccccccd RCX=000000000000001b RDX=00000000000003f8
RSI=0000000000000000 RDI=00000000fee00000 RBP=00000000001b9ff0 RSP=00000000001b9e60
R8 =0000000000000001 R9 =0000000000000000 R10=00000000002f7000 R11=000000000000005e
R12=0000000000000000 R13=0000000000000001 R14=0000000000000001 R15=0000000000008003
RIP=0000000000111ff2 RFL=00000293 [--S-A-C] CPL=0 II=0 A20=1 SMM=0 HLT=0
ES =0010 0000000000000000 ffffffff 00cf9300 DPL=0 DS   [-WA]
CS =0008 0000000000000000 ffffffff 00af9a00 DPL=0 CS64 [-R-]
SS =0010 0000000000000000 ffffffff 00cf9300 DPL=0 DS   [-WA]
DS =0010 0000000000000000 ffffffff 00cf9300 DPL=0 DS   [-WA]
FS =0010 0000000000000000 ffffffff 00cf9300 DPL=0 DS   [-WA]
GS =0010 0000000000000000 ffffffff 00cf9300 DPL=0 DS   [-WA]
LDT=0000 0000000000000000 0000ffff 00008200 DPL=0 LDT
TR =0040 0000000000299ae0 0000006f 00208900 DPL=0 TSS64-avl
GDT=     0000000000271ce0 0000004f
IDT=     0000000000271d60 00000fff
CR0=80000013 CR2=0000000000000000 CR3=00000000001ba000 CR4=00000620
DR0=0000000000000000 DR1=0000000000000000 DR2=0000000000000000 DR3=0000000000000000 
DR6=00000000ffff0ff0 DR7=0000000000000400
CCS=0000000000000091 CCD=fffffffffd1eca76 CCO=EFLAGS
EFER=0000000000000500
Servicing hardware INT=0x20
   279: v=20 e=0000 i=0 cpl=0 IP=0008:0000000000111ff2 pc=0000000000111ff2 SP=0010:00000000001b9e60 env->regs[R_EAX]=000000000019ea1a
RAX=000000000019ea1a RBX=00000000cccccccd RCX=000000000000001b RDX=00000000000003f8
RSI=0000000000000000 RDI=00000000fee00000 RBP=00000000001b9ff0 RSP=00000000001b9e60
R8 =0000000000000001 R9 =0000000000000000 R10=00000000002f7000 R11=000000000000005e
R12=0000000000000000 R13=0000000000000001 R14=0000000000000001 R15=0000000000008003
RIP=0000000000111ff2 RFL=00000297 [--S-APC] CPL=0 II=0 A20=1 SMM=0 HLT=0
ES =0010 0000000000000000 ffffffff 00cf9300 DPL=0 DS   [-WA]
CS =0008 0000000000000000 ffffffff 00af9a00 DPL=0 CS64 [-R-]
SS =0010 0000000000000000 ffffffff 00cf9300 DPL=0 DS   [-WA]
DS =0010 0000000000000000 ffffffff 00cf9300 DPL=0 DS   [-WA]
FS =0010 0000000000000000 ffffffff 00cf9300 DPL=0 DS   [-WA]
GS =0010 0000000000000000 ffffffff 00cf9300 DPL=0 DS   [-WA]
LDT=0000 0000000000000000 0000ffff 00008200 DPL=0 LDT
TR =0040 0000000000299ae0 0000006f 00208900 DPL=0 TSS64-avl
GDT=     0000000000271ce0 0000004f
IDT=     0000000000271d60 00000fff
CR0=80000013 CR2=0000000000000000 CR3=00000000001ba000 CR4=00000620
DR0=0000000000000000 DR1=0000000000000000 DR2=0000000000000000 DR3=0000000000000000 
DR6=00000000ffff0ff0 DR7=0000000000000400
CCS=0000000000000095 CCD=fffffffffd1ef99a CCO=EFLAGS
EFER=0000000000000500
Servicing hardware INT=0x20
   280: v=20 e=0000 i=0 cpl=0 IP=0008:0000000000111ff2 pc=0000000000111ff2 SP=0010:00000000001b9e60 env->regs[R_EAX]=00000000001a027d
RAX=00000000001a027d RBX=00000000cccccccd RCX=000000000000001b RDX=00000000000003f8
RSI=0000000000000000 RDI=00000000fee00000 RBP=00000000001b9ff0 RSP=00000000001b9e60
R8 =0000000000000001 R9 =0000000000000000 R10=00000000002f7000 R11=000000000000005e
R12=0000000000000000 R13=0000000000000001 R14=0000000000000001 R15=0000000000008003
RIP=0000000000111ff2 RFL=00000293 [--S-A-C] CPL=0 II=0 A20=1 SMM=0 HLT=0
ES =0010 0000000000000000 ffffffff 00cf9300 DPL=0 DS   [-WA]
CS =0008 0000000000000000 ffffffff 00af9a00 DPL=0 CS64 [-R-]
SS =0010 0000000000000000 ffffffff 00cf9300 DPL=0 DS   [-WA]
DS =0010 0000000000000000 ffffffff 00cf9300 DPL=0 DS   [-WA]
FS =0010 0000000000000000 ffffffff 00cf9300 DPL=0 DS   [-WA]
GS =0010 0000000000000000 ffffffff 00cf9300 DPL=0 DS   [-WA]
LDT=0000 0000000000000000 0000ffff 00008200 DPL=0 LDT
TR =0040 0000000000299ae0 0000006f 00208900 DPL=0 TSS64-avl
GDT=     0000000000271ce0 0000004f
IDT=     0000000000271d60 00000fff
CR0=80000013 CR2=0000000000000000 CR3=00000000001ba000 CR4=00000620
DR0=0000000000000000 DR1=0000000000000000 DR2=0000000000000000 DR3=0000000000000000 
DR6=00000000ffff0ff0 DR7=0000000000000400
CCS=0000000000000091 CCD=fffffffffd1f11fd CCO=EFLAGS
EFER=0000000000000500
Servicing hardware INT=0x20
   281: v=20 e=0000 i=0 cpl=0 IP=0008:0000000000111ff2 pc=0000000000111ff2 SP=0010:00000000001b9e60 env->regs[R_EAX]=00000000001a2140
RAX=00000000001a2140 RBX=00000000cccccccd RCX=000000000000001b RDX=00000000000003f8
RSI=0000000000000000 RDI=00000000fee00000 RBP=00000000001b9ff0 RSP=00000000001b9e60
R8 =0000000000000001 R9 =0000000000000000 R10=00000000002f7000 R11=000000000000005e
R12=0000000000000000 R13=0000000000000001 R14=0000000000000001 R15=0000000000008003
RIP=0000000000111ff2 RFL=00000287 [--S--PC] CPL=0 II=0 A20=1 SMM=0 HLT=0
ES =0010 0000000000000000 ffffffff 00cf9300 DPL=0 DS   [-WA]
CS =0008 0000000000000000 ffffffff 00af9a00 DPL=0 CS64 [-R-]
SS =0010 0000000000000000 ffffffff 00cf9300 DPL=0 DS   [-WA]
DS =0010 0000000000000000 ffffffff 00cf9300 DPL=0 DS   [-WA]
FS =0010 0000000000000000 ffffffff 00cf9300 DPL=0 DS   [-WA]
GS =0010 0000000000000000 ffffffff 00cf9300 DPL=0 DS   [-WA]
LDT=0000 0000000000000000 0000ffff 00008200 DPL=0 LDT
TR =0040 0000000000299ae0 0000006f 00208900 DPL=0 TSS64-avl
GDT=     0000000000271ce0 0000004f
IDT=     0000000000271d60 00000fff
CR0=80000013 CR2=0000000000000000 CR3=00000000001ba000 CR4=00000620
DR0=0000000000000000 DR1=0000000000000000 DR2=0000000000000000 DR3=0000000000000000 
DR6=00000000ffff0ff0 DR7=0000000000000400
CCS=0000000000000085 CCD=fffffffffd1f30c0 CCO=EFLAGS
EFER=0000000000000500
Servicing hardware INT=0x20
   282: v=20 e=0000 i=0 cpl=0 IP=0008:0000000000111ff2 pc=0000000000111ff2 SP=0010:00000000001b9e60 env->regs[R_EAX]=00000000001a2c21
RAX=00000000001a2c21 RBX=00000000cccccccd RCX=000000000000001b RDX=00000000000003f8
RSI=0000000000000000 RDI=00000000fee00000 RBP=00000000001b9ff0 RSP=00000000001b9e60
R8 =0000000000000001 R9 =0000000000000000 R10=00000000002f7000 R11=000000000000005e
R12=0000000000000000 R13=0000000000000001 R14=0000000000000001 R15=0000000000008003
RIP=0000000000111ff2 RFL=00000293 [--S-A-C] CPL=0 II=0 A20=1 SMM=0 HLT=0
ES =0010 0000000000000000 ffffffff 00cf9300 DPL=0 DS   [-WA]
CS =0008 0000000000000000 ffffffff 00af9a00 DPL=0 CS64 [-R-]
SS =0010 0000000000000000 ffffffff 00cf9300 DPL=0 DS   [-WA]
DS =0010 0000000000000000 ffffffff 00cf9300 DPL=0 DS   [-WA]
FS =0010 0000000000000000 ffffffff 00cf9300 DPL=0 DS   [-WA]
GS =0010 0000000000000000 ffffffff 00cf9300 DPL=0 DS   [-WA]
LDT=0000 0000000000000000 0000ffff 00008200 DPL=0 LDT
TR =0040 0000000000299ae0 0000006f 00208900 DPL=0 TSS64-avl
GDT=     0000000000271ce0 0000004f
IDT=     0000000000271d60 00000fff
CR0=80000013 CR2=0000000000000000 CR3=00000000001ba000 CR4=00000620
DR0=0000000000000000 DR1=0000000000000000 DR2=0000000000000000 DR3=0000000000000000 
DR6=00000000ffff0ff0 DR7=0000000000000400
CCS=0000000000000091 CCD=fffffffffd1f3ba1 CCO=EFLAGS
EFER=0000000000000500
Servicing hardware INT=0x20
   283: v=20 e=0000 i=0 cpl=0 IP=0008:0000000000111ff2 pc=0000000000111ff2 SP=0010:00000000001b9e60 env->regs[R_EAX]=00000000001a5d3c
RAX=00000000001a5d3c RBX=00000000cccccccd RCX=000000000000001b RDX=00000000000003f8
RSI=0000000000000000 RDI=00000000fee00000 RBP=00000000001b9ff0 RSP=00000000001b9e60
R8 =0000000000000001 R9 =0000000000000000 R10=00000000002f7000 R11=000000000000005e
R12=0000000000000000 R13=0000000000000001 R14=0000000000000001 R15=0000000000008003
RIP=0000000000111ff2 RFL=00000293 [--S-A-C] CPL=0 II=0 A20=1 SMM=0 HLT=0
ES =0010 0000000000000000 ffffffff 00cf9300 DPL=0 DS   [-WA]
CS =0008 0000000000000000 ffffffff 00af9a00 DPL=0 CS64 [-R-]
SS =0010 0000000000000000 ffffffff 00cf9300 DPL=0 DS   [-WA]
DS =0010 0000000000000000 ffffffff 00cf9300 DPL=0 DS   [-WA]
FS =0010 0000000000000000 ffffffff 00cf9300 DPL=0 DS   [-WA]
GS =0010 0000000000000000 ffffffff 00cf9300 DPL=0 DS   [-WA]
LDT=0000 0000000000000000 0000ffff 00008200 DPL=0 LDT
TR =0040 0000000000299ae0 0000006f 00208900 DPL=0 TSS64-avl
GDT=     0000000000271ce0 0000004f
IDT=     0000000000271d60 00000fff
CR0=80000013 CR2=0000000000000000 CR3=00000000001ba000 CR4=00000620
DR0=0000000000000000 DR1=0000000000000000 DR2=0000000000000000 DR3=0000000000000000 
DR6=00000000ffff0ff0 DR7=0000000000000400
CCS=0000000000000091 CCD=fffffffffd1f6cbc CCO=EFLAGS
EFER=0000000000000500
Servicing hardware INT=0x20
   284: v=20 e=0000 i=0 cpl=0 IP=0008:0000000000111ff2 pc=0000000000111ff2 SP=0010:00000000001b9e60 env->regs[R_EAX]=00000000001a69f3
RAX=00000000001a69f3 RBX=00000000cccccccd RCX=000000000000001b RDX=00000000000003f8
RSI=0000000000000000 RDI=00000000fee00000 RBP=00000000001b9ff0 RSP=00000000001b9e60
R8 =0000000000000001 R9 =0000000000000000 R10=00000000002f7000 R11=000000000000005e
R12=0000000000000000 R13=0000000000000001 R14=0000000000000001 R15=0000000000008003
RIP=0000000000111ff2 RFL=00000293 [--S-A-C] CPL=0 II=0 A20=1 SMM=0 HLT=0
ES =0010 0000000000000000 ffffffff 00cf9300 DPL=0 DS   [-WA]
CS =0008 0000000000000000 ffffffff 00af9a00 DPL=0 CS64 [-R-]
SS =0010 0000000000000000 ffffffff 00cf9300 DPL=0 DS   [-WA]
DS =0010 0000000000000000 ffffffff 00cf9300 DPL=0 DS   [-WA]
FS =0010 0000000000000000 ffffffff 00cf9300 DPL=0 DS   [-WA]
GS =0010 0000000000000000 ffffffff 00cf9300 DPL=0 DS   [-WA]
LDT=0000 0000000000000000 0000ffff 00008200 DPL=0 LDT
TR =0040 0000000000299ae0 0000006f 00208900 DPL=0 TSS64-avl
GDT=     0000000000271ce0 0000004f
IDT=     0000000000271d60 00000fff
CR0=80000013 CR2=0000000000000000 CR3=00000000001ba000 CR4=00000620
DR0=0000000000000000 DR1=0000000000000000 DR2=0000000000000000 DR3=0000000000000000 
DR6=00000000ffff0ff0 DR7=0000000000000400
CCS=0000000000000091 CCD=fffffffffd1f7973 CCO=EFLAGS
EFER=0000000000000500
Servicing hardware INT=0x20
   285: v=20 e=0000 i=0 cpl=0 IP=0008:0000000000111ff2 pc=0000000000111ff2 SP=0010:00000000001b9e60 env->regs[R_EAX]=00000000001a9e99
RAX=00000000001a9e99 RBX=00000000cccccccd RCX=000000000000001b RDX=00000000000003f8
RSI=0000000000000000 RDI=00000000fee00000 RBP=00000000001b9ff0 RSP=00000000001b9e60
R8 =0000000000000001 R9 =0000000000000000 R10=00000000002f7000 R11=000000000000005e
R12=0000000000000000 R13=0000000000000001 R14=0000000000000001 R15=0000000000008003
RIP=0000000000111ff2 RFL=00000293 [--S-A-C] CPL=0 II=0 A20=1 SMM=0 HLT=0
ES =0010 0000000000000000 ffffffff 00cf9300 DPL=0 DS   [-WA]
CS =0008 0000000000000000 ffffffff 00af9a00 DPL=0 CS64 [-R-]
SS =0010 0000000000000000 ffffffff 00cf9300 DPL=0 DS   [-WA]
DS =0010 0000000000000000 ffffffff 00cf9300 DPL=0 DS   [-WA]
FS =0010 0000000000000000 ffffffff 00cf9300 DPL=0 DS   [-WA]
GS =0010 0000000000000000 ffffffff 00cf9300 DPL=0 DS   [-WA]
LDT=0000 0000000000000000 0000ffff 00008200 DPL=0 LDT
TR =0040 0000000000299ae0 0000006f 00208900 DPL=0 TSS64-avl
GDT=     0000000000271ce0 0000004f
IDT=     0000000000271d60 00000fff
CR0=80000013 CR2=0000000000000000 CR3=00000000001ba000 CR4=00000620
DR0=0000000000000000 DR1=0000000000000000 DR2=0000000000000000 DR3=0000000000000000 
DR6=00000000ffff0ff0 DR7=0000000000000400
CCS=0000000000000091 CCD=fffffffffd1fae19 CCO=EFLAGS
EFER=0000000000000500
Servicing hardware INT=0x20
   286: v=20 e=0000 i=0 cpl=0 IP=0008:0000000000111ff2 pc=0000000000111ff2 SP=0010:00000000001b9e60 env->regs[R_EAX]=00000000001aa494
RAX=00000000001aa494 RBX=00000000cccccccd RCX=000000000000001b RDX=00000000000003f8
RSI=0000000000000000 RDI=00000000fee00000 RBP=00000000001b9ff0 RSP=00000000001b9e60
R8 =0000000000000001 R9 =0000000000000000 R10=00000000002f7000 R11=000000000000005e
R12=0000000000000000 R13=0000000000000001 R14=0000000000000001 R15=0000000000008003
RIP=0000000000111ff2 RFL=00000297 [--S-APC] CPL=0 II=0 A20=1 SMM=0 HLT=0
ES =0010 0000000000000000 ffffffff 00cf9300 DPL=0 DS   [-WA]
CS =0008 0000000000000000 ffffffff 00af9a00 DPL=0 CS64 [-R-]
SS =0010 0000000000000000 ffffffff 00cf9300 DPL=0 DS   [-WA]
DS =0010 0000000000000000 ffffffff 00cf9300 DPL=0 DS   [-WA]
FS =0010 0000000000000000 ffffffff 00cf9300 DPL=0 DS   [-WA]
GS =0010 0000000000000000 ffffffff 00cf9300 DPL=0 DS   [-WA]
LDT=0000 0000000000000000 0000ffff 00008200 DPL=0 LDT
TR =0040 0000000000299ae0 0000006f 00208900 DPL=0 TSS64-avl
GDT=     0000000000271ce0 0000004f
IDT=     0000000000271d60 00000fff
CR0=80000013 CR2=0000000000000000 CR3=00000000001ba000 CR4=00000620
DR0=0000000000000000 DR1=0000000000000000 DR2=0000000000000000 DR3=0000000000000000 
DR6=00000000ffff0ff0 DR7=0000000000000400
CCS=0000000000000095 CCD=fffffffffd1fb414 CCO=EFLAGS
EFER=0000000000000500
Servicing hardware INT=0x20
   287: v=20 e=0000 i=0 cpl=0 IP=0008:0000000000111ff2 pc=0000000000111ff2 SP=0010:00000000001b9e60 env->regs[R_EAX]=00000000001ad5ed
RAX=00000000001ad5ed RBX=00000000cccccccd RCX=000000000000001b RDX=00000000000003f8
RSI=0000000000000000 RDI=00000000fee00000 RBP=00000000001b9ff0 RSP=00000000001b9e60
R8 =0000000000000001 R9 =0000000000000000 R10=00000000002f7000 R11=000000000000005e
R12=0000000000000000 R13=0000000000000001 R14=0000000000000001 R15=0000000000008003
RIP=0000000000111ff2 RFL=00000293 [--S-A-C] CPL=0 II=0 A20=1 SMM=0 HLT=0
ES =0010 0000000000000000 ffffffff 00cf9300 DPL=0 DS   [-WA]
CS =0008 0000000000000000 ffffffff 00af9a00 DPL=0 CS64 [-R-]
SS =0010 0000000000000000 ffffffff 00cf9300 DPL=0 DS   [-WA]
DS =0010 0000000000000000 ffffffff 00cf9300 DPL=0 DS   [-WA]
FS =0010 0000000000000000 ffffffff 00cf9300 DPL=0 DS   [-WA]
GS =0010 0000000000000000 ffffffff 00cf9300 DPL=0 DS   [-WA]
LDT=0000 0000000000000000 0000ffff 00008200 DPL=0 LDT
TR =0040 0000000000299ae0 0000006f 00208900 DPL=0 TSS64-avl
GDT=     0000000000271ce0 0000004f
IDT=     0000000000271d60 00000fff
CR0=80000013 CR2=0000000000000000 CR3=00000000001ba000 CR4=00000620
DR0=0000000000000000 DR1=0000000000000000 DR2=0000000000000000 DR3=0000000000000000 
DR6=00000000ffff0ff0 DR7=0000000000000400
CCS=0000000000000091 CCD=fffffffffd1fe56d CCO=EFLAGS
EFER=0000000000000500
Servicing hardware INT=0x20
   288: v=20 e=0000 i=0 cpl=0 IP=0008:0000000000111ff2 pc=0000000000111ff2 SP=0010:00000000001b9e60 env->regs[R_EAX]=00000000001add90
RAX=00000000001add90 RBX=00000000cccccccd RCX=000000000000001b RDX=00000000000003f8
RSI=0000000000000000 RDI=00000000fee00000 RBP=00000000001b9ff0 RSP=00000000001b9e60
R8 =0000000000000001 R9 =0000000000000000 R10=00000000002f7000 R11=000000000000005e
R12=0000000000000000 R13=0000000000000001 R14=0000000000000001 R15=0000000000008003
RIP=0000000000111ff2 RFL=00000283 [--S---C] CPL=0 II=0 A20=1 SMM=0 HLT=0
ES =0010 0000000000000000 ffffffff 00cf9300 DPL=0 DS   [-WA]
CS =0008 0000000000000000 ffffffff 00af9a00 DPL=0 CS64 [-R-]
SS =0010 0000000000000000 ffffffff 00cf9300 DPL=0 DS   [-WA]
DS =0010 0000000000000000 ffffffff 00cf9300 DPL=0 DS   [-WA]
FS =0010 0000000000000000 ffffffff 00cf9300 DPL=0 DS   [-WA]
GS =0010 0000000000000000 ffffffff 00cf9300 DPL=0 DS   [-WA]
LDT=0000 0000000000000000 0000ffff 00008200 DPL=0 LDT
TR =0040 0000000000299ae0 0000006f 00208900 DPL=0 TSS64-avl
GDT=     0000000000271ce0 0000004f
IDT=     0000000000271d60 00000fff
CR0=80000013 CR2=0000000000000000 CR3=00000000001ba000 CR4=00000620
DR0=0000000000000000 DR1=0000000000000000 DR2=0000000000000000 DR3=0000000000000000 
DR6=00000000ffff0ff0 DR7=0000000000000400
CCS=0000000000000081 CCD=fffffffffd1fed10 CCO=EFLAGS
EFER=0000000000000500
Servicing hardware INT=0x20
   289: v=20 e=0000 i=0 cpl=0 IP=0008:0000000000111ff2 pc=0000000000111ff2 SP=0010:00000000001b9e60 env->regs[R_EAX]=00000000001b0de0
RAX=00000000001b0de0 RBX=00000000cccccccd RCX=000000000000001b RDX=00000000000003f8
RSI=0000000000000000 RDI=00000000fee00000 RBP=00000000001b9ff0 RSP=00000000001b9e60
R8 =0000000000000001 R9 =0000000000000000 R10=00000000002f7000 R11=000000000000005e
R12=0000000000000000 R13=0000000000000001 R14=0000000000000001 R15=0000000000008003
RIP=0000000000111ff2 RFL=00000287 [--S--PC] CPL=0 II=0 A20=1 SMM=0 HLT=0
ES =0010 0000000000000000 ffffffff 00cf9300 DPL=0 DS   [-WA]
CS =0008 0000000000000000 ffffffff 00af9a00 DPL=0 CS64 [-R-]
SS =0010 0000000000000000 ffffffff 00cf9300 DPL=0 DS   [-WA]
DS =0010 0000000000000000 ffffffff 00cf9300 DPL=0 DS   [-WA]
FS =0010 0000000000000000 ffffffff 00cf9300 DPL=0 DS   [-WA]
GS =0010 0000000000000000 ffffffff 00cf9300 DPL=0 DS   [-WA]
LDT=0000 0000000000000000 0000ffff 00008200 DPL=0 LDT
TR =0040 0000000000299ae0 0000006f 00208900 DPL=0 TSS64-avl
GDT=     0000000000271ce0 0000004f
IDT=     0000000000271d60 00000fff
CR0=80000013 CR2=0000000000000000 CR3=00000000001ba000 CR4=00000620
DR0=0000000000000000 DR1=0000000000000000 DR2=0000000000000000 DR3=0000000000000000 
DR6=00000000ffff0ff0 DR7=0000000000000400
CCS=0000000000000085 CCD=fffffffffd201d60 CCO=EFLAGS
EFER=0000000000000500
Servicing hardware INT=0x20
   290: v=20 e=0000 i=0 cpl=0 IP=0008:0000000000111ff2 pc=0000000000111ff2 SP=0010:00000000001b9e60 env->regs[R_EAX]=00000000001b1961
RAX=00000000001b1961 RBX=00000000cccccccd RCX=000000000000001b RDX=00000000000003f8
RSI=0000000000000000 RDI=00000000fee00000 RBP=00000000001b9ff0 RSP=00000000001b9e60
R8 =0000000000000001 R9 =0000000000000000 R10=00000000002f7000 R11=000000000000005e
R12=0000000000000000 R13=0000000000000001 R14=0000000000000001 R15=0000000000008003
RIP=0000000000111ff2 RFL=00000297 [--S-APC] CPL=0 II=0 A20=1 SMM=0 HLT=0
ES =0010 0000000000000000 ffffffff 00cf9300 DPL=0 DS   [-WA]
CS =0008 0000000000000000 ffffffff 00af9a00 DPL=0 CS64 [-R-]
SS =0010 0000000000000000 ffffffff 00cf9300 DPL=0 DS   [-WA]
DS =0010 0000000000000000 ffffffff 00cf9300 DPL=0 DS   [-WA]
FS =0010 0000000000000000 ffffffff 00cf9300 DPL=0 DS   [-WA]
GS =0010 0000000000000000 ffffffff 00cf9300 DPL=0 DS   [-WA]
LDT=0000 0000000000000000 0000ffff 00008200 DPL=0 LDT
TR =0040 0000000000299ae0 0000006f 00208900 DPL=0 TSS64-avl
GDT=     0000000000271ce0 0000004f
IDT=     0000000000271d60 00000fff
CR0=80000013 CR2=0000000000000000 CR3=00000000001ba000 CR4=00000620
DR0=0000000000000000 DR1=0000000000000000 DR2=0000000000000000 DR3=0000000000000000 
DR6=00000000ffff0ff0 DR7=0000000000000400
CCS=0000000000000095 CCD=fffffffffd2028e1 CCO=EFLAGS
EFER=0000000000000500
Servicing hardware INT=0x20
   291: v=20 e=0000 i=0 cpl=0 IP=0008:0000000000111ff2 pc=0000000000111ff2 SP=0010:00000000001b9e60 env->regs[R_EAX]=00000000001b4a12
RAX=00000000001b4a12 RBX=00000000cccccccd RCX=000000000000001b RDX=00000000000003f8
RSI=0000000000000000 RDI=00000000fee00000 RBP=00000000001b9ff0 RSP=00000000001b9e60
R8 =0000000000000001 R9 =0000000000000000 R10=00000000002f7000 R11=000000000000005e
R12=0000000000000000 R13=0000000000000001 R14=0000000000000001 R15=0000000000008003
RIP=0000000000111ff2 RFL=00000293 [--S-A-C] CPL=0 II=0 A20=1 SMM=0 HLT=0
ES =0010 0000000000000000 ffffffff 00cf9300 DPL=0 DS   [-WA]
CS =0008 0000000000000000 ffffffff 00af9a00 DPL=0 CS64 [-R-]
SS =0010 0000000000000000 ffffffff 00cf9300 DPL=0 DS   [-WA]
DS =0010 0000000000000000 ffffffff 00cf9300 DPL=0 DS   [-WA]
FS =0010 0000000000000000 ffffffff 00cf9300 DPL=0 DS   [-WA]
GS =0010 0000000000000000 ffffffff 00cf9300 DPL=0 DS   [-WA]
LDT=0000 0000000000000000 0000ffff 00008200 DPL=0 LDT
TR =0040 0000000000299ae0 0000006f 00208900 DPL=0 TSS64-avl
GDT=     0000000000271ce0 0000004f
IDT=     0000000000271d60 00000fff
CR0=80000013 CR2=0000000000000000 CR3=00000000001ba000 CR4=00000620
DR0=0000000000000000 DR1=0000000000000000 DR2=0000000000000000 DR3=0000000000000000 
DR6=00000000ffff0ff0 DR7=0000000000000400
CCS=0000000000000091 CCD=fffffffffd205992 CCO=EFLAGS
EFER=0000000000000500
Servicing hardware INT=0x20
   292: v=20 e=0000 i=0 cpl=0 IP=0008:0000000000111ff2 pc=0000000000111ff2 SP=0010:00000000001b9e60 env->regs[R_EAX]=00000000001b54ef
RAX=00000000001b54ef RBX=00000000cccccccd RCX=000000000000001b RDX=00000000000003f8
RSI=0000000000000000 RDI=00000000fee00000 RBP=00000000001b9ff0 RSP=00000000001b9e60
R8 =0000000000000001 R9 =0000000000000000 R10=00000000002f7000 R11=000000000000005e
R12=0000000000000000 R13=0000000000000001 R14=0000000000000001 R15=0000000000008003
RIP=0000000000111ff2 RFL=00000297 [--S-APC] CPL=0 II=0 A20=1 SMM=0 HLT=0
ES =0010 0000000000000000 ffffffff 00cf9300 DPL=0 DS   [-WA]
CS =0008 0000000000000000 ffffffff 00af9a00 DPL=0 CS64 [-R-]
SS =0010 0000000000000000 ffffffff 00cf9300 DPL=0 DS   [-WA]
DS =0010 0000000000000000 ffffffff 00cf9300 DPL=0 DS   [-WA]
FS =0010 0000000000000000 ffffffff 00cf9300 DPL=0 DS   [-WA]
GS =0010 0000000000000000 ffffffff 00cf9300 DPL=0 DS   [-WA]
LDT=0000 0000000000000000 0000ffff 00008200 DPL=0 LDT
TR =0040 0000000000299ae0 0000006f 00208900 DPL=0 TSS64-avl
GDT=     0000000000271ce0 0000004f
IDT=     0000000000271d60 00000fff
CR0=80000013 CR2=0000000000000000 CR3=00000000001ba000 CR4=00000620
DR0=0000000000000000 DR1=0000000000000000 DR2=0000000000000000 DR3=0000000000000000 
DR6=00000000ffff0ff0 DR7=0000000000000400
CCS=0000000000000095 CCD=fffffffffd20646f CCO=EFLAGS
EFER=0000000000000500
Servicing hardware INT=0x20
   293: v=20 e=0000 i=0 cpl=0 IP=0008:0000000000111ff2 pc=0000000000111ff2 SP=0010:00000000001b9e60 env->regs[R_EAX]=00000000001b82ed
RAX=00000000001b82ed RBX=00000000cccccccd RCX=000000000000001b RDX=00000000000003f8
RSI=0000000000000000 RDI=00000000fee00000 RBP=00000000001b9ff0 RSP=00000000001b9e60
R8 =0000000000000001 R9 =0000000000000000 R10=00000000002f7000 R11=000000000000005e
R12=0000000000000000 R13=0000000000000001 R14=0000000000000001 R15=0000000000008003
RIP=0000000000111ff2 RFL=00000293 [--S-A-C] CPL=0 II=0 A20=1 SMM=0 HLT=0
ES =0010 0000000000000000 ffffffff 00cf9300 DPL=0 DS   [-WA]
CS =0008 0000000000000000 ffffffff 00af9a00 DPL=0 CS64 [-R-]
SS =0010 0000000000000000 ffffffff 00cf9300 DPL=0 DS   [-WA]
DS =0010 0000000000000000 ffffffff 00cf9300 DPL=0 DS   [-WA]
FS =0010 0000000000000000 ffffffff 00cf9300 DPL=0 DS   [-WA]
GS =0010 0000000000000000 ffffffff 00cf9300 DPL=0 DS   [-WA]
LDT=0000 0000000000000000 0000ffff 00008200 DPL=0 LDT
TR =0040 0000000000299ae0 0000006f 00208900 DPL=0 TSS64-avl
GDT=     0000000000271ce0 0000004f
IDT=     0000000000271d60 00000fff
CR0=80000013 CR2=0000000000000000 CR3=00000000001ba000 CR4=00000620
DR0=0000000000000000 DR1=0000000000000000 DR2=0000000000000000 DR3=0000000000000000 
DR6=00000000ffff0ff0 DR7=0000000000000400
CCS=0000000000000091 CCD=fffffffffd20926d CCO=EFLAGS
EFER=0000000000000500
Servicing hardware INT=0x20
   294: v=20 e=0000 i=0 cpl=0 IP=0008:0000000000111ff2 pc=0000000000111ff2 SP=0010:00000000001b9e60 env->regs[R_EAX]=00000000001b8fe7
RAX=00000000001b8fe7 RBX=00000000cccccccd RCX=000000000000001b RDX=00000000000003f8
RSI=0000000000000000 RDI=00000000fee00000 RBP=00000000001b9ff0 RSP=00000000001b9e60
R8 =0000000000000001 R9 =0000000000000000 R10=00000000002f7000 R11=000000000000005e
R12=0000000000000000 R13=0000000000000001 R14=0000000000000001 R15=0000000000008003
RIP=0000000000111ff2 RFL=00000293 [--S-A-C] CPL=0 II=0 A20=1 SMM=0 HLT=0
ES =0010 0000000000000000 ffffffff 00cf9300 DPL=0 DS   [-WA]
CS =0008 0000000000000000 ffffffff 00af9a00 DPL=0 CS64 [-R-]
SS =0010 0000000000000000 ffffffff 00cf9300 DPL=0 DS   [-WA]
DS =0010 0000000000000000 ffffffff 00cf9300 DPL=0 DS   [-WA]
FS =0010 0000000000000000 ffffffff 00cf9300 DPL=0 DS   [-WA]
GS =0010 0000000000000000 ffffffff 00cf9300 DPL=0 DS   [-WA]
LDT=0000 0000000000000000 0000ffff 00008200 DPL=0 LDT
TR =0040 0000000000299ae0 0000006f 00208900 DPL=0 TSS64-avl
GDT=     0000000000271ce0 0000004f
IDT=     0000000000271d60 00000fff
CR0=80000013 CR2=0000000000000000 CR3=00000000001ba000 CR4=00000620
DR0=0000000000000000 DR1=0000000000000000 DR2=0000000000000000 DR3=0000000000000000 
DR6=00000000ffff0ff0 DR7=0000000000000400
CCS=0000000000000091 CCD=fffffffffd209f67 CCO=EFLAGS
EFER=0000000000000500
Servicing hardware INT=0x20
   295: v=20 e=0000 i=0 cpl=0 IP=0008:0000000000111ff2 pc=0000000000111ff2 SP=0010:00000000001b9e60 env->regs[R_EAX]=00000000001bbef6
RAX=00000000001bbef6 RBX=00000000cccccccd RCX=000000000000001b RDX=00000000000003f8
RSI=0000000000000000 RDI=00000000fee00000 RBP=00000000001b9ff0 RSP=00000000001b9e60
R8 =0000000000000001 R9 =0000000000000000 R10=00000000002f7000 R11=000000000000005e
R12=0000000000000000 R13=0000000000000001 R14=0000000000000001 R15=0000000000008003
RIP=0000000000111ff2 RFL=00000293 [--S-A-C] CPL=0 II=0 A20=1 SMM=0 HLT=0
ES =0010 0000000000000000 ffffffff 00cf9300 DPL=0 DS   [-WA]
CS =0008 0000000000000000 ffffffff 00af9a00 DPL=0 CS64 [-R-]
SS =0010 0000000000000000 ffffffff 00cf9300 DPL=0 DS   [-WA]
DS =0010 0000000000000000 ffffffff 00cf9300 DPL=0 DS   [-WA]
FS =0010 0000000000000000 ffffffff 00cf9300 DPL=0 DS   [-WA]
GS =0010 0000000000000000 ffffffff 00cf9300 DPL=0 DS   [-WA]
LDT=0000 0000000000000000 0000ffff 00008200 DPL=0 LDT
TR =0040 0000000000299ae0 0000006f 00208900 DPL=0 TSS64-avl
GDT=     0000000000271ce0 0000004f
IDT=     0000000000271d60 00000fff
CR0=80000013 CR2=0000000000000000 CR3=00000000001ba000 CR4=00000620
DR0=0000000000000000 DR1=0000000000000000 DR2=0000000000000000 DR3=0000000000000000 
DR6=00000000ffff0ff0 DR7=0000000000000400
CCS=0000000000000091 CCD=fffffffffd20ce76 CCO=EFLAGS
EFER=0000000000000500
Servicing hardware INT=0x20
   296: v=20 e=0000 i=0 cpl=0 IP=0008:0000000000111ff2 pc=0000000000111ff2 SP=0010:00000000001b9e60 env->regs[R_EAX]=00000000001bcb11
RAX=00000000001bcb11 RBX=00000000cccccccd RCX=000000000000001b RDX=00000000000003f8
RSI=0000000000000000 RDI=00000000fee00000 RBP=00000000001b9ff0 RSP=00000000001b9e60
R8 =0000000000000001 R9 =0000000000000000 R10=00000000002f7000 R11=000000000000005e
R12=0000000000000000 R13=0000000000000001 R14=0000000000000001 R15=0000000000008003
RIP=0000000000111ff2 RFL=00000293 [--S-A-C] CPL=0 II=0 A20=1 SMM=0 HLT=0
ES =0010 0000000000000000 ffffffff 00cf9300 DPL=0 DS   [-WA]
CS =0008 0000000000000000 ffffffff 00af9a00 DPL=0 CS64 [-R-]
SS =0010 0000000000000000 ffffffff 00cf9300 DPL=0 DS   [-WA]
DS =0010 0000000000000000 ffffffff 00cf9300 DPL=0 DS   [-WA]
FS =0010 0000000000000000 ffffffff 00cf9300 DPL=0 DS   [-WA]
GS =0010 0000000000000000 ffffffff 00cf9300 DPL=0 DS   [-WA]
LDT=0000 0000000000000000 0000ffff 00008200 DPL=0 LDT
TR =0040 0000000000299ae0 0000006f 00208900 DPL=0 TSS64-avl
GDT=     0000000000271ce0 0000004f
IDT=     0000000000271d60 00000fff
CR0=80000013 CR2=0000000000000000 CR3=00000000001ba000 CR4=00000620
DR0=0000000000000000 DR1=0000000000000000 DR2=0000000000000000 DR3=0000000000000000 
DR6=00000000ffff0ff0 DR7=0000000000000400
CCS=0000000000000091 CCD=fffffffffd20da91 CCO=EFLAGS
EFER=0000000000000500
Servicing hardware INT=0x20
   297: v=20 e=0000 i=0 cpl=0 IP=0008:0000000000111ff2 pc=0000000000111ff2 SP=0010:00000000001b9e60 env->regs[R_EAX]=00000000001bfb34
RAX=00000000001bfb34 RBX=00000000cccccccd RCX=000000000000001b RDX=00000000000003f8
RSI=0000000000000000 RDI=00000000fee00000 RBP=00000000001b9ff0 RSP=00000000001b9e60
R8 =0000000000000001 R9 =0000000000000000 R10=00000000002f7000 R11=000000000000005e
R12=0000000000000000 R13=0000000000000001 R14=0000000000000001 R15=0000000000008003
RIP=0000000000111ff2 RFL=00000297 [--S-APC] CPL=0 II=0 A20=1 SMM=0 HLT=0
ES =0010 0000000000000000 ffffffff 00cf9300 DPL=0 DS   [-WA]
CS =0008 0000000000000000 ffffffff 00af9a00 DPL=0 CS64 [-R-]
SS =0010 0000000000000000 ffffffff 00cf9300 DPL=0 DS   [-WA]
DS =0010 0000000000000000 ffffffff 00cf9300 DPL=0 DS   [-WA]
FS =0010 0000000000000000 ffffffff 00cf9300 DPL=0 DS   [-WA]
GS =0010 0000000000000000 ffffffff 00cf9300 DPL=0 DS   [-WA]
LDT=0000 0000000000000000 0000ffff 00008200 DPL=0 LDT
TR =0040 0000000000299ae0 0000006f 00208900 DPL=0 TSS64-avl
GDT=     0000000000271ce0 0000004f
IDT=     0000000000271d60 00000fff
CR0=80000013 CR2=0000000000000000 CR3=00000000001ba000 CR4=00000620
DR0=0000000000000000 DR1=0000000000000000 DR2=0000000000000000 DR3=0000000000000000 
DR6=00000000ffff0ff0 DR7=0000000000000400
CCS=0000000000000095 CCD=fffffffffd210ab4 CCO=EFLAGS
EFER=0000000000000500
Servicing hardware INT=0x20
   298: v=20 e=0000 i=0 cpl=0 IP=0008:0000000000111ff2 pc=0000000000111ff2 SP=0010:00000000001b9e60 env->regs[R_EAX]=00000000001c0ca7
RAX=00000000001c0ca7 RBX=00000000cccccccd RCX=000000000000001b RDX=00000000000003f8
RSI=0000000000000000 RDI=00000000fee00000 RBP=00000000001b9ff0 RSP=00000000001b9e60
R8 =0000000000000001 R9 =0000000000000000 R10=00000000002f7000 R11=000000000000005e
R12=0000000000000000 R13=0000000000000001 R14=0000000000000001 R15=0000000000008003
RIP=0000000000111ff2 RFL=00000297 [--S-APC] CPL=0 II=0 A20=1 SMM=0 HLT=0
ES =0010 0000000000000000 ffffffff 00cf9300 DPL=0 DS   [-WA]
CS =0008 0000000000000000 ffffffff 00af9a00 DPL=0 CS64 [-R-]
SS =0010 0000000000000000 ffffffff 00cf9300 DPL=0 DS   [-WA]
DS =0010 0000000000000000 ffffffff 00cf9300 DPL=0 DS   [-WA]
FS =0010 0000000000000000 ffffffff 00cf9300 DPL=0 DS   [-WA]
GS =0010 0000000000000000 ffffffff 00cf9300 DPL=0 DS   [-WA]
LDT=0000 0000000000000000 0000ffff 00008200 DPL=0 LDT
TR =0040 0000000000299ae0 0000006f 00208900 DPL=0 TSS64-avl
GDT=     0000000000271ce0 0000004f
IDT=     0000000000271d60 00000fff
CR0=80000013 CR2=0000000000000000 CR3=00000000001ba000 CR4=00000620
DR0=0000000000000000 DR1=0000000000000000 DR2=0000000000000000 DR3=0000000000000000 
DR6=00000000ffff0ff0 DR7=0000000000000400
CCS=0000000000000095 CCD=fffffffffd211c27 CCO=EFLAGS
EFER=0000000000000500
Servicing hardware INT=0x20
   299: v=20 e=0000 i=0 cpl=0 IP=0008:0000000000111ff2 pc=0000000000111ff2 SP=0010:00000000001b9e60 env->regs[R_EAX]=00000000001c3454
RAX=00000000001c3454 RBX=00000000cccccccd RCX=000000000000001b RDX=00000000000003f8
RSI=0000000000000000 RDI=00000000fee00000 RBP=00000000001b9ff0 RSP=00000000001b9e60
R8 =0000000000000001 R9 =0000000000000000 R10=00000000002f7000 R11=000000000000005e
R12=0000000000000000 R13=0000000000000001 R14=0000000000000001 R15=0000000000008003
RIP=0000000000111ff2 RFL=00000297 [--S-APC] CPL=0 II=0 A20=1 SMM=0 HLT=0
ES =0010 0000000000000000 ffffffff 00cf9300 DPL=0 DS   [-WA]
CS =0008 0000000000000000 ffffffff 00af9a00 DPL=0 CS64 [-R-]
SS =0010 0000000000000000 ffffffff 00cf9300 DPL=0 DS   [-WA]
DS =0010 0000000000000000 ffffffff 00cf9300 DPL=0 DS   [-WA]
FS =0010 0000000000000000 ffffffff 00cf9300 DPL=0 DS   [-WA]
GS =0010 0000000000000000 ffffffff 00cf9300 DPL=0 DS   [-WA]
LDT=0000 0000000000000000 0000ffff 00008200 DPL=0 LDT
TR =0040 0000000000299ae0 0000006f 00208900 DPL=0 TSS64-avl
GDT=     0000000000271ce0 0000004f
IDT=     0000000000271d60 00000fff
CR0=80000013 CR2=0000000000000000 CR3=00000000001ba000 CR4=00000620
DR0=0000000000000000 DR1=0000000000000000 DR2=0000000000000000 DR3=0000000000000000 
DR6=00000000ffff0ff0 DR7=0000000000000400
CCS=0000000000000095 CCD=fffffffffd2143d4 CCO=EFLAGS
EFER=0000000000000500
Servicing hardware INT=0x20
   300: v=20 e=0000 i=0 cpl=0 IP=0008:0000000000111ff2 pc=0000000000111ff2 SP=0010:00000000001b9e60 env->regs[R_EAX]=00000000001c3fc8
RAX=00000000001c3fc8 RBX=00000000cccccccd RCX=000000000000001b RDX=00000000000003f8
RSI=0000000000000000 RDI=00000000fee00000 RBP=00000000001b9ff0 RSP=00000000001b9e60
R8 =0000000000000001 R9 =0000000000000000 R10=00000000002f7000 R11=000000000000005e
R12=0000000000000000 R13=0000000000000001 R14=0000000000000001 R15=0000000000008003
RIP=0000000000111ff2 RFL=00000297 [--S-APC] CPL=0 II=0 A20=1 SMM=0 HLT=0
ES =0010 0000000000000000 ffffffff 00cf9300 DPL=0 DS   [-WA]
CS =0008 0000000000000000 ffffffff 00af9a00 DPL=0 CS64 [-R-]
SS =0010 0000000000000000 ffffffff 00cf9300 DPL=0 DS   [-WA]
DS =0010 0000000000000000 ffffffff 00cf9300 DPL=0 DS   [-WA]
FS =0010 0000000000000000 ffffffff 00cf9300 DPL=0 DS   [-WA]
GS =0010 0000000000000000 ffffffff 00cf9300 DPL=0 DS   [-WA]
LDT=0000 0000000000000000 0000ffff 00008200 DPL=0 LDT
TR =0040 0000000000299ae0 0000006f 00208900 DPL=0 TSS64-avl
GDT=     0000000000271ce0 0000004f
IDT=     0000000000271d60 00000fff
CR0=80000013 CR2=0000000000000000 CR3=00000000001ba000 CR4=00000620
DR0=0000000000000000 DR1=0000000000000000 DR2=0000000000000000 DR3=0000000000000000 
DR6=00000000ffff0ff0 DR7=0000000000000400
CCS=0000000000000095 CCD=fffffffffd214f48 CCO=EFLAGS
EFER=0000000000000500
Servicing hardware INT=0x20
   301: v=20 e=0000 i=0 cpl=0 IP=0008:0000000000111ff2 pc=0000000000111ff2 SP=0010:00000000001b9e60 env->regs[R_EAX]=00000000001c6d52
RAX=00000000001c6d52 RBX=00000000cccccccd RCX=000000000000001b RDX=00000000000003f8
RSI=0000000000000000 RDI=00000000fee00000 RBP=00000000001b9ff0 RSP=00000000001b9e60
R8 =0000000000000001 R9 =0000000000000000 R10=00000000002f7000 R11=000000000000005e
R12=0000000000000000 R13=0000000000000001 R14=0000000000000001 R15=0000000000008003
RIP=0000000000111ff2 RFL=00000297 [--S-APC] CPL=0 II=0 A20=1 SMM=0 HLT=0
ES =0010 0000000000000000 ffffffff 00cf9300 DPL=0 DS   [-WA]
CS =0008 0000000000000000 ffffffff 00af9a00 DPL=0 CS64 [-R-]
SS =0010 0000000000000000 ffffffff 00cf9300 DPL=0 DS   [-WA]
DS =0010 0000000000000000 ffffffff 00cf9300 DPL=0 DS   [-WA]
FS =0010 0000000000000000 ffffffff 00cf9300 DPL=0 DS   [-WA]
GS =0010 0000000000000000 ffffffff 00cf9300 DPL=0 DS   [-WA]
LDT=0000 0000000000000000 0000ffff 00008200 DPL=0 LDT
TR =0040 0000000000299ae0 0000006f 00208900 DPL=0 TSS64-avl
GDT=     0000000000271ce0 0000004f
IDT=     0000000000271d60 00000fff
CR0=80000013 CR2=0000000000000000 CR3=00000000001ba000 CR4=00000620
DR0=0000000000000000 DR1=0000000000000000 DR2=0000000000000000 DR3=0000000000000000 
DR6=00000000ffff0ff0 DR7=0000000000000400
CCS=0000000000000095 CCD=fffffffffd217cd2 CCO=EFLAGS
EFER=0000000000000500
Servicing hardware INT=0x20
   302: v=20 e=0000 i=0 cpl=0 IP=0008:0000000000111ff2 pc=0000000000111ff2 SP=0010:00000000001b9e60 env->regs[R_EAX]=00000000001c7951
RAX=00000000001c7951 RBX=00000000cccccccd RCX=000000000000001b RDX=00000000000003f8
RSI=0000000000000000 RDI=00000000fee00000 RBP=00000000001b9ff0 RSP=00000000001b9e60
R8 =0000000000000001 R9 =0000000000000000 R10=00000000002f7000 R11=000000000000005e
R12=0000000000000000 R13=0000000000000001 R14=0000000000000001 R15=0000000000008003
RIP=0000000000111ff2 RFL=00000297 [--S-APC] CPL=0 II=0 A20=1 SMM=0 HLT=0
ES =0010 0000000000000000 ffffffff 00cf9300 DPL=0 DS   [-WA]
CS =0008 0000000000000000 ffffffff 00af9a00 DPL=0 CS64 [-R-]
SS =0010 0000000000000000 ffffffff 00cf9300 DPL=0 DS   [-WA]
DS =0010 0000000000000000 ffffffff 00cf9300 DPL=0 DS   [-WA]
FS =0010 0000000000000000 ffffffff 00cf9300 DPL=0 DS   [-WA]
GS =0010 0000000000000000 ffffffff 00cf9300 DPL=0 DS   [-WA]
LDT=0000 0000000000000000 0000ffff 00008200 DPL=0 LDT
TR =0040 0000000000299ae0 0000006f 00208900 DPL=0 TSS64-avl
GDT=     0000000000271ce0 0000004f
IDT=     0000000000271d60 00000fff
CR0=80000013 CR2=0000000000000000 CR3=00000000001ba000 CR4=00000620
DR0=0000000000000000 DR1=0000000000000000 DR2=0000000000000000 DR3=0000000000000000 
DR6=00000000ffff0ff0 DR7=0000000000000400
CCS=0000000000000095 CCD=fffffffffd2188d1 CCO=EFLAGS
EFER=0000000000000500
Servicing hardware INT=0x20
   303: v=20 e=0000 i=0 cpl=0 IP=0008:0000000000111ff2 pc=0000000000111ff2 SP=0010:00000000001b9e60 env->regs[R_EAX]=00000000001ca59d
RAX=00000000001ca59d RBX=00000000cccccccd RCX=000000000000001b RDX=00000000000003f8
RSI=0000000000000000 RDI=00000000fee00000 RBP=00000000001b9ff0 RSP=00000000001b9e60
R8 =0000000000000001 R9 =0000000000000000 R10=00000000002f7000 R11=000000000000005e
R12=0000000000000000 R13=0000000000000001 R14=0000000000000001 R15=0000000000008003
RIP=0000000000111ff2 RFL=00000297 [--S-APC] CPL=0 II=0 A20=1 SMM=0 HLT=0
ES =0010 0000000000000000 ffffffff 00cf9300 DPL=0 DS   [-WA]
CS =0008 0000000000000000 ffffffff 00af9a00 DPL=0 CS64 [-R-]
SS =0010 0000000000000000 ffffffff 00cf9300 DPL=0 DS   [-WA]
DS =0010 0000000000000000 ffffffff 00cf9300 DPL=0 DS   [-WA]
FS =0010 0000000000000000 ffffffff 00cf9300 DPL=0 DS   [-WA]
GS =0010 0000000000000000 ffffffff 00cf9300 DPL=0 DS   [-WA]
LDT=0000 0000000000000000 0000ffff 00008200 DPL=0 LDT
TR =0040 0000000000299ae0 0000006f 00208900 DPL=0 TSS64-avl
GDT=     0000000000271ce0 0000004f
IDT=     0000000000271d60 00000fff
CR0=80000013 CR2=0000000000000000 CR3=00000000001ba000 CR4=00000620
DR0=0000000000000000 DR1=0000000000000000 DR2=0000000000000000 DR3=0000000000000000 
DR6=00000000ffff0ff0 DR7=0000000000000400
CCS=0000000000000095 CCD=fffffffffd21b51d CCO=EFLAGS
EFER=0000000000000500
Servicing hardware INT=0x20
   304: v=20 e=0000 i=0 cpl=0 IP=0008:0000000000111ff2 pc=0000000000111ff2 SP=0010:00000000001b9e60 env->regs[R_EAX]=00000000001caf61
RAX=00000000001caf61 RBX=00000000cccccccd RCX=000000000000001b RDX=00000000000003f8
RSI=0000000000000000 RDI=00000000fee00000 RBP=00000000001b9ff0 RSP=00000000001b9e60
R8 =0000000000000001 R9 =0000000000000000 R10=00000000002f7000 R11=000000000000005e
R12=0000000000000000 R13=0000000000000001 R14=0000000000000001 R15=0000000000008003
RIP=0000000000111ff2 RFL=00000297 [--S-APC] CPL=0 II=0 A20=1 SMM=0 HLT=0
ES =0010 0000000000000000 ffffffff 00cf9300 DPL=0 DS   [-WA]
CS =0008 0000000000000000 ffffffff 00af9a00 DPL=0 CS64 [-R-]
SS =0010 0000000000000000 ffffffff 00cf9300 DPL=0 DS   [-WA]
DS =0010 0000000000000000 ffffffff 00cf9300 DPL=0 DS   [-WA]
FS =0010 0000000000000000 ffffffff 00cf9300 DPL=0 DS   [-WA]
GS =0010 0000000000000000 ffffffff 00cf9300 DPL=0 DS   [-WA]
LDT=0000 0000000000000000 0000ffff 00008200 DPL=0 LDT
TR =0040 0000000000299ae0 0000006f 00208900 DPL=0 TSS64-avl
GDT=     0000000000271ce0 0000004f
IDT=     0000000000271d60 00000fff
CR0=80000013 CR2=0000000000000000 CR3=00000000001ba000 CR4=00000620
DR0=0000000000000000 DR1=0000000000000000 DR2=0000000000000000 DR3=0000000000000000 
DR6=00000000ffff0ff0 DR7=0000000000000400
CCS=0000000000000095 CCD=fffffffffd21bee1 CCO=EFLAGS
EFER=0000000000000500
Servicing hardware INT=0x20
   305: v=20 e=0000 i=0 cpl=0 IP=0008:0000000000111ff2 pc=0000000000111ff2 SP=0010:00000000001b9e60 env->regs[R_EAX]=00000000001cdf7f
RAX=00000000001cdf7f RBX=00000000cccccccd RCX=000000000000001b RDX=00000000000003f8
RSI=0000000000000000 RDI=00000000fee00000 RBP=00000000001b9ff0 RSP=00000000001b9e60
R8 =0000000000000001 R9 =0000000000000000 R10=00000000002f7000 R11=000000000000005e
R12=0000000000000000 R13=0000000000000001 R14=0000000000000001 R15=0000000000008003
RIP=0000000000111ff2 RFL=00000297 [--S-APC] CPL=0 II=0 A20=1 SMM=0 HLT=0
ES =0010 0000000000000000 ffffffff 00cf9300 DPL=0 DS   [-WA]
CS =0008 0000000000000000 ffffffff 00af9a00 DPL=0 CS64 [-R-]
SS =0010 0000000000000000 ffffffff 00cf9300 DPL=0 DS   [-WA]
DS =0010 0000000000000000 ffffffff 00cf9300 DPL=0 DS   [-WA]
FS =0010 0000000000000000 ffffffff 00cf9300 DPL=0 DS   [-WA]
GS =0010 0000000000000000 ffffffff 00cf9300 DPL=0 DS   [-WA]
LDT=0000 0000000000000000 0000ffff 00008200 DPL=0 LDT
TR =0040 0000000000299ae0 0000006f 00208900 DPL=0 TSS64-avl
GDT=     0000000000271ce0 0000004f
IDT=     0000000000271d60 00000fff
CR0=80000013 CR2=0000000000000000 CR3=00000000001ba000 CR4=00000620
DR0=0000000000000000 DR1=0000000000000000 DR2=0000000000000000 DR3=0000000000000000 
DR6=00000000ffff0ff0 DR7=0000000000000400
CCS=0000000000000095 CCD=fffffffffd21eeff CCO=EFLAGS
EFER=0000000000000500
Servicing hardware INT=0x20
   306: v=20 e=0000 i=0 cpl=0 IP=0008:0000000000111ff2 pc=0000000000111ff2 SP=0010:00000000001b9e60 env->regs[R_EAX]=00000000001cea09
RAX=00000000001cea09 RBX=00000000cccccccd RCX=000000000000001b RDX=00000000000003f8
RSI=0000000000000000 RDI=00000000fee00000 RBP=00000000001b9ff0 RSP=00000000001b9e60
R8 =0000000000000001 R9 =0000000000000000 R10=00000000002f7000 R11=000000000000005e
R12=0000000000000000 R13=0000000000000001 R14=0000000000000001 R15=0000000000008003
RIP=0000000000111ff2 RFL=00000293 [--S-A-C] CPL=0 II=0 A20=1 SMM=0 HLT=0
ES =0010 0000000000000000 ffffffff 00cf9300 DPL=0 DS   [-WA]
CS =0008 0000000000000000 ffffffff 00af9a00 DPL=0 CS64 [-R-]
SS =0010 0000000000000000 ffffffff 00cf9300 DPL=0 DS   [-WA]
DS =0010 0000000000000000 ffffffff 00cf9300 DPL=0 DS   [-WA]
FS =0010 0000000000000000 ffffffff 00cf9300 DPL=0 DS   [-WA]
GS =0010 0000000000000000 ffffffff 00cf9300 DPL=0 DS   [-WA]
LDT=0000 0000000000000000 0000ffff 00008200 DPL=0 LDT
TR =0040 0000000000299ae0 0000006f 00208900 DPL=0 TSS64-avl
GDT=     0000000000271ce0 0000004f
IDT=     0000000000271d60 00000fff
CR0=80000013 CR2=0000000000000000 CR3=00000000001ba000 CR4=00000620
DR0=0000000000000000 DR1=0000000000000000 DR2=0000000000000000 DR3=0000000000000000 
DR6=00000000ffff0ff0 DR7=0000000000000400
CCS=0000000000000091 CCD=fffffffffd21f989 CCO=EFLAGS
EFER=0000000000000500
Servicing hardware INT=0x20
   307: v=20 e=0000 i=0 cpl=0 IP=0008:0000000000111ff2 pc=0000000000111ff2 SP=0010:00000000001b9e60 env->regs[R_EAX]=00000000001d19b4
RAX=00000000001d19b4 RBX=00000000cccccccd RCX=000000000000001b RDX=00000000000003f8
RSI=0000000000000000 RDI=00000000fee00000 RBP=00000000001b9ff0 RSP=00000000001b9e60
R8 =0000000000000001 R9 =0000000000000000 R10=00000000002f7000 R11=000000000000005e
R12=0000000000000000 R13=0000000000000001 R14=0000000000000001 R15=0000000000008003
RIP=0000000000111ff2 RFL=00000293 [--S-A-C] CPL=0 II=0 A20=1 SMM=0 HLT=0
ES =0010 0000000000000000 ffffffff 00cf9300 DPL=0 DS   [-WA]
CS =0008 0000000000000000 ffffffff 00af9a00 DPL=0 CS64 [-R-]
SS =0010 0000000000000000 ffffffff 00cf9300 DPL=0 DS   [-WA]
DS =0010 0000000000000000 ffffffff 00cf9300 DPL=0 DS   [-WA]
FS =0010 0000000000000000 ffffffff 00cf9300 DPL=0 DS   [-WA]
GS =0010 0000000000000000 ffffffff 00cf9300 DPL=0 DS   [-WA]
LDT=0000 0000000000000000 0000ffff 00008200 DPL=0 LDT
TR =0040 0000000000299ae0 0000006f 00208900 DPL=0 TSS64-avl
GDT=     0000000000271ce0 0000004f
IDT=     0000000000271d60 00000fff
CR0=80000013 CR2=0000000000000000 CR3=00000000001ba000 CR4=00000620
DR0=0000000000000000 DR1=0000000000000000 DR2=0000000000000000 DR3=0000000000000000 
DR6=00000000ffff0ff0 DR7=0000000000000400
CCS=0000000000000091 CCD=fffffffffd222934 CCO=EFLAGS
EFER=0000000000000500
Servicing hardware INT=0x20
   308: v=20 e=0000 i=0 cpl=0 IP=0008:0000000000111ff2 pc=0000000000111ff2 SP=0010:00000000001b9e60 env->regs[R_EAX]=00000000001d2230
RAX=00000000001d2230 RBX=00000000cccccccd RCX=000000000000001b RDX=00000000000003f8
RSI=0000000000000000 RDI=00000000fee00000 RBP=00000000001b9ff0 RSP=00000000001b9e60
R8 =0000000000000001 R9 =0000000000000000 R10=00000000002f7000 R11=000000000000005e
R12=0000000000000000 R13=0000000000000001 R14=0000000000000001 R15=0000000000008003
RIP=0000000000111ff2 RFL=00000283 [--S---C] CPL=0 II=0 A20=1 SMM=0 HLT=0
ES =0010 0000000000000000 ffffffff 00cf9300 DPL=0 DS   [-WA]
CS =0008 0000000000000000 ffffffff 00af9a00 DPL=0 CS64 [-R-]
SS =0010 0000000000000000 ffffffff 00cf9300 DPL=0 DS   [-WA]
DS =0010 0000000000000000 ffffffff 00cf9300 DPL=0 DS   [-WA]
FS =0010 0000000000000000 ffffffff 00cf9300 DPL=0 DS   [-WA]
GS =0010 0000000000000000 ffffffff 00cf9300 DPL=0 DS   [-WA]
LDT=0000 0000000000000000 0000ffff 00008200 DPL=0 LDT
TR =0040 0000000000299ae0 0000006f 00208900 DPL=0 TSS64-avl
GDT=     0000000000271ce0 0000004f
IDT=     0000000000271d60 00000fff
CR0=80000013 CR2=0000000000000000 CR3=00000000001ba000 CR4=00000620
DR0=0000000000000000 DR1=0000000000000000 DR2=0000000000000000 DR3=0000000000000000 
DR6=00000000ffff0ff0 DR7=0000000000000400
CCS=0000000000000081 CCD=fffffffffd2231b0 CCO=EFLAGS
EFER=0000000000000500
Servicing hardware INT=0x20
   309: v=20 e=0000 i=0 cpl=0 IP=0008:0000000000111ff2 pc=0000000000111ff2 SP=0010:00000000001b9e60 env->regs[R_EAX]=00000000001d5245
RAX=00000000001d5245 RBX=00000000cccccccd RCX=000000000000001b RDX=00000000000003f8
RSI=0000000000000000 RDI=00000000fee00000 RBP=00000000001b9ff0 RSP=00000000001b9e60
R8 =0000000000000001 R9 =0000000000000000 R10=00000000002f7000 R11=000000000000005e
R12=0000000000000000 R13=0000000000000001 R14=0000000000000001 R15=0000000000008003
RIP=0000000000111ff2 RFL=00000297 [--S-APC] CPL=0 II=0 A20=1 SMM=0 HLT=0
ES =0010 0000000000000000 ffffffff 00cf9300 DPL=0 DS   [-WA]
CS =0008 0000000000000000 ffffffff 00af9a00 DPL=0 CS64 [-R-]
SS =0010 0000000000000000 ffffffff 00cf9300 DPL=0 DS   [-WA]
DS =0010 0000000000000000 ffffffff 00cf9300 DPL=0 DS   [-WA]
FS =0010 0000000000000000 ffffffff 00cf9300 DPL=0 DS   [-WA]
GS =0010 0000000000000000 ffffffff 00cf9300 DPL=0 DS   [-WA]
LDT=0000 0000000000000000 0000ffff 00008200 DPL=0 LDT
TR =0040 0000000000299ae0 0000006f 00208900 DPL=0 TSS64-avl
GDT=     0000000000271ce0 0000004f
IDT=     0000000000271d60 00000fff
CR0=80000013 CR2=0000000000000000 CR3=00000000001ba000 CR4=00000620
DR0=0000000000000000 DR1=0000000000000000 DR2=0000000000000000 DR3=0000000000000000 
DR6=00000000ffff0ff0 DR7=0000000000000400
CCS=0000000000000095 CCD=fffffffffd2261c5 CCO=EFLAGS
EFER=0000000000000500
Servicing hardware INT=0x20
   310: v=20 e=0000 i=0 cpl=0 IP=0008:0000000000111ff2 pc=0000000000111ff2 SP=0010:00000000001b9e60 env->regs[R_EAX]=00000000001d5db9
RAX=00000000001d5db9 RBX=00000000cccccccd RCX=000000000000001b RDX=00000000000003f8
RSI=0000000000000000 RDI=00000000fee00000 RBP=00000000001b9ff0 RSP=00000000001b9e60
R8 =0000000000000001 R9 =0000000000000000 R10=00000000002f7000 R11=000000000000005e
R12=0000000000000000 R13=0000000000000001 R14=0000000000000001 R15=0000000000008003
RIP=0000000000111ff2 RFL=00000297 [--S-APC] CPL=0 II=0 A20=1 SMM=0 HLT=0
ES =0010 0000000000000000 ffffffff 00cf9300 DPL=0 DS   [-WA]
CS =0008 0000000000000000 ffffffff 00af9a00 DPL=0 CS64 [-R-]
SS =0010 0000000000000000 ffffffff 00cf9300 DPL=0 DS   [-WA]
DS =0010 0000000000000000 ffffffff 00cf9300 DPL=0 DS   [-WA]
FS =0010 0000000000000000 ffffffff 00cf9300 DPL=0 DS   [-WA]
GS =0010 0000000000000000 ffffffff 00cf9300 DPL=0 DS   [-WA]
LDT=0000 0000000000000000 0000ffff 00008200 DPL=0 LDT
TR =0040 0000000000299ae0 0000006f 00208900 DPL=0 TSS64-avl
GDT=     0000000000271ce0 0000004f
IDT=     0000000000271d60 00000fff
CR0=80000013 CR2=0000000000000000 CR3=00000000001ba000 CR4=00000620
DR0=0000000000000000 DR1=0000000000000000 DR2=0000000000000000 DR3=0000000000000000 
DR6=00000000ffff0ff0 DR7=0000000000000400
CCS=0000000000000095 CCD=fffffffffd226d39 CCO=EFLAGS
EFER=0000000000000500
Servicing hardware INT=0x20
   311: v=20 e=0000 i=0 cpl=0 IP=0008:0000000000111ff2 pc=0000000000111ff2 SP=0010:00000000001b9e60 env->regs[R_EAX]=00000000001d8b70
RAX=00000000001d8b70 RBX=00000000cccccccd RCX=000000000000001b RDX=00000000000003f8
RSI=0000000000000000 RDI=00000000fee00000 RBP=00000000001b9ff0 RSP=00000000001b9e60
R8 =0000000000000001 R9 =0000000000000000 R10=00000000002f7000 R11=000000000000005e
R12=0000000000000000 R13=0000000000000001 R14=0000000000000001 R15=0000000000008003
RIP=0000000000111ff2 RFL=00000287 [--S--PC] CPL=0 II=0 A20=1 SMM=0 HLT=0
ES =0010 0000000000000000 ffffffff 00cf9300 DPL=0 DS   [-WA]
CS =0008 0000000000000000 ffffffff 00af9a00 DPL=0 CS64 [-R-]
SS =0010 0000000000000000 ffffffff 00cf9300 DPL=0 DS   [-WA]
DS =0010 0000000000000000 ffffffff 00cf9300 DPL=0 DS   [-WA]
FS =0010 0000000000000000 ffffffff 00cf9300 DPL=0 DS   [-WA]
GS =0010 0000000000000000 ffffffff 00cf9300 DPL=0 DS   [-WA]
LDT=0000 0000000000000000 0000ffff 00008200 DPL=0 LDT
TR =0040 0000000000299ae0 0000006f 00208900 DPL=0 TSS64-avl
GDT=     0000000000271ce0 0000004f
IDT=     0000000000271d60 00000fff
CR0=80000013 CR2=0000000000000000 CR3=00000000001ba000 CR4=00000620
DR0=0000000000000000 DR1=0000000000000000 DR2=0000000000000000 DR3=0000000000000000 
DR6=00000000ffff0ff0 DR7=0000000000000400
CCS=0000000000000085 CCD=fffffffffd229af0 CCO=EFLAGS
EFER=0000000000000500
Servicing hardware INT=0x20
   312: v=20 e=0000 i=0 cpl=0 IP=0008:0000000000111ff2 pc=0000000000111ff2 SP=0010:00000000001b9e60 env->regs[R_EAX]=00000000001d96b1
RAX=00000000001d96b1 RBX=00000000cccccccd RCX=000000000000001b RDX=00000000000003f8
RSI=0000000000000000 RDI=00000000fee00000 RBP=00000000001b9ff0 RSP=00000000001b9e60
R8 =0000000000000001 R9 =0000000000000000 R10=00000000002f7000 R11=000000000000005e
R12=0000000000000000 R13=0000000000000001 R14=0000000000000001 R15=0000000000008003
RIP=0000000000111ff2 RFL=00000293 [--S-A-C] CPL=0 II=0 A20=1 SMM=0 HLT=0
ES =0010 0000000000000000 ffffffff 00cf9300 DPL=0 DS   [-WA]
CS =0008 0000000000000000 ffffffff 00af9a00 DPL=0 CS64 [-R-]
SS =0010 0000000000000000 ffffffff 00cf9300 DPL=0 DS   [-WA]
DS =0010 0000000000000000 ffffffff 00cf9300 DPL=0 DS   [-WA]
FS =0010 0000000000000000 ffffffff 00cf9300 DPL=0 DS   [-WA]
GS =0010 0000000000000000 ffffffff 00cf9300 DPL=0 DS   [-WA]
LDT=0000 0000000000000000 0000ffff 00008200 DPL=0 LDT
TR =0040 0000000000299ae0 0000006f 00208900 DPL=0 TSS64-avl
GDT=     0000000000271ce0 0000004f
IDT=     0000000000271d60 00000fff
CR0=80000013 CR2=0000000000000000 CR3=00000000001ba000 CR4=00000620
DR0=0000000000000000 DR1=0000000000000000 DR2=0000000000000000 DR3=0000000000000000 
DR6=00000000ffff0ff0 DR7=0000000000000400
CCS=0000000000000091 CCD=fffffffffd22a631 CCO=EFLAGS
EFER=0000000000000500
Servicing hardware INT=0x20
   313: v=20 e=0000 i=0 cpl=0 IP=0008:0000000000111ff2 pc=0000000000111ff2 SP=0010:00000000001b9e60 env->regs[R_EAX]=00000000001dc770
RAX=00000000001dc770 RBX=00000000cccccccd RCX=000000000000001b RDX=00000000000003f8
RSI=0000000000000000 RDI=00000000fee00000 RBP=00000000001b9ff0 RSP=00000000001b9e60
R8 =0000000000000001 R9 =0000000000000000 R10=00000000002f7000 R11=000000000000005e
R12=0000000000000000 R13=0000000000000001 R14=0000000000000001 R15=0000000000008003
RIP=0000000000111ff2 RFL=00000287 [--S--PC] CPL=0 II=0 A20=1 SMM=0 HLT=0
ES =0010 0000000000000000 ffffffff 00cf9300 DPL=0 DS   [-WA]
CS =0008 0000000000000000 ffffffff 00af9a00 DPL=0 CS64 [-R-]
SS =0010 0000000000000000 ffffffff 00cf9300 DPL=0 DS   [-WA]
DS =0010 0000000000000000 ffffffff 00cf9300 DPL=0 DS   [-WA]
FS =0010 0000000000000000 ffffffff 00cf9300 DPL=0 DS   [-WA]
GS =0010 0000000000000000 ffffffff 00cf9300 DPL=0 DS   [-WA]
LDT=0000 0000000000000000 0000ffff 00008200 DPL=0 LDT
TR =0040 0000000000299ae0 0000006f 00208900 DPL=0 TSS64-avl
GDT=     0000000000271ce0 0000004f
IDT=     0000000000271d60 00000fff
CR0=80000013 CR2=0000000000000000 CR3=00000000001ba000 CR4=00000620
DR0=0000000000000000 DR1=0000000000000000 DR2=0000000000000000 DR3=0000000000000000 
DR6=00000000ffff0ff0 DR7=0000000000000400
CCS=0000000000000085 CCD=fffffffffd22d6f0 CCO=EFLAGS
EFER=0000000000000500
Servicing hardware INT=0x20
   314: v=20 e=0000 i=0 cpl=0 IP=0008:0000000000111ff2 pc=0000000000111ff2 SP=0010:00000000001b9e60 env->regs[R_EAX]=00000000001dd661
RAX=00000000001dd661 RBX=00000000cccccccd RCX=000000000000001b RDX=00000000000003f8
RSI=0000000000000000 RDI=00000000fee00000 RBP=00000000001b9ff0 RSP=00000000001b9e60
R8 =0000000000000001 R9 =0000000000000000 R10=00000000002f7000 R11=000000000000005e
R12=0000000000000000 R13=0000000000000001 R14=0000000000000001 R15=0000000000008003
RIP=0000000000111ff2 RFL=00000297 [--S-APC] CPL=0 II=0 A20=1 SMM=0 HLT=0
ES =0010 0000000000000000 ffffffff 00cf9300 DPL=0 DS   [-WA]
CS =0008 0000000000000000 ffffffff 00af9a00 DPL=0 CS64 [-R-]
SS =0010 0000000000000000 ffffffff 00cf9300 DPL=0 DS   [-WA]
DS =0010 0000000000000000 ffffffff 00cf9300 DPL=0 DS   [-WA]
FS =0010 0000000000000000 ffffffff 00cf9300 DPL=0 DS   [-WA]
GS =0010 0000000000000000 ffffffff 00cf9300 DPL=0 DS   [-WA]
LDT=0000 0000000000000000 0000ffff 00008200 DPL=0 LDT
TR =0040 0000000000299ae0 0000006f 00208900 DPL=0 TSS64-avl
GDT=     0000000000271ce0 0000004f
IDT=     0000000000271d60 00000fff
CR0=80000013 CR2=0000000000000000 CR3=00000000001ba000 CR4=00000620
DR0=0000000000000000 DR1=0000000000000000 DR2=0000000000000000 DR3=0000000000000000 
DR6=00000000ffff0ff0 DR7=0000000000000400
CCS=0000000000000095 CCD=fffffffffd22e5e1 CCO=EFLAGS
EFER=0000000000000500
Servicing hardware INT=0x20
   315: v=20 e=0000 i=0 cpl=0 IP=0008:0000000000111ff2 pc=0000000000111ff2 SP=0010:00000000001b9e60 env->regs[R_EAX]=00000000001e02a9
RAX=00000000001e02a9 RBX=00000000cccccccd RCX=000000000000001b RDX=00000000000003f8
RSI=0000000000000000 RDI=00000000fee00000 RBP=00000000001b9ff0 RSP=00000000001b9e60
R8 =0000000000000001 R9 =0000000000000000 R10=00000000002f7000 R11=000000000000005e
R12=0000000000000000 R13=0000000000000001 R14=0000000000000001 R15=0000000000008003
RIP=0000000000111ff2 RFL=00000293 [--S-A-C] CPL=0 II=0 A20=1 SMM=0 HLT=0
ES =0010 0000000000000000 ffffffff 00cf9300 DPL=0 DS   [-WA]
CS =0008 0000000000000000 ffffffff 00af9a00 DPL=0 CS64 [-R-]
SS =0010 0000000000000000 ffffffff 00cf9300 DPL=0 DS   [-WA]
DS =0010 0000000000000000 ffffffff 00cf9300 DPL=0 DS   [-WA]
FS =0010 0000000000000000 ffffffff 00cf9300 DPL=0 DS   [-WA]
GS =0010 0000000000000000 ffffffff 00cf9300 DPL=0 DS   [-WA]
LDT=0000 0000000000000000 0000ffff 00008200 DPL=0 LDT
TR =0040 0000000000299ae0 0000006f 00208900 DPL=0 TSS64-avl
GDT=     0000000000271ce0 0000004f
IDT=     0000000000271d60 00000fff
CR0=80000013 CR2=0000000000000000 CR3=00000000001ba000 CR4=00000620
DR0=0000000000000000 DR1=0000000000000000 DR2=0000000000000000 DR3=0000000000000000 
DR6=00000000ffff0ff0 DR7=0000000000000400
CCS=0000000000000091 CCD=fffffffffd231229 CCO=EFLAGS
EFER=0000000000000500
Servicing hardware INT=0x20
   316: v=20 e=0000 i=0 cpl=0 IP=0008:0000000000111ff2 pc=0000000000111ff2 SP=0010:00000000001b9e60 env->regs[R_EAX]=00000000001e0df6
RAX=00000000001e0df6 RBX=00000000cccccccd RCX=000000000000001b RDX=00000000000003f8
RSI=0000000000000000 RDI=00000000fee00000 RBP=00000000001b9ff0 RSP=00000000001b9e60
R8 =0000000000000001 R9 =0000000000000000 R10=00000000002f7000 R11=000000000000005e
R12=0000000000000000 R13=0000000000000001 R14=0000000000000001 R15=0000000000008003
RIP=0000000000111ff2 RFL=00000293 [--S-A-C] CPL=0 II=0 A20=1 SMM=0 HLT=0
ES =0010 0000000000000000 ffffffff 00cf9300 DPL=0 DS   [-WA]
CS =0008 0000000000000000 ffffffff 00af9a00 DPL=0 CS64 [-R-]
SS =0010 0000000000000000 ffffffff 00cf9300 DPL=0 DS   [-WA]
DS =0010 0000000000000000 ffffffff 00cf9300 DPL=0 DS   [-WA]
FS =0010 0000000000000000 ffffffff 00cf9300 DPL=0 DS   [-WA]
GS =0010 0000000000000000 ffffffff 00cf9300 DPL=0 DS   [-WA]
LDT=0000 0000000000000000 0000ffff 00008200 DPL=0 LDT
TR =0040 0000000000299ae0 0000006f 00208900 DPL=0 TSS64-avl
GDT=     0000000000271ce0 0000004f
IDT=     0000000000271d60 00000fff
CR0=80000013 CR2=0000000000000000 CR3=00000000001ba000 CR4=00000620
DR0=0000000000000000 DR1=0000000000000000 DR2=0000000000000000 DR3=0000000000000000 
DR6=00000000ffff0ff0 DR7=0000000000000400
CCS=0000000000000091 CCD=fffffffffd231d76 CCO=EFLAGS
EFER=0000000000000500
Servicing hardware INT=0x20
   317: v=20 e=0000 i=0 cpl=0 IP=0008:0000000000111ff2 pc=0000000000111ff2 SP=0010:00000000001b9e60 env->regs[R_EAX]=00000000001e3b7e
RAX=00000000001e3b7e RBX=00000000cccccccd RCX=000000000000001b RDX=00000000000003f8
RSI=0000000000000000 RDI=00000000fee00000 RBP=00000000001b9ff0 RSP=00000000001b9e60
R8 =0000000000000001 R9 =0000000000000000 R10=00000000002f7000 R11=000000000000005e
R12=0000000000000000 R13=0000000000000001 R14=0000000000000001 R15=0000000000008003
RIP=0000000000111ff2 RFL=00000293 [--S-A-C] CPL=0 II=0 A20=1 SMM=0 HLT=0
ES =0010 0000000000000000 ffffffff 00cf9300 DPL=0 DS   [-WA]
CS =0008 0000000000000000 ffffffff 00af9a00 DPL=0 CS64 [-R-]
SS =0010 0000000000000000 ffffffff 00cf9300 DPL=0 DS   [-WA]
DS =0010 0000000000000000 ffffffff 00cf9300 DPL=0 DS   [-WA]
FS =0010 0000000000000000 ffffffff 00cf9300 DPL=0 DS   [-WA]
GS =0010 0000000000000000 ffffffff 00cf9300 DPL=0 DS   [-WA]
LDT=0000 0000000000000000 0000ffff 00008200 DPL=0 LDT
TR =0040 0000000000299ae0 0000006f 00208900 DPL=0 TSS64-avl
GDT=     0000000000271ce0 0000004f
IDT=     0000000000271d60 00000fff
CR0=80000013 CR2=0000000000000000 CR3=00000000001ba000 CR4=00000620
DR0=0000000000000000 DR1=0000000000000000 DR2=0000000000000000 DR3=0000000000000000 
DR6=00000000ffff0ff0 DR7=0000000000000400
CCS=0000000000000091 CCD=fffffffffd234afe CCO=EFLAGS
EFER=0000000000000500
Servicing hardware INT=0x20
   318: v=20 e=0000 i=0 cpl=0 IP=0008:0000000000111ff2 pc=0000000000111ff2 SP=0010:00000000001b9e60 env->regs[R_EAX]=00000000001e4776
RAX=00000000001e4776 RBX=00000000cccccccd RCX=000000000000001b RDX=00000000000003f8
RSI=0000000000000000 RDI=00000000fee00000 RBP=00000000001b9ff0 RSP=00000000001b9e60
R8 =0000000000000001 R9 =0000000000000000 R10=00000000002f7000 R11=000000000000005e
R12=0000000000000000 R13=0000000000000001 R14=0000000000000001 R15=0000000000008003
RIP=0000000000111ff2 RFL=00000297 [--S-APC] CPL=0 II=0 A20=1 SMM=0 HLT=0
ES =0010 0000000000000000 ffffffff 00cf9300 DPL=0 DS   [-WA]
CS =0008 0000000000000000 ffffffff 00af9a00 DPL=0 CS64 [-R-]
SS =0010 0000000000000000 ffffffff 00cf9300 DPL=0 DS   [-WA]
DS =0010 0000000000000000 ffffffff 00cf9300 DPL=0 DS   [-WA]
FS =0010 0000000000000000 ffffffff 00cf9300 DPL=0 DS   [-WA]
GS =0010 0000000000000000 ffffffff 00cf9300 DPL=0 DS   [-WA]
LDT=0000 0000000000000000 0000ffff 00008200 DPL=0 LDT
TR =0040 0000000000299ae0 0000006f 00208900 DPL=0 TSS64-avl
GDT=     0000000000271ce0 0000004f
IDT=     0000000000271d60 00000fff
CR0=80000013 CR2=0000000000000000 CR3=00000000001ba000 CR4=00000620
DR0=0000000000000000 DR1=0000000000000000 DR2=0000000000000000 DR3=0000000000000000 
DR6=00000000ffff0ff0 DR7=0000000000000400
CCS=0000000000000095 CCD=fffffffffd2356f6 CCO=EFLAGS
EFER=0000000000000500
Servicing hardware INT=0x20
   319: v=20 e=0000 i=0 cpl=0 IP=0008:0000000000111ff2 pc=0000000000111ff2 SP=0010:00000000001b9e60 env->regs[R_EAX]=00000000001e778e
RAX=00000000001e778e RBX=00000000cccccccd RCX=000000000000001b RDX=00000000000003f8
RSI=0000000000000000 RDI=00000000fee00000 RBP=00000000001b9ff0 RSP=00000000001b9e60
R8 =0000000000000001 R9 =0000000000000000 R10=00000000002f7000 R11=000000000000005e
R12=0000000000000000 R13=0000000000000001 R14=0000000000000001 R15=0000000000008003
RIP=0000000000111ff2 RFL=00000293 [--S-A-C] CPL=0 II=0 A20=1 SMM=0 HLT=0
ES =0010 0000000000000000 ffffffff 00cf9300 DPL=0 DS   [-WA]
CS =0008 0000000000000000 ffffffff 00af9a00 DPL=0 CS64 [-R-]
SS =0010 0000000000000000 ffffffff 00cf9300 DPL=0 DS   [-WA]
DS =0010 0000000000000000 ffffffff 00cf9300 DPL=0 DS   [-WA]
FS =0010 0000000000000000 ffffffff 00cf9300 DPL=0 DS   [-WA]
GS =0010 0000000000000000 ffffffff 00cf9300 DPL=0 DS   [-WA]
LDT=0000 0000000000000000 0000ffff 00008200 DPL=0 LDT
TR =0040 0000000000299ae0 0000006f 00208900 DPL=0 TSS64-avl
GDT=     0000000000271ce0 0000004f
IDT=     0000000000271d60 00000fff
CR0=80000013 CR2=0000000000000000 CR3=00000000001ba000 CR4=00000620
DR0=0000000000000000 DR1=0000000000000000 DR2=0000000000000000 DR3=0000000000000000 
DR6=00000000ffff0ff0 DR7=0000000000000400
CCS=0000000000000091 CCD=fffffffffd23870e CCO=EFLAGS
EFER=0000000000000500
Servicing hardware INT=0x20
   320: v=20 e=0000 i=0 cpl=0 IP=0008:0000000000111ff2 pc=0000000000111ff2 SP=0010:00000000001b9e60 env->regs[R_EAX]=00000000001e8303
RAX=00000000001e8303 RBX=00000000cccccccd RCX=000000000000001b RDX=00000000000003f8
RSI=0000000000000000 RDI=00000000fee00000 RBP=00000000001b9ff0 RSP=00000000001b9e60
R8 =0000000000000001 R9 =0000000000000000 R10=00000000002f7000 R11=000000000000005e
R12=0000000000000000 R13=0000000000000001 R14=0000000000000001 R15=0000000000008003
RIP=0000000000111ff2 RFL=00000293 [--S-A-C] CPL=0 II=0 A20=1 SMM=0 HLT=0
ES =0010 0000000000000000 ffffffff 00cf9300 DPL=0 DS   [-WA]
CS =0008 0000000000000000 ffffffff 00af9a00 DPL=0 CS64 [-R-]
SS =0010 0000000000000000 ffffffff 00cf9300 DPL=0 DS   [-WA]
DS =0010 0000000000000000 ffffffff 00cf9300 DPL=0 DS   [-WA]
FS =0010 0000000000000000 ffffffff 00cf9300 DPL=0 DS   [-WA]
GS =0010 0000000000000000 ffffffff 00cf9300 DPL=0 DS   [-WA]
LDT=0000 0000000000000000 0000ffff 00008200 DPL=0 LDT
TR =0040 0000000000299ae0 0000006f 00208900 DPL=0 TSS64-avl
GDT=     0000000000271ce0 0000004f
IDT=     0000000000271d60 00000fff
CR0=80000013 CR2=0000000000000000 CR3=00000000001ba000 CR4=00000620
DR0=0000000000000000 DR1=0000000000000000 DR2=0000000000000000 DR3=0000000000000000 
DR6=00000000ffff0ff0 DR7=0000000000000400
CCS=0000000000000091 CCD=fffffffffd239283 CCO=EFLAGS
EFER=0000000000000500
Servicing hardware INT=0x20
   321: v=20 e=0000 i=0 cpl=0 IP=0008:0000000000111ff2 pc=0000000000111ff2 SP=0010:00000000001b9e60 env->regs[R_EAX]=00000000001eb2bc
RAX=00000000001eb2bc RBX=00000000cccccccd RCX=000000000000001b RDX=00000000000003f8
RSI=0000000000000000 RDI=00000000fee00000 RBP=00000000001b9ff0 RSP=00000000001b9e60
R8 =0000000000000001 R9 =0000000000000000 R10=00000000002f7000 R11=000000000000005e
R12=0000000000000000 R13=0000000000000001 R14=0000000000000001 R15=0000000000008003
RIP=0000000000111ff2 RFL=00000297 [--S-APC] CPL=0 II=0 A20=1 SMM=0 HLT=0
ES =0010 0000000000000000 ffffffff 00cf9300 DPL=0 DS   [-WA]
CS =0008 0000000000000000 ffffffff 00af9a00 DPL=0 CS64 [-R-]
SS =0010 0000000000000000 ffffffff 00cf9300 DPL=0 DS   [-WA]
DS =0010 0000000000000000 ffffffff 00cf9300 DPL=0 DS   [-WA]
FS =0010 0000000000000000 ffffffff 00cf9300 DPL=0 DS   [-WA]
GS =0010 0000000000000000 ffffffff 00cf9300 DPL=0 DS   [-WA]
LDT=0000 0000000000000000 0000ffff 00008200 DPL=0 LDT
TR =0040 0000000000299ae0 0000006f 00208900 DPL=0 TSS64-avl
GDT=     0000000000271ce0 0000004f
IDT=     0000000000271d60 00000fff
CR0=80000013 CR2=0000000000000000 CR3=00000000001ba000 CR4=00000620
DR0=0000000000000000 DR1=0000000000000000 DR2=0000000000000000 DR3=0000000000000000 
DR6=00000000ffff0ff0 DR7=0000000000000400
CCS=0000000000000095 CCD=fffffffffd23c23c CCO=EFLAGS
EFER=0000000000000500
Servicing hardware INT=0x20
   322: v=20 e=0000 i=0 cpl=0 IP=0008:0000000000111ff2 pc=0000000000111ff2 SP=0010:00000000001b9e60 env->regs[R_EAX]=00000000001ebda9
RAX=00000000001ebda9 RBX=00000000cccccccd RCX=000000000000001b RDX=00000000000003f8
RSI=0000000000000000 RDI=00000000fee00000 RBP=00000000001b9ff0 RSP=00000000001b9e60
R8 =0000000000000001 R9 =0000000000000000 R10=00000000002f7000 R11=000000000000005e
R12=0000000000000000 R13=0000000000000001 R14=0000000000000001 R15=0000000000008003
RIP=0000000000111ff2 RFL=00000293 [--S-A-C] CPL=0 II=0 A20=1 SMM=0 HLT=0
ES =0010 0000000000000000 ffffffff 00cf9300 DPL=0 DS   [-WA]
CS =0008 0000000000000000 ffffffff 00af9a00 DPL=0 CS64 [-R-]
SS =0010 0000000000000000 ffffffff 00cf9300 DPL=0 DS   [-WA]
DS =0010 0000000000000000 ffffffff 00cf9300 DPL=0 DS   [-WA]
FS =0010 0000000000000000 ffffffff 00cf9300 DPL=0 DS   [-WA]
GS =0010 0000000000000000 ffffffff 00cf9300 DPL=0 DS   [-WA]
LDT=0000 0000000000000000 0000ffff 00008200 DPL=0 LDT
TR =0040 0000000000299ae0 0000006f 00208900 DPL=0 TSS64-avl
GDT=     0000000000271ce0 0000004f
IDT=     0000000000271d60 00000fff
CR0=80000013 CR2=0000000000000000 CR3=00000000001ba000 CR4=00000620
DR0=0000000000000000 DR1=0000000000000000 DR2=0000000000000000 DR3=0000000000000000 
DR6=00000000ffff0ff0 DR7=0000000000000400
CCS=0000000000000091 CCD=fffffffffd23cd29 CCO=EFLAGS
EFER=0000000000000500
Servicing hardware INT=0x20
   323: v=20 e=0000 i=0 cpl=0 IP=0008:0000000000111ff2 pc=0000000000111ff2 SP=0010:00000000001b9e60 env->regs[R_EAX]=00000000001eef3a
RAX=00000000001eef3a RBX=00000000cccccccd RCX=000000000000001b RDX=00000000000003f8
RSI=0000000000000000 RDI=00000000fee00000 RBP=00000000001b9ff0 RSP=00000000001b9e60
R8 =0000000000000001 R9 =0000000000000000 R10=00000000002f7000 R11=000000000000005e
R12=0000000000000000 R13=0000000000000001 R14=0000000000000001 R15=0000000000008003
RIP=0000000000111ff2 RFL=00000293 [--S-A-C] CPL=0 II=0 A20=1 SMM=0 HLT=0
ES =0010 0000000000000000 ffffffff 00cf9300 DPL=0 DS   [-WA]
CS =0008 0000000000000000 ffffffff 00af9a00 DPL=0 CS64 [-R-]
SS =0010 0000000000000000 ffffffff 00cf9300 DPL=0 DS   [-WA]
DS =0010 0000000000000000 ffffffff 00cf9300 DPL=0 DS   [-WA]
FS =0010 0000000000000000 ffffffff 00cf9300 DPL=0 DS   [-WA]
GS =0010 0000000000000000 ffffffff 00cf9300 DPL=0 DS   [-WA]
LDT=0000 0000000000000000 0000ffff 00008200 DPL=0 LDT
TR =0040 0000000000299ae0 0000006f 00208900 DPL=0 TSS64-avl
GDT=     0000000000271ce0 0000004f
IDT=     0000000000271d60 00000fff
CR0=80000013 CR2=0000000000000000 CR3=00000000001ba000 CR4=00000620
DR0=0000000000000000 DR1=0000000000000000 DR2=0000000000000000 DR3=0000000000000000 
DR6=00000000ffff0ff0 DR7=0000000000000400
CCS=0000000000000091 CCD=fffffffffd23feba CCO=EFLAGS
EFER=0000000000000500
Servicing hardware INT=0x20
   324: v=20 e=0000 i=0 cpl=0 IP=0008:0000000000111ff2 pc=0000000000111ff2 SP=0010:00000000001b9e60 env->regs[R_EAX]=00000000001efa42
RAX=00000000001efa42 RBX=00000000cccccccd RCX=000000000000001b RDX=00000000000003f8
RSI=0000000000000000 RDI=00000000fee00000 RBP=00000000001b9ff0 RSP=00000000001b9e60
R8 =0000000000000001 R9 =0000000000000000 R10=00000000002f7000 R11=000000000000005e
R12=0000000000000000 R13=0000000000000001 R14=0000000000000001 R15=0000000000008003
RIP=0000000000111ff2 RFL=00000293 [--S-A-C] CPL=0 II=0 A20=1 SMM=0 HLT=0
ES =0010 0000000000000000 ffffffff 00cf9300 DPL=0 DS   [-WA]
CS =0008 0000000000000000 ffffffff 00af9a00 DPL=0 CS64 [-R-]
SS =0010 0000000000000000 ffffffff 00cf9300 DPL=0 DS   [-WA]
DS =0010 0000000000000000 ffffffff 00cf9300 DPL=0 DS   [-WA]
FS =0010 0000000000000000 ffffffff 00cf9300 DPL=0 DS   [-WA]
GS =0010 0000000000000000 ffffffff 00cf9300 DPL=0 DS   [-WA]
LDT=0000 0000000000000000 0000ffff 00008200 DPL=0 LDT
TR =0040 0000000000299ae0 0000006f 00208900 DPL=0 TSS64-avl
GDT=     0000000000271ce0 0000004f
IDT=     0000000000271d60 00000fff
CR0=80000013 CR2=0000000000000000 CR3=00000000001ba000 CR4=00000620
DR0=0000000000000000 DR1=0000000000000000 DR2=0000000000000000 DR3=0000000000000000 
DR6=00000000ffff0ff0 DR7=0000000000000400
CCS=0000000000000091 CCD=fffffffffd2409c2 CCO=EFLAGS
EFER=0000000000000500
Servicing hardware INT=0x20
   325: v=20 e=0000 i=0 cpl=0 IP=0008:0000000000111ff2 pc=0000000000111ff2 SP=0010:00000000001b9e60 env->regs[R_EAX]=00000000001f29e2
RAX=00000000001f29e2 RBX=00000000cccccccd RCX=000000000000001b RDX=00000000000003f8
RSI=0000000000000000 RDI=00000000fee00000 RBP=00000000001b9ff0 RSP=00000000001b9e60
R8 =0000000000000001 R9 =0000000000000000 R10=00000000002f7000 R11=000000000000005e
R12=0000000000000000 R13=0000000000000001 R14=0000000000000001 R15=0000000000008003
RIP=0000000000111ff2 RFL=00000293 [--S-A-C] CPL=0 II=0 A20=1 SMM=0 HLT=0
ES =0010 0000000000000000 ffffffff 00cf9300 DPL=0 DS   [-WA]
CS =0008 0000000000000000 ffffffff 00af9a00 DPL=0 CS64 [-R-]
SS =0010 0000000000000000 ffffffff 00cf9300 DPL=0 DS   [-WA]
DS =0010 0000000000000000 ffffffff 00cf9300 DPL=0 DS   [-WA]
FS =0010 0000000000000000 ffffffff 00cf9300 DPL=0 DS   [-WA]
GS =0010 0000000000000000 ffffffff 00cf9300 DPL=0 DS   [-WA]
LDT=0000 0000000000000000 0000ffff 00008200 DPL=0 LDT
TR =0040 0000000000299ae0 0000006f 00208900 DPL=0 TSS64-avl
GDT=     0000000000271ce0 0000004f
IDT=     0000000000271d60 00000fff
CR0=80000013 CR2=0000000000000000 CR3=00000000001ba000 CR4=00000620
DR0=0000000000000000 DR1=0000000000000000 DR2=0000000000000000 DR3=0000000000000000 
DR6=00000000ffff0ff0 DR7=0000000000000400
CCS=0000000000000091 CCD=fffffffffd243962 CCO=EFLAGS
EFER=0000000000000500
Servicing hardware INT=0x20
   326: v=20 e=0000 i=0 cpl=0 IP=0008:0000000000111ff2 pc=0000000000111ff2 SP=0010:00000000001b9e60 env->regs[R_EAX]=00000000001f359b
RAX=00000000001f359b RBX=00000000cccccccd RCX=000000000000001b RDX=00000000000003f8
RSI=0000000000000000 RDI=00000000fee00000 RBP=00000000001b9ff0 RSP=00000000001b9e60
R8 =0000000000000001 R9 =0000000000000000 R10=00000000002f7000 R11=000000000000005e
R12=0000000000000000 R13=0000000000000001 R14=0000000000000001 R15=0000000000008003
RIP=0000000000111ff2 RFL=00000297 [--S-APC] CPL=0 II=0 A20=1 SMM=0 HLT=0
ES =0010 0000000000000000 ffffffff 00cf9300 DPL=0 DS   [-WA]
CS =0008 0000000000000000 ffffffff 00af9a00 DPL=0 CS64 [-R-]
SS =0010 0000000000000000 ffffffff 00cf9300 DPL=0 DS   [-WA]
DS =0010 0000000000000000 ffffffff 00cf9300 DPL=0 DS   [-WA]
FS =0010 0000000000000000 ffffffff 00cf9300 DPL=0 DS   [-WA]
GS =0010 0000000000000000 ffffffff 00cf9300 DPL=0 DS   [-WA]
LDT=0000 0000000000000000 0000ffff 00008200 DPL=0 LDT
TR =0040 0000000000299ae0 0000006f 00208900 DPL=0 TSS64-avl
GDT=     0000000000271ce0 0000004f
IDT=     0000000000271d60 00000fff
CR0=80000013 CR2=0000000000000000 CR3=00000000001ba000 CR4=00000620
DR0=0000000000000000 DR1=0000000000000000 DR2=0000000000000000 DR3=0000000000000000 
DR6=00000000ffff0ff0 DR7=0000000000000400
CCS=0000000000000095 CCD=fffffffffd24451b CCO=EFLAGS
EFER=0000000000000500
Servicing hardware INT=0x20
   327: v=20 e=0000 i=0 cpl=0 IP=0008:0000000000111ff2 pc=0000000000111ff2 SP=0010:00000000001b9e60 env->regs[R_EAX]=00000000001f637a
RAX=00000000001f637a RBX=00000000cccccccd RCX=000000000000001b RDX=00000000000003f8
RSI=0000000000000000 RDI=00000000fee00000 RBP=00000000001b9ff0 RSP=00000000001b9e60
R8 =0000000000000001 R9 =0000000000000000 R10=00000000002f7000 R11=000000000000005e
R12=0000000000000000 R13=0000000000000001 R14=0000000000000001 R15=0000000000008003
RIP=0000000000111ff2 RFL=00000297 [--S-APC] CPL=0 II=0 A20=1 SMM=0 HLT=0
ES =0010 0000000000000000 ffffffff 00cf9300 DPL=0 DS   [-WA]
CS =0008 0000000000000000 ffffffff 00af9a00 DPL=0 CS64 [-R-]
SS =0010 0000000000000000 ffffffff 00cf9300 DPL=0 DS   [-WA]
DS =0010 0000000000000000 ffffffff 00cf9300 DPL=0 DS   [-WA]
FS =0010 0000000000000000 ffffffff 00cf9300 DPL=0 DS   [-WA]
GS =0010 0000000000000000 ffffffff 00cf9300 DPL=0 DS   [-WA]
LDT=0000 0000000000000000 0000ffff 00008200 DPL=0 LDT
TR =0040 0000000000299ae0 0000006f 00208900 DPL=0 TSS64-avl
GDT=     0000000000271ce0 0000004f
IDT=     0000000000271d60 00000fff
CR0=80000013 CR2=0000000000000000 CR3=00000000001ba000 CR4=00000620
DR0=0000000000000000 DR1=0000000000000000 DR2=0000000000000000 DR3=0000000000000000 
DR6=00000000ffff0ff0 DR7=0000000000000400
CCS=0000000000000095 CCD=fffffffffd2472fa CCO=EFLAGS
EFER=0000000000000500
Servicing hardware INT=0x20
   328: v=20 e=0000 i=0 cpl=0 IP=0008:0000000000111ff2 pc=0000000000111ff2 SP=0010:00000000001b9e60 env->regs[R_EAX]=00000000001f6e4b
RAX=00000000001f6e4b RBX=00000000cccccccd RCX=000000000000001b RDX=00000000000003f8
RSI=0000000000000000 RDI=00000000fee00000 RBP=00000000001b9ff0 RSP=00000000001b9e60
R8 =0000000000000001 R9 =0000000000000000 R10=00000000002f7000 R11=000000000000005e
R12=0000000000000000 R13=0000000000000001 R14=0000000000000001 R15=0000000000008003
RIP=0000000000111ff2 RFL=00000293 [--S-A-C] CPL=0 II=0 A20=1 SMM=0 HLT=0
ES =0010 0000000000000000 ffffffff 00cf9300 DPL=0 DS   [-WA]
CS =0008 0000000000000000 ffffffff 00af9a00 DPL=0 CS64 [-R-]
SS =0010 0000000000000000 ffffffff 00cf9300 DPL=0 DS   [-WA]
DS =0010 0000000000000000 ffffffff 00cf9300 DPL=0 DS   [-WA]
FS =0010 0000000000000000 ffffffff 00cf9300 DPL=0 DS   [-WA]
GS =0010 0000000000000000 ffffffff 00cf9300 DPL=0 DS   [-WA]
LDT=0000 0000000000000000 0000ffff 00008200 DPL=0 LDT
TR =0040 0000000000299ae0 0000006f 00208900 DPL=0 TSS64-avl
GDT=     0000000000271ce0 0000004f
IDT=     0000000000271d60 00000fff
CR0=80000013 CR2=0000000000000000 CR3=00000000001ba000 CR4=00000620
DR0=0000000000000000 DR1=0000000000000000 DR2=0000000000000000 DR3=0000000000000000 
DR6=00000000ffff0ff0 DR7=0000000000000400
CCS=0000000000000091 CCD=fffffffffd247dcb CCO=EFLAGS
EFER=0000000000000500
Servicing hardware INT=0x20
   329: v=20 e=0000 i=0 cpl=0 IP=0008:0000000000111ff2 pc=0000000000111ff2 SP=0010:00000000001b9e60 env->regs[R_EAX]=00000000001fa15e
RAX=00000000001fa15e RBX=00000000cccccccd RCX=000000000000001b RDX=00000000000003f8
RSI=0000000000000000 RDI=00000000fee00000 RBP=00000000001b9ff0 RSP=00000000001b9e60
R8 =0000000000000001 R9 =0000000000000000 R10=00000000002f7000 R11=000000000000005e
R12=0000000000000000 R13=0000000000000001 R14=0000000000000001 R15=0000000000008003
RIP=0000000000111ff2 RFL=00000297 [--S-APC] CPL=0 II=0 A20=1 SMM=0 HLT=0
ES =0010 0000000000000000 ffffffff 00cf9300 DPL=0 DS   [-WA]
CS =0008 0000000000000000 ffffffff 00af9a00 DPL=0 CS64 [-R-]
SS =0010 0000000000000000 ffffffff 00cf9300 DPL=0 DS   [-WA]
DS =0010 0000000000000000 ffffffff 00cf9300 DPL=0 DS   [-WA]
FS =0010 0000000000000000 ffffffff 00cf9300 DPL=0 DS   [-WA]
GS =0010 0000000000000000 ffffffff 00cf9300 DPL=0 DS   [-WA]
LDT=0000 0000000000000000 0000ffff 00008200 DPL=0 LDT
TR =0040 0000000000299ae0 0000006f 00208900 DPL=0 TSS64-avl
GDT=     0000000000271ce0 0000004f
IDT=     0000000000271d60 00000fff
CR0=80000013 CR2=0000000000000000 CR3=00000000001ba000 CR4=00000620
DR0=0000000000000000 DR1=0000000000000000 DR2=0000000000000000 DR3=0000000000000000 
DR6=00000000ffff0ff0 DR7=0000000000000400
CCS=0000000000000095 CCD=fffffffffd24b0de CCO=EFLAGS
EFER=0000000000000500
Servicing hardware INT=0x20
   330: v=20 e=0000 i=0 cpl=0 IP=0008:0000000000111ff2 pc=0000000000111ff2 SP=0010:00000000001b9e60 env->regs[R_EAX]=00000000001fa8d2
RAX=00000000001fa8d2 RBX=00000000cccccccd RCX=000000000000001b RDX=00000000000003f8
RSI=0000000000000000 RDI=00000000fee00000 RBP=00000000001b9ff0 RSP=00000000001b9e60
R8 =0000000000000001 R9 =0000000000000000 R10=00000000002f7000 R11=000000000000005e
R12=0000000000000000 R13=0000000000000001 R14=0000000000000001 R15=0000000000008003
RIP=0000000000111ff2 RFL=00000293 [--S-A-C] CPL=0 II=0 A20=1 SMM=0 HLT=0
ES =0010 0000000000000000 ffffffff 00cf9300 DPL=0 DS   [-WA]
CS =0008 0000000000000000 ffffffff 00af9a00 DPL=0 CS64 [-R-]
SS =0010 0000000000000000 ffffffff 00cf9300 DPL=0 DS   [-WA]
DS =0010 0000000000000000 ffffffff 00cf9300 DPL=0 DS   [-WA]
FS =0010 0000000000000000 ffffffff 00cf9300 DPL=0 DS   [-WA]
GS =0010 0000000000000000 ffffffff 00cf9300 DPL=0 DS   [-WA]
LDT=0000 0000000000000000 0000ffff 00008200 DPL=0 LDT
TR =0040 0000000000299ae0 0000006f 00208900 DPL=0 TSS64-avl
GDT=     0000000000271ce0 0000004f
IDT=     0000000000271d60 00000fff
CR0=80000013 CR2=0000000000000000 CR3=00000000001ba000 CR4=00000620
DR0=0000000000000000 DR1=0000000000000000 DR2=0000000000000000 DR3=0000000000000000 
DR6=00000000ffff0ff0 DR7=0000000000000400
CCS=0000000000000091 CCD=fffffffffd24b852 CCO=EFLAGS
EFER=0000000000000500
Servicing hardware INT=0x20
   331: v=20 e=0000 i=0 cpl=0 IP=0008:0000000000111ff2 pc=0000000000111ff2 SP=0010:00000000001b9e60 env->regs[R_EAX]=00000000001fd34c
RAX=00000000001fd34c RBX=00000000cccccccd RCX=000000000000001b RDX=00000000000003f8
RSI=0000000000000000 RDI=00000000fee00000 RBP=00000000001b9ff0 RSP=00000000001b9e60
R8 =0000000000000001 R9 =0000000000000000 R10=00000000002f7000 R11=000000000000005e
R12=0000000000000000 R13=0000000000000001 R14=0000000000000001 R15=0000000000008003
RIP=0000000000111ff2 RFL=00000297 [--S-APC] CPL=0 II=0 A20=1 SMM=0 HLT=0
ES =0010 0000000000000000 ffffffff 00cf9300 DPL=0 DS   [-WA]
CS =0008 0000000000000000 ffffffff 00af9a00 DPL=0 CS64 [-R-]
SS =0010 0000000000000000 ffffffff 00cf9300 DPL=0 DS   [-WA]
DS =0010 0000000000000000 ffffffff 00cf9300 DPL=0 DS   [-WA]
FS =0010 0000000000000000 ffffffff 00cf9300 DPL=0 DS   [-WA]
GS =0010 0000000000000000 ffffffff 00cf9300 DPL=0 DS   [-WA]
LDT=0000 0000000000000000 0000ffff 00008200 DPL=0 LDT
TR =0040 0000000000299ae0 0000006f 00208900 DPL=0 TSS64-avl
GDT=     0000000000271ce0 0000004f
IDT=     0000000000271d60 00000fff
CR0=80000013 CR2=0000000000000000 CR3=00000000001ba000 CR4=00000620
DR0=0000000000000000 DR1=0000000000000000 DR2=0000000000000000 DR3=0000000000000000 
DR6=00000000ffff0ff0 DR7=0000000000000400
CCS=0000000000000095 CCD=fffffffffd24e2cc CCO=EFLAGS
EFER=0000000000000500
Servicing hardware INT=0x20
   332: v=20 e=0000 i=0 cpl=0 IP=0008:0000000000111ff2 pc=0000000000111ff2 SP=0010:00000000001b9e60 env->regs[R_EAX]=00000000001fdf3c
RAX=00000000001fdf3c RBX=00000000cccccccd RCX=000000000000001b RDX=00000000000003f8
RSI=0000000000000000 RDI=00000000fee00000 RBP=00000000001b9ff0 RSP=00000000001b9e60
R8 =0000000000000001 R9 =0000000000000000 R10=00000000002f7000 R11=000000000000005e
R12=0000000000000000 R13=0000000000000001 R14=0000000000000001 R15=0000000000008003
RIP=0000000000111ff2 RFL=00000293 [--S-A-C] CPL=0 II=0 A20=1 SMM=0 HLT=0
ES =0010 0000000000000000 ffffffff 00cf9300 DPL=0 DS   [-WA]
CS =0008 0000000000000000 ffffffff 00af9a00 DPL=0 CS64 [-R-]
SS =0010 0000000000000000 ffffffff 00cf9300 DPL=0 DS   [-WA]
DS =0010 0000000000000000 ffffffff 00cf9300 DPL=0 DS   [-WA]
FS =0010 0000000000000000 ffffffff 00cf9300 DPL=0 DS   [-WA]
GS =0010 0000000000000000 ffffffff 00cf9300 DPL=0 DS   [-WA]
LDT=0000 0000000000000000 0000ffff 00008200 DPL=0 LDT
TR =0040 0000000000299ae0 0000006f 00208900 DPL=0 TSS64-avl
GDT=     0000000000271ce0 0000004f
IDT=     0000000000271d60 00000fff
CR0=80000013 CR2=0000000000000000 CR3=00000000001ba000 CR4=00000620
DR0=0000000000000000 DR1=0000000000000000 DR2=0000000000000000 DR3=0000000000000000 
DR6=00000000ffff0ff0 DR7=0000000000000400
CCS=0000000000000091 CCD=fffffffffd24eebc CCO=EFLAGS
EFER=0000000000000500
Servicing hardware INT=0x20
   333: v=20 e=0000 i=0 cpl=0 IP=0008:0000000000111ff2 pc=0000000000111ff2 SP=0010:00000000001b9e60 env->regs[R_EAX]=0000000000200e91
RAX=0000000000200e91 RBX=00000000cccccccd RCX=000000000000001b RDX=00000000000003f8
RSI=0000000000000000 RDI=00000000fee00000 RBP=00000000001b9ff0 RSP=00000000001b9e60
R8 =0000000000000001 R9 =0000000000000000 R10=00000000002f7000 R11=000000000000005e
R12=0000000000000000 R13=0000000000000001 R14=0000000000000001 R15=0000000000008003
RIP=0000000000111ff2 RFL=00000297 [--S-APC] CPL=0 II=0 A20=1 SMM=0 HLT=0
ES =0010 0000000000000000 ffffffff 00cf9300 DPL=0 DS   [-WA]
CS =0008 0000000000000000 ffffffff 00af9a00 DPL=0 CS64 [-R-]
SS =0010 0000000000000000 ffffffff 00cf9300 DPL=0 DS   [-WA]
DS =0010 0000000000000000 ffffffff 00cf9300 DPL=0 DS   [-WA]
FS =0010 0000000000000000 ffffffff 00cf9300 DPL=0 DS   [-WA]
GS =0010 0000000000000000 ffffffff 00cf9300 DPL=0 DS   [-WA]
LDT=0000 0000000000000000 0000ffff 00008200 DPL=0 LDT
TR =0040 0000000000299ae0 0000006f 00208900 DPL=0 TSS64-avl
GDT=     0000000000271ce0 0000004f
IDT=     0000000000271d60 00000fff
CR0=80000013 CR2=0000000000000000 CR3=00000000001ba000 CR4=00000620
DR0=0000000000000000 DR1=0000000000000000 DR2=0000000000000000 DR3=0000000000000000 
DR6=00000000ffff0ff0 DR7=0000000000000400
CCS=0000000000000095 CCD=fffffffffd251e11 CCO=EFLAGS
EFER=0000000000000500
Servicing hardware INT=0x20
   334: v=20 e=0000 i=0 cpl=0 IP=0008:0000000000111ff2 pc=0000000000111ff2 SP=0010:00000000001b9e60 env->regs[R_EAX]=0000000000201b37
RAX=0000000000201b37 RBX=00000000cccccccd RCX=000000000000001b RDX=00000000000003f8
RSI=0000000000000000 RDI=00000000fee00000 RBP=00000000001b9ff0 RSP=00000000001b9e60
R8 =0000000000000001 R9 =0000000000000000 R10=00000000002f7000 R11=000000000000005e
R12=0000000000000000 R13=0000000000000001 R14=0000000000000001 R15=0000000000008003
RIP=0000000000111ff2 RFL=00000297 [--S-APC] CPL=0 II=0 A20=1 SMM=0 HLT=0
ES =0010 0000000000000000 ffffffff 00cf9300 DPL=0 DS   [-WA]
CS =0008 0000000000000000 ffffffff 00af9a00 DPL=0 CS64 [-R-]
SS =0010 0000000000000000 ffffffff 00cf9300 DPL=0 DS   [-WA]
DS =0010 0000000000000000 ffffffff 00cf9300 DPL=0 DS   [-WA]
FS =0010 0000000000000000 ffffffff 00cf9300 DPL=0 DS   [-WA]
GS =0010 0000000000000000 ffffffff 00cf9300 DPL=0 DS   [-WA]
LDT=0000 0000000000000000 0000ffff 00008200 DPL=0 LDT
TR =0040 0000000000299ae0 0000006f 00208900 DPL=0 TSS64-avl
GDT=     0000000000271ce0 0000004f
IDT=     0000000000271d60 00000fff
CR0=80000013 CR2=0000000000000000 CR3=00000000001ba000 CR4=00000620
DR0=0000000000000000 DR1=0000000000000000 DR2=0000000000000000 DR3=0000000000000000 
DR6=00000000ffff0ff0 DR7=0000000000000400
CCS=0000000000000095 CCD=fffffffffd252ab7 CCO=EFLAGS
EFER=0000000000000500
Servicing hardware INT=0x20
   335: v=20 e=0000 i=0 cpl=0 IP=0008:0000000000111ff0 pc=0000000000111ff0 SP=0010:00000000001b9e60 env->regs[R_EAX]=0000000000204ab6
RAX=0000000000204ab6 RBX=00000000cccccccd RCX=000000000000001b RDX=00000000000003f8
RSI=0000000000000000 RDI=00000000fee00000 RBP=00000000001b9ff0 RSP=00000000001b9e60
R8 =0000000000000001 R9 =0000000000000000 R10=00000000002f7000 R11=000000000000005e
R12=0000000000000000 R13=0000000000000001 R14=0000000000000001 R15=0000000000008003
RIP=0000000000111ff0 RFL=00000297 [--S-APC] CPL=0 II=0 A20=1 SMM=0 HLT=0
ES =0010 0000000000000000 ffffffff 00cf9300 DPL=0 DS   [-WA]
CS =0008 0000000000000000 ffffffff 00af9a00 DPL=0 CS64 [-R-]
SS =0010 0000000000000000 ffffffff 00cf9300 DPL=0 DS   [-WA]
DS =0010 0000000000000000 ffffffff 00cf9300 DPL=0 DS   [-WA]
FS =0010 0000000000000000 ffffffff 00cf9300 DPL=0 DS   [-WA]
GS =0010 0000000000000000 ffffffff 00cf9300 DPL=0 DS   [-WA]
LDT=0000 0000000000000000 0000ffff 00008200 DPL=0 LDT
TR =0040 0000000000299ae0 0000006f 00208900 DPL=0 TSS64-avl
GDT=     0000000000271ce0 0000004f
IDT=     0000000000271d60 00000fff
CR0=80000013 CR2=0000000000000000 CR3=00000000001ba000 CR4=00000620
DR0=0000000000000000 DR1=0000000000000000 DR2=0000000000000000 DR3=0000000000000000 
DR6=00000000ffff0ff0 DR7=0000000000000400
CCS=0000000000000095 CCD=fffffffffd255a36 CCO=EFLAGS
EFER=0000000000000500
Servicing hardware INT=0x20
   336: v=20 e=0000 i=0 cpl=0 IP=0008:0000000000111ff2 pc=0000000000111ff2 SP=0010:00000000001b9e60 env->regs[R_EAX]=000000000020559c
RAX=000000000020559c RBX=00000000cccccccd RCX=000000000000001b RDX=00000000000003f8
RSI=0000000000000000 RDI=00000000fee00000 RBP=00000000001b9ff0 RSP=00000000001b9e60
R8 =0000000000000001 R9 =0000000000000000 R10=00000000002f7000 R11=000000000000005e
R12=0000000000000000 R13=0000000000000001 R14=0000000000000001 R15=0000000000008003
RIP=0000000000111ff2 RFL=00000293 [--S-A-C] CPL=0 II=0 A20=1 SMM=0 HLT=0
ES =0010 0000000000000000 ffffffff 00cf9300 DPL=0 DS   [-WA]
CS =0008 0000000000000000 ffffffff 00af9a00 DPL=0 CS64 [-R-]
SS =0010 0000000000000000 ffffffff 00cf9300 DPL=0 DS   [-WA]
DS =0010 0000000000000000 ffffffff 00cf9300 DPL=0 DS   [-WA]
FS =0010 0000000000000000 ffffffff 00cf9300 DPL=0 DS   [-WA]
GS =0010 0000000000000000 ffffffff 00cf9300 DPL=0 DS   [-WA]
LDT=0000 0000000000000000 0000ffff 00008200 DPL=0 LDT
TR =0040 0000000000299ae0 0000006f 00208900 DPL=0 TSS64-avl
GDT=     0000000000271ce0 0000004f
IDT=     0000000000271d60 00000fff
CR0=80000013 CR2=0000000000000000 CR3=00000000001ba000 CR4=00000620
DR0=0000000000000000 DR1=0000000000000000 DR2=0000000000000000 DR3=0000000000000000 
DR6=00000000ffff0ff0 DR7=0000000000000400
CCS=0000000000000091 CCD=fffffffffd25651c CCO=EFLAGS
EFER=0000000000000500
Servicing hardware INT=0x20
   337: v=20 e=0000 i=0 cpl=0 IP=0008:0000000000111ff2 pc=0000000000111ff2 SP=0010:00000000001b9e60 env->regs[R_EAX]=000000000020849b
RAX=000000000020849b RBX=00000000cccccccd RCX=000000000000001b RDX=00000000000003f8
RSI=0000000000000000 RDI=00000000fee00000 RBP=00000000001b9ff0 RSP=00000000001b9e60
R8 =0000000000000001 R9 =0000000000000000 R10=00000000002f7000 R11=000000000000005e
R12=0000000000000000 R13=0000000000000001 R14=0000000000000001 R15=0000000000008003
RIP=0000000000111ff2 RFL=00000297 [--S-APC] CPL=0 II=0 A20=1 SMM=0 HLT=0
ES =0010 0000000000000000 ffffffff 00cf9300 DPL=0 DS   [-WA]
CS =0008 0000000000000000 ffffffff 00af9a00 DPL=0 CS64 [-R-]
SS =0010 0000000000000000 ffffffff 00cf9300 DPL=0 DS   [-WA]
DS =0010 0000000000000000 ffffffff 00cf9300 DPL=0 DS   [-WA]
FS =0010 0000000000000000 ffffffff 00cf9300 DPL=0 DS   [-WA]
GS =0010 0000000000000000 ffffffff 00cf9300 DPL=0 DS   [-WA]
LDT=0000 0000000000000000 0000ffff 00008200 DPL=0 LDT
TR =0040 0000000000299ae0 0000006f 00208900 DPL=0 TSS64-avl
GDT=     0000000000271ce0 0000004f
IDT=     0000000000271d60 00000fff
CR0=80000013 CR2=0000000000000000 CR3=00000000001ba000 CR4=00000620
DR0=0000000000000000 DR1=0000000000000000 DR2=0000000000000000 DR3=0000000000000000 
DR6=00000000ffff0ff0 DR7=0000000000000400
CCS=0000000000000095 CCD=fffffffffd25941b CCO=EFLAGS
EFER=0000000000000500
Servicing hardware INT=0x20
   338: v=20 e=0000 i=0 cpl=0 IP=0008:0000000000111ff2 pc=0000000000111ff2 SP=0010:00000000001b9e60 env->regs[R_EAX]=000000000020907b
RAX=000000000020907b RBX=00000000cccccccd RCX=000000000000001b RDX=00000000000003f8
RSI=0000000000000000 RDI=00000000fee00000 RBP=00000000001b9ff0 RSP=00000000001b9e60
R8 =0000000000000001 R9 =0000000000000000 R10=00000000002f7000 R11=000000000000005e
R12=0000000000000000 R13=0000000000000001 R14=0000000000000001 R15=0000000000008003
RIP=0000000000111ff2 RFL=00000293 [--S-A-C] CPL=0 II=0 A20=1 SMM=0 HLT=0
ES =0010 0000000000000000 ffffffff 00cf9300 DPL=0 DS   [-WA]
CS =0008 0000000000000000 ffffffff 00af9a00 DPL=0 CS64 [-R-]
SS =0010 0000000000000000 ffffffff 00cf9300 DPL=0 DS   [-WA]
DS =0010 0000000000000000 ffffffff 00cf9300 DPL=0 DS   [-WA]
FS =0010 0000000000000000 ffffffff 00cf9300 DPL=0 DS   [-WA]
GS =0010 0000000000000000 ffffffff 00cf9300 DPL=0 DS   [-WA]
LDT=0000 0000000000000000 0000ffff 00008200 DPL=0 LDT
TR =0040 0000000000299ae0 0000006f 00208900 DPL=0 TSS64-avl
GDT=     0000000000271ce0 0000004f
IDT=     0000000000271d60 00000fff
CR0=80000013 CR2=0000000000000000 CR3=00000000001ba000 CR4=00000620
DR0=0000000000000000 DR1=0000000000000000 DR2=0000000000000000 DR3=0000000000000000 
DR6=00000000ffff0ff0 DR7=0000000000000400
CCS=0000000000000091 CCD=fffffffffd259ffb CCO=EFLAGS
EFER=0000000000000500
Servicing hardware INT=0x20
   339: v=20 e=0000 i=0 cpl=0 IP=0008:0000000000111ff2 pc=0000000000111ff2 SP=0010:00000000001b9e60 env->regs[R_EAX]=000000000020bf3a
RAX=000000000020bf3a RBX=00000000cccccccd RCX=000000000000001b RDX=00000000000003f8
RSI=0000000000000000 RDI=00000000fee00000 RBP=00000000001b9ff0 RSP=00000000001b9e60
R8 =0000000000000001 R9 =0000000000000000 R10=00000000002f7000 R11=000000000000005e
R12=0000000000000000 R13=0000000000000001 R14=0000000000000001 R15=0000000000008003
RIP=0000000000111ff2 RFL=00000293 [--S-A-C] CPL=0 II=0 A20=1 SMM=0 HLT=0
ES =0010 0000000000000000 ffffffff 00cf9300 DPL=0 DS   [-WA]
CS =0008 0000000000000000 ffffffff 00af9a00 DPL=0 CS64 [-R-]
SS =0010 0000000000000000 ffffffff 00cf9300 DPL=0 DS   [-WA]
DS =0010 0000000000000000 ffffffff 00cf9300 DPL=0 DS   [-WA]
FS =0010 0000000000000000 ffffffff 00cf9300 DPL=0 DS   [-WA]
GS =0010 0000000000000000 ffffffff 00cf9300 DPL=0 DS   [-WA]
LDT=0000 0000000000000000 0000ffff 00008200 DPL=0 LDT
TR =0040 0000000000299ae0 0000006f 00208900 DPL=0 TSS64-avl
GDT=     0000000000271ce0 0000004f
IDT=     0000000000271d60 00000fff
CR0=80000013 CR2=0000000000000000 CR3=00000000001ba000 CR4=00000620
DR0=0000000000000000 DR1=0000000000000000 DR2=0000000000000000 DR3=0000000000000000 
DR6=00000000ffff0ff0 DR7=0000000000000400
CCS=0000000000000091 CCD=fffffffffd25ceba CCO=EFLAGS
EFER=0000000000000500
Servicing hardware INT=0x20
   340: v=20 e=0000 i=0 cpl=0 IP=0008:0000000000111ff2 pc=0000000000111ff2 SP=0010:00000000001b9e60 env->regs[R_EAX]=000000000020ca0a
RAX=000000000020ca0a RBX=00000000cccccccd RCX=000000000000001b RDX=00000000000003f8
RSI=0000000000000000 RDI=00000000fee00000 RBP=00000000001b9ff0 RSP=00000000001b9e60
R8 =0000000000000001 R9 =0000000000000000 R10=00000000002f7000 R11=000000000000005e
R12=0000000000000000 R13=0000000000000001 R14=0000000000000001 R15=0000000000008003
RIP=0000000000111ff2 RFL=00000293 [--S-A-C] CPL=0 II=0 A20=1 SMM=0 HLT=0
ES =0010 0000000000000000 ffffffff 00cf9300 DPL=0 DS   [-WA]
CS =0008 0000000000000000 ffffffff 00af9a00 DPL=0 CS64 [-R-]
SS =0010 0000000000000000 ffffffff 00cf9300 DPL=0 DS   [-WA]
DS =0010 0000000000000000 ffffffff 00cf9300 DPL=0 DS   [-WA]
FS =0010 0000000000000000 ffffffff 00cf9300 DPL=0 DS   [-WA]
GS =0010 0000000000000000 ffffffff 00cf9300 DPL=0 DS   [-WA]
LDT=0000 0000000000000000 0000ffff 00008200 DPL=0 LDT
TR =0040 0000000000299ae0 0000006f 00208900 DPL=0 TSS64-avl
GDT=     0000000000271ce0 0000004f
IDT=     0000000000271d60 00000fff
CR0=80000013 CR2=0000000000000000 CR3=00000000001ba000 CR4=00000620
DR0=0000000000000000 DR1=0000000000000000 DR2=0000000000000000 DR3=0000000000000000 
DR6=00000000ffff0ff0 DR7=0000000000000400
CCS=0000000000000091 CCD=fffffffffd25d98a CCO=EFLAGS
EFER=0000000000000500
Servicing hardware INT=0x20
   341: v=20 e=0000 i=0 cpl=0 IP=0008:0000000000111ff2 pc=0000000000111ff2 SP=0010:00000000001b9e60 env->regs[R_EAX]=000000000020f6a3
RAX=000000000020f6a3 RBX=00000000cccccccd RCX=000000000000001b RDX=00000000000003f8
RSI=0000000000000000 RDI=00000000fee00000 RBP=00000000001b9ff0 RSP=00000000001b9e60
R8 =0000000000000001 R9 =0000000000000000 R10=00000000002f7000 R11=000000000000005e
R12=0000000000000000 R13=0000000000000001 R14=0000000000000001 R15=0000000000008003
RIP=0000000000111ff2 RFL=00000293 [--S-A-C] CPL=0 II=0 A20=1 SMM=0 HLT=0
ES =0010 0000000000000000 ffffffff 00cf9300 DPL=0 DS   [-WA]
CS =0008 0000000000000000 ffffffff 00af9a00 DPL=0 CS64 [-R-]
SS =0010 0000000000000000 ffffffff 00cf9300 DPL=0 DS   [-WA]
DS =0010 0000000000000000 ffffffff 00cf9300 DPL=0 DS   [-WA]
FS =0010 0000000000000000 ffffffff 00cf9300 DPL=0 DS   [-WA]
GS =0010 0000000000000000 ffffffff 00cf9300 DPL=0 DS   [-WA]
LDT=0000 0000000000000000 0000ffff 00008200 DPL=0 LDT
TR =0040 0000000000299ae0 0000006f 00208900 DPL=0 TSS64-avl
GDT=     0000000000271ce0 0000004f
IDT=     0000000000271d60 00000fff
CR0=80000013 CR2=0000000000000000 CR3=00000000001ba000 CR4=00000620
DR0=0000000000000000 DR1=0000000000000000 DR2=0000000000000000 DR3=0000000000000000 
DR6=00000000ffff0ff0 DR7=0000000000000400
CCS=0000000000000091 CCD=fffffffffd260623 CCO=EFLAGS
EFER=0000000000000500
Servicing hardware INT=0x20
   342: v=20 e=0000 i=0 cpl=0 IP=0008:0000000000111ff2 pc=0000000000111ff2 SP=0010:00000000001b9e60 env->regs[R_EAX]=00000000002102ab
RAX=00000000002102ab RBX=00000000cccccccd RCX=000000000000001b RDX=00000000000003f8
RSI=0000000000000000 RDI=00000000fee00000 RBP=00000000001b9ff0 RSP=00000000001b9e60
R8 =0000000000000001 R9 =0000000000000000 R10=00000000002f7000 R11=000000000000005e
R12=0000000000000000 R13=0000000000000001 R14=0000000000000001 R15=0000000000008003
RIP=0000000000111ff2 RFL=00000297 [--S-APC] CPL=0 II=0 A20=1 SMM=0 HLT=0
ES =0010 0000000000000000 ffffffff 00cf9300 DPL=0 DS   [-WA]
CS =0008 0000000000000000 ffffffff 00af9a00 DPL=0 CS64 [-R-]
SS =0010 0000000000000000 ffffffff 00cf9300 DPL=0 DS   [-WA]
DS =0010 0000000000000000 ffffffff 00cf9300 DPL=0 DS   [-WA]
FS =0010 0000000000000000 ffffffff 00cf9300 DPL=0 DS   [-WA]
GS =0010 0000000000000000 ffffffff 00cf9300 DPL=0 DS   [-WA]
LDT=0000 0000000000000000 0000ffff 00008200 DPL=0 LDT
TR =0040 0000000000299ae0 0000006f 00208900 DPL=0 TSS64-avl
GDT=     0000000000271ce0 0000004f
IDT=     0000000000271d60 00000fff
CR0=80000013 CR2=0000000000000000 CR3=00000000001ba000 CR4=00000620
DR0=0000000000000000 DR1=0000000000000000 DR2=0000000000000000 DR3=0000000000000000 
DR6=00000000ffff0ff0 DR7=0000000000000400
CCS=0000000000000095 CCD=fffffffffd26122b CCO=EFLAGS
EFER=0000000000000500
Servicing hardware INT=0x20
   343: v=20 e=0000 i=0 cpl=0 IP=0008:0000000000111ff2 pc=0000000000111ff2 SP=0010:00000000001b9e60 env->regs[R_EAX]=00000000002134a4
RAX=00000000002134a4 RBX=00000000cccccccd RCX=000000000000001b RDX=00000000000003f8
RSI=0000000000000000 RDI=00000000fee00000 RBP=00000000001b9ff0 RSP=00000000001b9e60
R8 =0000000000000001 R9 =0000000000000000 R10=00000000002f7000 R11=000000000000005e
R12=0000000000000000 R13=0000000000000001 R14=0000000000000001 R15=0000000000008003
RIP=0000000000111ff2 RFL=00000297 [--S-APC] CPL=0 II=0 A20=1 SMM=0 HLT=0
ES =0010 0000000000000000 ffffffff 00cf9300 DPL=0 DS   [-WA]
CS =0008 0000000000000000 ffffffff 00af9a00 DPL=0 CS64 [-R-]
SS =0010 0000000000000000 ffffffff 00cf9300 DPL=0 DS   [-WA]
DS =0010 0000000000000000 ffffffff 00cf9300 DPL=0 DS   [-WA]
FS =0010 0000000000000000 ffffffff 00cf9300 DPL=0 DS   [-WA]
GS =0010 0000000000000000 ffffffff 00cf9300 DPL=0 DS   [-WA]
LDT=0000 0000000000000000 0000ffff 00008200 DPL=0 LDT
TR =0040 0000000000299ae0 0000006f 00208900 DPL=0 TSS64-avl
GDT=     0000000000271ce0 0000004f
IDT=     0000000000271d60 00000fff
CR0=80000013 CR2=0000000000000000 CR3=00000000001ba000 CR4=00000620
DR0=0000000000000000 DR1=0000000000000000 DR2=0000000000000000 DR3=0000000000000000 
DR6=00000000ffff0ff0 DR7=0000000000000400
CCS=0000000000000095 CCD=fffffffffd264424 CCO=EFLAGS
EFER=0000000000000500
Servicing hardware INT=0x20
   344: v=20 e=0000 i=0 cpl=0 IP=0008:0000000000111ff2 pc=0000000000111ff2 SP=0010:00000000001b9e60 env->regs[R_EAX]=00000000002141a8
RAX=00000000002141a8 RBX=00000000cccccccd RCX=000000000000001b RDX=00000000000003f8
RSI=0000000000000000 RDI=00000000fee00000 RBP=00000000001b9ff0 RSP=00000000001b9e60
R8 =0000000000000001 R9 =0000000000000000 R10=00000000002f7000 R11=000000000000005e
R12=0000000000000000 R13=0000000000000001 R14=0000000000000001 R15=0000000000008003
RIP=0000000000111ff2 RFL=00000297 [--S-APC] CPL=0 II=0 A20=1 SMM=0 HLT=0
ES =0010 0000000000000000 ffffffff 00cf9300 DPL=0 DS   [-WA]
CS =0008 0000000000000000 ffffffff 00af9a00 DPL=0 CS64 [-R-]
SS =0010 0000000000000000 ffffffff 00cf9300 DPL=0 DS   [-WA]
DS =0010 0000000000000000 ffffffff 00cf9300 DPL=0 DS   [-WA]
FS =0010 0000000000000000 ffffffff 00cf9300 DPL=0 DS   [-WA]
GS =0010 0000000000000000 ffffffff 00cf9300 DPL=0 DS   [-WA]
LDT=0000 0000000000000000 0000ffff 00008200 DPL=0 LDT
TR =0040 0000000000299ae0 0000006f 00208900 DPL=0 TSS64-avl
GDT=     0000000000271ce0 0000004f
IDT=     0000000000271d60 00000fff
CR0=80000013 CR2=0000000000000000 CR3=00000000001ba000 CR4=00000620
DR0=0000000000000000 DR1=0000000000000000 DR2=0000000000000000 DR3=0000000000000000 
DR6=00000000ffff0ff0 DR7=0000000000000400
CCS=0000000000000095 CCD=fffffffffd265128 CCO=EFLAGS
EFER=0000000000000500
Servicing hardware INT=0x20
   345: v=20 e=0000 i=0 cpl=0 IP=0008:0000000000111ff2 pc=0000000000111ff2 SP=0010:00000000001b9e60 env->regs[R_EAX]=00000000002170b7
RAX=00000000002170b7 RBX=00000000cccccccd RCX=000000000000001b RDX=00000000000003f8
RSI=0000000000000000 RDI=00000000fee00000 RBP=00000000001b9ff0 RSP=00000000001b9e60
R8 =0000000000000001 R9 =0000000000000000 R10=00000000002f7000 R11=000000000000005e
R12=0000000000000000 R13=0000000000000001 R14=0000000000000001 R15=0000000000008003
RIP=0000000000111ff2 RFL=00000293 [--S-A-C] CPL=0 II=0 A20=1 SMM=0 HLT=0
ES =0010 0000000000000000 ffffffff 00cf9300 DPL=0 DS   [-WA]
CS =0008 0000000000000000 ffffffff 00af9a00 DPL=0 CS64 [-R-]
SS =0010 0000000000000000 ffffffff 00cf9300 DPL=0 DS   [-WA]
DS =0010 0000000000000000 ffffffff 00cf9300 DPL=0 DS   [-WA]
FS =0010 0000000000000000 ffffffff 00cf9300 DPL=0 DS   [-WA]
GS =0010 0000000000000000 ffffffff 00cf9300 DPL=0 DS   [-WA]
LDT=0000 0000000000000000 0000ffff 00008200 DPL=0 LDT
TR =0040 0000000000299ae0 0000006f 00208900 DPL=0 TSS64-avl
GDT=     0000000000271ce0 0000004f
IDT=     0000000000271d60 00000fff
CR0=80000013 CR2=0000000000000000 CR3=00000000001ba000 CR4=00000620
DR0=0000000000000000 DR1=0000000000000000 DR2=0000000000000000 DR3=0000000000000000 
DR6=00000000ffff0ff0 DR7=0000000000000400
CCS=0000000000000091 CCD=fffffffffd268037 CCO=EFLAGS
EFER=0000000000000500
Servicing hardware INT=0x20
   346: v=20 e=0000 i=0 cpl=0 IP=0008:0000000000111ff2 pc=0000000000111ff2 SP=0010:00000000001b9e60 env->regs[R_EAX]=0000000000217dc3
RAX=0000000000217dc3 RBX=00000000cccccccd RCX=000000000000001b RDX=00000000000003f8
RSI=0000000000000000 RDI=00000000fee00000 RBP=00000000001b9ff0 RSP=00000000001b9e60
R8 =0000000000000001 R9 =0000000000000000 R10=00000000002f7000 R11=000000000000005e
R12=0000000000000000 R13=0000000000000001 R14=0000000000000001 R15=0000000000008003
RIP=0000000000111ff2 RFL=00000293 [--S-A-C] CPL=0 II=0 A20=1 SMM=0 HLT=0
ES =0010 0000000000000000 ffffffff 00cf9300 DPL=0 DS   [-WA]
CS =0008 0000000000000000 ffffffff 00af9a00 DPL=0 CS64 [-R-]
SS =0010 0000000000000000 ffffffff 00cf9300 DPL=0 DS   [-WA]
DS =0010 0000000000000000 ffffffff 00cf9300 DPL=0 DS   [-WA]
FS =0010 0000000000000000 ffffffff 00cf9300 DPL=0 DS   [-WA]
GS =0010 0000000000000000 ffffffff 00cf9300 DPL=0 DS   [-WA]
LDT=0000 0000000000000000 0000ffff 00008200 DPL=0 LDT
TR =0040 0000000000299ae0 0000006f 00208900 DPL=0 TSS64-avl
GDT=     0000000000271ce0 0000004f
IDT=     0000000000271d60 00000fff
CR0=80000013 CR2=0000000000000000 CR3=00000000001ba000 CR4=00000620
DR0=0000000000000000 DR1=0000000000000000 DR2=0000000000000000 DR3=0000000000000000 
DR6=00000000ffff0ff0 DR7=0000000000000400
CCS=0000000000000091 CCD=fffffffffd268d43 CCO=EFLAGS
EFER=0000000000000500
Servicing hardware INT=0x20
   347: v=20 e=0000 i=0 cpl=0 IP=0008:0000000000111ff2 pc=0000000000111ff2 SP=0010:00000000001b9e60 env->regs[R_EAX]=000000000021ac19
RAX=000000000021ac19 RBX=00000000cccccccd RCX=000000000000001b RDX=00000000000003f8
RSI=0000000000000000 RDI=00000000fee00000 RBP=00000000001b9ff0 RSP=00000000001b9e60
R8 =0000000000000001 R9 =0000000000000000 R10=00000000002f7000 R11=000000000000005e
R12=0000000000000000 R13=0000000000000001 R14=0000000000000001 R15=0000000000008003
RIP=0000000000111ff2 RFL=00000297 [--S-APC] CPL=0 II=0 A20=1 SMM=0 HLT=0
ES =0010 0000000000000000 ffffffff 00cf9300 DPL=0 DS   [-WA]
CS =0008 0000000000000000 ffffffff 00af9a00 DPL=0 CS64 [-R-]
SS =0010 0000000000000000 ffffffff 00cf9300 DPL=0 DS   [-WA]
DS =0010 0000000000000000 ffffffff 00cf9300 DPL=0 DS   [-WA]
FS =0010 0000000000000000 ffffffff 00cf9300 DPL=0 DS   [-WA]
GS =0010 0000000000000000 ffffffff 00cf9300 DPL=0 DS   [-WA]
LDT=0000 0000000000000000 0000ffff 00008200 DPL=0 LDT
TR =0040 0000000000299ae0 0000006f 00208900 DPL=0 TSS64-avl
GDT=     0000000000271ce0 0000004f
IDT=     0000000000271d60 00000fff
CR0=80000013 CR2=0000000000000000 CR3=00000000001ba000 CR4=00000620
DR0=0000000000000000 DR1=0000000000000000 DR2=0000000000000000 DR3=0000000000000000 
DR6=00000000ffff0ff0 DR7=0000000000000400
CCS=0000000000000095 CCD=fffffffffd26bb99 CCO=EFLAGS
EFER=0000000000000500
Servicing hardware INT=0x20
   348: v=20 e=0000 i=0 cpl=0 IP=0008:0000000000111ff2 pc=0000000000111ff2 SP=0010:00000000001b9e60 env->regs[R_EAX]=000000000021b85a
RAX=000000000021b85a RBX=00000000cccccccd RCX=000000000000001b RDX=00000000000003f8
RSI=0000000000000000 RDI=00000000fee00000 RBP=00000000001b9ff0 RSP=00000000001b9e60
R8 =0000000000000001 R9 =0000000000000000 R10=00000000002f7000 R11=000000000000005e
R12=0000000000000000 R13=0000000000000001 R14=0000000000000001 R15=0000000000008003
RIP=0000000000111ff2 RFL=00000293 [--S-A-C] CPL=0 II=0 A20=1 SMM=0 HLT=0
ES =0010 0000000000000000 ffffffff 00cf9300 DPL=0 DS   [-WA]
CS =0008 0000000000000000 ffffffff 00af9a00 DPL=0 CS64 [-R-]
SS =0010 0000000000000000 ffffffff 00cf9300 DPL=0 DS   [-WA]
DS =0010 0000000000000000 ffffffff 00cf9300 DPL=0 DS   [-WA]
FS =0010 0000000000000000 ffffffff 00cf9300 DPL=0 DS   [-WA]
GS =0010 0000000000000000 ffffffff 00cf9300 DPL=0 DS   [-WA]
LDT=0000 0000000000000000 0000ffff 00008200 DPL=0 LDT
TR =0040 0000000000299ae0 0000006f 00208900 DPL=0 TSS64-avl
GDT=     0000000000271ce0 0000004f
IDT=     0000000000271d60 00000fff
CR0=80000013 CR2=0000000000000000 CR3=00000000001ba000 CR4=00000620
DR0=0000000000000000 DR1=0000000000000000 DR2=0000000000000000 DR3=0000000000000000 
DR6=00000000ffff0ff0 DR7=0000000000000400
CCS=0000000000000091 CCD=fffffffffd26c7da CCO=EFLAGS
EFER=0000000000000500
Servicing hardware INT=0x20
   349: v=20 e=0000 i=0 cpl=0 IP=0008:0000000000111ff2 pc=0000000000111ff2 SP=0010:00000000001b9e60 env->regs[R_EAX]=000000000021e77b
RAX=000000000021e77b RBX=00000000cccccccd RCX=000000000000001b RDX=00000000000003f8
RSI=0000000000000000 RDI=00000000fee00000 RBP=00000000001b9ff0 RSP=00000000001b9e60
R8 =0000000000000001 R9 =0000000000000000 R10=00000000002f7000 R11=000000000000005e
R12=0000000000000000 R13=0000000000000001 R14=0000000000000001 R15=0000000000008003
RIP=0000000000111ff2 RFL=00000293 [--S-A-C] CPL=0 II=0 A20=1 SMM=0 HLT=0
ES =0010 0000000000000000 ffffffff 00cf9300 DPL=0 DS   [-WA]
CS =0008 0000000000000000 ffffffff 00af9a00 DPL=0 CS64 [-R-]
SS =0010 0000000000000000 ffffffff 00cf9300 DPL=0 DS   [-WA]
DS =0010 0000000000000000 ffffffff 00cf9300 DPL=0 DS   [-WA]
FS =0010 0000000000000000 ffffffff 00cf9300 DPL=0 DS   [-WA]
GS =0010 0000000000000000 ffffffff 00cf9300 DPL=0 DS   [-WA]
LDT=0000 0000000000000000 0000ffff 00008200 DPL=0 LDT
TR =0040 0000000000299ae0 0000006f 00208900 DPL=0 TSS64-avl
GDT=     0000000000271ce0 0000004f
IDT=     0000000000271d60 00000fff
CR0=80000013 CR2=0000000000000000 CR3=00000000001ba000 CR4=00000620
DR0=0000000000000000 DR1=0000000000000000 DR2=0000000000000000 DR3=0000000000000000 
DR6=00000000ffff0ff0 DR7=0000000000000400
CCS=0000000000000091 CCD=fffffffffd26f6fb CCO=EFLAGS
EFER=0000000000000500
Servicing hardware INT=0x20
   350: v=20 e=0000 i=0 cpl=0 IP=0008:0000000000111ff2 pc=0000000000111ff2 SP=0010:00000000001b9e60 env->regs[R_EAX]=000000000021f726
RAX=000000000021f726 RBX=00000000cccccccd RCX=000000000000001b RDX=00000000000003f8
RSI=0000000000000000 RDI=00000000fee00000 RBP=00000000001b9ff0 RSP=00000000001b9e60
R8 =0000000000000001 R9 =0000000000000000 R10=00000000002f7000 R11=000000000000005e
R12=0000000000000000 R13=0000000000000001 R14=0000000000000001 R15=0000000000008003
RIP=0000000000111ff2 RFL=00000297 [--S-APC] CPL=0 II=0 A20=1 SMM=0 HLT=0
ES =0010 0000000000000000 ffffffff 00cf9300 DPL=0 DS   [-WA]
CS =0008 0000000000000000 ffffffff 00af9a00 DPL=0 CS64 [-R-]
SS =0010 0000000000000000 ffffffff 00cf9300 DPL=0 DS   [-WA]
DS =0010 0000000000000000 ffffffff 00cf9300 DPL=0 DS   [-WA]
FS =0010 0000000000000000 ffffffff 00cf9300 DPL=0 DS   [-WA]
GS =0010 0000000000000000 ffffffff 00cf9300 DPL=0 DS   [-WA]
LDT=0000 0000000000000000 0000ffff 00008200 DPL=0 LDT
TR =0040 0000000000299ae0 0000006f 00208900 DPL=0 TSS64-avl
GDT=     0000000000271ce0 0000004f
IDT=     0000000000271d60 00000fff
CR0=80000013 CR2=0000000000000000 CR3=00000000001ba000 CR4=00000620
DR0=0000000000000000 DR1=0000000000000000 DR2=0000000000000000 DR3=0000000000000000 
DR6=00000000ffff0ff0 DR7=0000000000000400
CCS=0000000000000095 CCD=fffffffffd2706a6 CCO=EFLAGS
EFER=0000000000000500
Servicing hardware INT=0x20
   351: v=20 e=0000 i=0 cpl=0 IP=0008:0000000000111ff2 pc=0000000000111ff2 SP=0010:00000000001b9e60 env->regs[R_EAX]=00000000002224d2
RAX=00000000002224d2 RBX=00000000cccccccd RCX=000000000000001b RDX=00000000000003f8
RSI=0000000000000000 RDI=00000000fee00000 RBP=00000000001b9ff0 RSP=00000000001b9e60
R8 =0000000000000001 R9 =0000000000000000 R10=00000000002f7000 R11=000000000000005e
R12=0000000000000000 R13=0000000000000001 R14=0000000000000001 R15=0000000000008003
RIP=0000000000111ff2 RFL=00000293 [--S-A-C] CPL=0 II=0 A20=1 SMM=0 HLT=0
ES =0010 0000000000000000 ffffffff 00cf9300 DPL=0 DS   [-WA]
CS =0008 0000000000000000 ffffffff 00af9a00 DPL=0 CS64 [-R-]
SS =0010 0000000000000000 ffffffff 00cf9300 DPL=0 DS   [-WA]
DS =0010 0000000000000000 ffffffff 00cf9300 DPL=0 DS   [-WA]
FS =0010 0000000000000000 ffffffff 00cf9300 DPL=0 DS   [-WA]
GS =0010 0000000000000000 ffffffff 00cf9300 DPL=0 DS   [-WA]
LDT=0000 0000000000000000 0000ffff 00008200 DPL=0 LDT
TR =0040 0000000000299ae0 0000006f 00208900 DPL=0 TSS64-avl
GDT=     0000000000271ce0 0000004f
IDT=     0000000000271d60 00000fff
CR0=80000013 CR2=0000000000000000 CR3=00000000001ba000 CR4=00000620
DR0=0000000000000000 DR1=0000000000000000 DR2=0000000000000000 DR3=0000000000000000 
DR6=00000000ffff0ff0 DR7=0000000000000400
CCS=0000000000000091 CCD=fffffffffd273452 CCO=EFLAGS
EFER=0000000000000500
Servicing hardware INT=0x20
   352: v=20 e=0000 i=0 cpl=0 IP=0008:0000000000111ff2 pc=0000000000111ff2 SP=0010:00000000001b9e60 env->regs[R_EAX]=0000000000222ee6
RAX=0000000000222ee6 RBX=00000000cccccccd RCX=000000000000001b RDX=00000000000003f8
RSI=0000000000000000 RDI=00000000fee00000 RBP=00000000001b9ff0 RSP=00000000001b9e60
R8 =0000000000000001 R9 =0000000000000000 R10=00000000002f7000 R11=000000000000005e
R12=0000000000000000 R13=0000000000000001 R14=0000000000000001 R15=0000000000008003
RIP=0000000000111ff2 RFL=00000297 [--S-APC] CPL=0 II=0 A20=1 SMM=0 HLT=0
ES =0010 0000000000000000 ffffffff 00cf9300 DPL=0 DS   [-WA]
CS =0008 0000000000000000 ffffffff 00af9a00 DPL=0 CS64 [-R-]
SS =0010 0000000000000000 ffffffff 00cf9300 DPL=0 DS   [-WA]
DS =0010 0000000000000000 ffffffff 00cf9300 DPL=0 DS   [-WA]
FS =0010 0000000000000000 ffffffff 00cf9300 DPL=0 DS   [-WA]
GS =0010 0000000000000000 ffffffff 00cf9300 DPL=0 DS   [-WA]
LDT=0000 0000000000000000 0000ffff 00008200 DPL=0 LDT
TR =0040 0000000000299ae0 0000006f 00208900 DPL=0 TSS64-avl
GDT=     0000000000271ce0 0000004f
IDT=     0000000000271d60 00000fff
CR0=80000013 CR2=0000000000000000 CR3=00000000001ba000 CR4=00000620
DR0=0000000000000000 DR1=0000000000000000 DR2=0000000000000000 DR3=0000000000000000 
DR6=00000000ffff0ff0 DR7=0000000000000400
CCS=0000000000000095 CCD=fffffffffd273e66 CCO=EFLAGS
EFER=0000000000000500
Servicing hardware INT=0x20
   353: v=20 e=0000 i=0 cpl=0 IP=0008:0000000000111ff2 pc=0000000000111ff2 SP=0010:00000000001b9e60 env->regs[R_EAX]=0000000000225db8
RAX=0000000000225db8 RBX=00000000cccccccd RCX=000000000000001b RDX=00000000000003f8
RSI=0000000000000000 RDI=00000000fee00000 RBP=00000000001b9ff0 RSP=00000000001b9e60
R8 =0000000000000001 R9 =0000000000000000 R10=00000000002f7000 R11=000000000000005e
R12=0000000000000000 R13=0000000000000001 R14=0000000000000001 R15=0000000000008003
RIP=0000000000111ff2 RFL=00000293 [--S-A-C] CPL=0 II=0 A20=1 SMM=0 HLT=0
ES =0010 0000000000000000 ffffffff 00cf9300 DPL=0 DS   [-WA]
CS =0008 0000000000000000 ffffffff 00af9a00 DPL=0 CS64 [-R-]
SS =0010 0000000000000000 ffffffff 00cf9300 DPL=0 DS   [-WA]
DS =0010 0000000000000000 ffffffff 00cf9300 DPL=0 DS   [-WA]
FS =0010 0000000000000000 ffffffff 00cf9300 DPL=0 DS   [-WA]
GS =0010 0000000000000000 ffffffff 00cf9300 DPL=0 DS   [-WA]
LDT=0000 0000000000000000 0000ffff 00008200 DPL=0 LDT
TR =0040 0000000000299ae0 0000006f 00208900 DPL=0 TSS64-avl
GDT=     0000000000271ce0 0000004f
IDT=     0000000000271d60 00000fff
CR0=80000013 CR2=0000000000000000 CR3=00000000001ba000 CR4=00000620
DR0=0000000000000000 DR1=0000000000000000 DR2=0000000000000000 DR3=0000000000000000 
DR6=00000000ffff0ff0 DR7=0000000000000400
CCS=0000000000000091 CCD=fffffffffd276d38 CCO=EFLAGS
EFER=0000000000000500
Servicing hardware INT=0x20
   354: v=20 e=0000 i=0 cpl=0 IP=0008:0000000000111ff2 pc=0000000000111ff2 SP=0010:00000000001b9e60 env->regs[R_EAX]=0000000000226966
RAX=0000000000226966 RBX=00000000cccccccd RCX=000000000000001b RDX=00000000000003f8
RSI=0000000000000000 RDI=00000000fee00000 RBP=00000000001b9ff0 RSP=00000000001b9e60
R8 =0000000000000001 R9 =0000000000000000 R10=00000000002f7000 R11=000000000000005e
R12=0000000000000000 R13=0000000000000001 R14=0000000000000001 R15=0000000000008003
RIP=0000000000111ff2 RFL=00000293 [--S-A-C] CPL=0 II=0 A20=1 SMM=0 HLT=0
ES =0010 0000000000000000 ffffffff 00cf9300 DPL=0 DS   [-WA]
CS =0008 0000000000000000 ffffffff 00af9a00 DPL=0 CS64 [-R-]
SS =0010 0000000000000000 ffffffff 00cf9300 DPL=0 DS   [-WA]
DS =0010 0000000000000000 ffffffff 00cf9300 DPL=0 DS   [-WA]
FS =0010 0000000000000000 ffffffff 00cf9300 DPL=0 DS   [-WA]
GS =0010 0000000000000000 ffffffff 00cf9300 DPL=0 DS   [-WA]
LDT=0000 0000000000000000 0000ffff 00008200 DPL=0 LDT
TR =0040 0000000000299ae0 0000006f 00208900 DPL=0 TSS64-avl
GDT=     0000000000271ce0 0000004f
IDT=     0000000000271d60 00000fff
CR0=80000013 CR2=0000000000000000 CR3=00000000001ba000 CR4=00000620
DR0=0000000000000000 DR1=0000000000000000 DR2=0000000000000000 DR3=0000000000000000 
DR6=00000000ffff0ff0 DR7=0000000000000400
CCS=0000000000000091 CCD=fffffffffd2778e6 CCO=EFLAGS
EFER=0000000000000500
Servicing hardware INT=0x20
   355: v=20 e=0000 i=0 cpl=0 IP=0008:0000000000111ff2 pc=0000000000111ff2 SP=0010:00000000001b9e60 env->regs[R_EAX]=000000000022a153
RAX=000000000022a153 RBX=00000000cccccccd RCX=000000000000001b RDX=00000000000003f8
RSI=0000000000000000 RDI=00000000fee00000 RBP=00000000001b9ff0 RSP=00000000001b9e60
R8 =0000000000000001 R9 =0000000000000000 R10=00000000002f7000 R11=000000000000005e
R12=0000000000000000 R13=0000000000000001 R14=0000000000000001 R15=0000000000008003
RIP=0000000000111ff2 RFL=00000293 [--S-A-C] CPL=0 II=0 A20=1 SMM=0 HLT=0
ES =0010 0000000000000000 ffffffff 00cf9300 DPL=0 DS   [-WA]
CS =0008 0000000000000000 ffffffff 00af9a00 DPL=0 CS64 [-R-]
SS =0010 0000000000000000 ffffffff 00cf9300 DPL=0 DS   [-WA]
DS =0010 0000000000000000 ffffffff 00cf9300 DPL=0 DS   [-WA]
FS =0010 0000000000000000 ffffffff 00cf9300 DPL=0 DS   [-WA]
GS =0010 0000000000000000 ffffffff 00cf9300 DPL=0 DS   [-WA]
LDT=0000 0000000000000000 0000ffff 00008200 DPL=0 LDT
TR =0040 0000000000299ae0 0000006f 00208900 DPL=0 TSS64-avl
GDT=     0000000000271ce0 0000004f
IDT=     0000000000271d60 00000fff
CR0=80000013 CR2=0000000000000000 CR3=00000000001ba000 CR4=00000620
DR0=0000000000000000 DR1=0000000000000000 DR2=0000000000000000 DR3=0000000000000000 
DR6=00000000ffff0ff0 DR7=0000000000000400
CCS=0000000000000091 CCD=fffffffffd27b0d3 CCO=EFLAGS
EFER=0000000000000500
Servicing hardware INT=0x20
   356: v=20 e=0000 i=0 cpl=0 IP=0008:0000000000111ff2 pc=0000000000111ff2 SP=0010:00000000001b9e60 env->regs[R_EAX]=000000000022a153
RAX=000000000022a153 RBX=00000000cccccccd RCX=000000000000001b RDX=00000000000003f8
RSI=0000000000000000 RDI=00000000fee00000 RBP=00000000001b9ff0 RSP=00000000001b9e60
R8 =0000000000000001 R9 =0000000000000000 R10=00000000002f7000 R11=000000000000005e
R12=0000000000000000 R13=0000000000000001 R14=0000000000000001 R15=0000000000008003
RIP=0000000000111ff2 RFL=00010293 [--S-A-C] CPL=0 II=0 A20=1 SMM=0 HLT=0
ES =0010 0000000000000000 ffffffff 00cf9300 DPL=0 DS   [-WA]
CS =0008 0000000000000000 ffffffff 00af9a00 DPL=0 CS64 [-R-]
SS =0010 0000000000000000 ffffffff 00cf9300 DPL=0 DS   [-WA]
DS =0010 0000000000000000 ffffffff 00cf9300 DPL=0 DS   [-WA]
FS =0010 0000000000000000 ffffffff 00cf9300 DPL=0 DS   [-WA]
GS =0010 0000000000000000 ffffffff 00cf9300 DPL=0 DS   [-WA]
LDT=0000 0000000000000000 0000ffff 00008200 DPL=0 LDT
TR =0040 0000000000299ae0 0000006f 00208900 DPL=0 TSS64-avl
GDT=     0000000000271ce0 0000004f
IDT=     0000000000271d60 00000fff
CR0=80000013 CR2=0000000000000000 CR3=00000000001ba000 CR4=00000620
DR0=0000000000000000 DR1=0000000000000000 DR2=0000000000000000 DR3=0000000000000000 
DR6=00000000ffff0ff0 DR7=0000000000000400
CCS=0000000000000091 CCD=00000000001b9e38 CCO=EFLAGS
EFER=0000000000000500
Servicing hardware INT=0x20
   357: v=20 e=0000 i=0 cpl=0 IP=0008:0000000000111ff2 pc=0000000000111ff2 SP=0010:00000000001b9e60 env->regs[R_EAX]=000000000022d378
RAX=000000000022d378 RBX=00000000cccccccd RCX=000000000000001b RDX=00000000000003f8
RSI=0000000000000000 RDI=00000000fee00000 RBP=00000000001b9ff0 RSP=00000000001b9e60
R8 =0000000000000001 R9 =0000000000000000 R10=00000000002f7000 R11=000000000000005e
R12=0000000000000000 R13=0000000000000001 R14=0000000000000001 R15=0000000000008003
RIP=0000000000111ff2 RFL=00000293 [--S-A-C] CPL=0 II=0 A20=1 SMM=0 HLT=0
ES =0010 0000000000000000 ffffffff 00cf9300 DPL=0 DS   [-WA]
CS =0008 0000000000000000 ffffffff 00af9a00 DPL=0 CS64 [-R-]
SS =0010 0000000000000000 ffffffff 00cf9300 DPL=0 DS   [-WA]
DS =0010 0000000000000000 ffffffff 00cf9300 DPL=0 DS   [-WA]
FS =0010 0000000000000000 ffffffff 00cf9300 DPL=0 DS   [-WA]
GS =0010 0000000000000000 ffffffff 00cf9300 DPL=0 DS   [-WA]
LDT=0000 0000000000000000 0000ffff 00008200 DPL=0 LDT
TR =0040 0000000000299ae0 0000006f 00208900 DPL=0 TSS64-avl
GDT=     0000000000271ce0 0000004f
IDT=     0000000000271d60 00000fff
CR0=80000013 CR2=0000000000000000 CR3=00000000001ba000 CR4=00000620
DR0=0000000000000000 DR1=0000000000000000 DR2=0000000000000000 DR3=0000000000000000 
DR6=00000000ffff0ff0 DR7=0000000000000400
CCS=0000000000000091 CCD=fffffffffd27e2f8 CCO=EFLAGS
EFER=0000000000000500
Servicing hardware INT=0x20
   358: v=20 e=0000 i=0 cpl=0 IP=0008:0000000000111ff2 pc=0000000000111ff2 SP=0010:00000000001b9e60 env->regs[R_EAX]=000000000022dd86
RAX=000000000022dd86 RBX=00000000cccccccd RCX=000000000000001b RDX=00000000000003f8
RSI=0000000000000000 RDI=00000000fee00000 RBP=00000000001b9ff0 RSP=00000000001b9e60
R8 =0000000000000001 R9 =0000000000000000 R10=00000000002f7000 R11=000000000000005e
R12=0000000000000000 R13=0000000000000001 R14=0000000000000001 R15=0000000000008003
RIP=0000000000111ff2 RFL=00000297 [--S-APC] CPL=0 II=0 A20=1 SMM=0 HLT=0
ES =0010 0000000000000000 ffffffff 00cf9300 DPL=0 DS   [-WA]
CS =0008 0000000000000000 ffffffff 00af9a00 DPL=0 CS64 [-R-]
SS =0010 0000000000000000 ffffffff 00cf9300 DPL=0 DS   [-WA]
DS =0010 0000000000000000 ffffffff 00cf9300 DPL=0 DS   [-WA]
FS =0010 0000000000000000 ffffffff 00cf9300 DPL=0 DS   [-WA]
GS =0010 0000000000000000 ffffffff 00cf9300 DPL=0 DS   [-WA]
LDT=0000 0000000000000000 0000ffff 00008200 DPL=0 LDT
TR =0040 0000000000299ae0 0000006f 00208900 DPL=0 TSS64-avl
GDT=     0000000000271ce0 0000004f
IDT=     0000000000271d60 00000fff
CR0=80000013 CR2=0000000000000000 CR3=00000000001ba000 CR4=00000620
DR0=0000000000000000 DR1=0000000000000000 DR2=0000000000000000 DR3=0000000000000000 
DR6=00000000ffff0ff0 DR7=0000000000000400
CCS=0000000000000095 CCD=fffffffffd27ed06 CCO=EFLAGS
EFER=0000000000000500
Servicing hardware INT=0x20
   359: v=20 e=0000 i=0 cpl=0 IP=0008:0000000000111ff2 pc=0000000000111ff2 SP=0010:00000000001b9e60 env->regs[R_EAX]=00000000002309de
RAX=00000000002309de RBX=00000000cccccccd RCX=000000000000001b RDX=00000000000003f8
RSI=0000000000000000 RDI=00000000fee00000 RBP=00000000001b9ff0 RSP=00000000001b9e60
R8 =0000000000000001 R9 =0000000000000000 R10=00000000002f7000 R11=000000000000005e
R12=0000000000000000 R13=0000000000000001 R14=0000000000000001 R15=0000000000008003
RIP=0000000000111ff2 RFL=00000293 [--S-A-C] CPL=0 II=0 A20=1 SMM=0 HLT=0
ES =0010 0000000000000000 ffffffff 00cf9300 DPL=0 DS   [-WA]
CS =0008 0000000000000000 ffffffff 00af9a00 DPL=0 CS64 [-R-]
SS =0010 0000000000000000 ffffffff 00cf9300 DPL=0 DS   [-WA]
DS =0010 0000000000000000 ffffffff 00cf9300 DPL=0 DS   [-WA]
FS =0010 0000000000000000 ffffffff 00cf9300 DPL=0 DS   [-WA]
GS =0010 0000000000000000 ffffffff 00cf9300 DPL=0 DS   [-WA]
LDT=0000 0000000000000000 0000ffff 00008200 DPL=0 LDT
TR =0040 0000000000299ae0 0000006f 00208900 DPL=0 TSS64-avl
GDT=     0000000000271ce0 0000004f
IDT=     0000000000271d60 00000fff
CR0=80000013 CR2=0000000000000000 CR3=00000000001ba000 CR4=00000620
DR0=0000000000000000 DR1=0000000000000000 DR2=0000000000000000 DR3=0000000000000000 
DR6=00000000ffff0ff0 DR7=0000000000000400
CCS=0000000000000091 CCD=fffffffffd28195e CCO=EFLAGS
EFER=0000000000000500
Servicing hardware INT=0x20
   360: v=20 e=0000 i=0 cpl=0 IP=0008:0000000000111ff2 pc=0000000000111ff2 SP=0010:00000000001b9e60 env->regs[R_EAX]=00000000002315f7
RAX=00000000002315f7 RBX=00000000cccccccd RCX=000000000000001b RDX=00000000000003f8
RSI=0000000000000000 RDI=00000000fee00000 RBP=00000000001b9ff0 RSP=00000000001b9e60
R8 =0000000000000001 R9 =0000000000000000 R10=00000000002f7000 R11=000000000000005e
R12=0000000000000000 R13=0000000000000001 R14=0000000000000001 R15=0000000000008003
RIP=0000000000111ff2 RFL=00000297 [--S-APC] CPL=0 II=0 A20=1 SMM=0 HLT=0
ES =0010 0000000000000000 ffffffff 00cf9300 DPL=0 DS   [-WA]
CS =0008 0000000000000000 ffffffff 00af9a00 DPL=0 CS64 [-R-]
SS =0010 0000000000000000 ffffffff 00cf9300 DPL=0 DS   [-WA]
DS =0010 0000000000000000 ffffffff 00cf9300 DPL=0 DS   [-WA]
FS =0010 0000000000000000 ffffffff 00cf9300 DPL=0 DS   [-WA]
GS =0010 0000000000000000 ffffffff 00cf9300 DPL=0 DS   [-WA]
LDT=0000 0000000000000000 0000ffff 00008200 DPL=0 LDT
TR =0040 0000000000299ae0 0000006f 00208900 DPL=0 TSS64-avl
GDT=     0000000000271ce0 0000004f
IDT=     0000000000271d60 00000fff
CR0=80000013 CR2=0000000000000000 CR3=00000000001ba000 CR4=00000620
DR0=0000000000000000 DR1=0000000000000000 DR2=0000000000000000 DR3=0000000000000000 
DR6=00000000ffff0ff0 DR7=0000000000000400
CCS=0000000000000095 CCD=fffffffffd282577 CCO=EFLAGS
EFER=0000000000000500
Servicing hardware INT=0x20
   361: v=20 e=0000 i=0 cpl=0 IP=0008:0000000000111ff2 pc=0000000000111ff2 SP=0010:00000000001b9e60 env->regs[R_EAX]=0000000000234582
RAX=0000000000234582 RBX=00000000cccccccd RCX=000000000000001b RDX=00000000000003f8
RSI=0000000000000000 RDI=00000000fee00000 RBP=00000000001b9ff0 RSP=00000000001b9e60
R8 =0000000000000001 R9 =0000000000000000 R10=00000000002f7000 R11=000000000000005e
R12=0000000000000000 R13=0000000000000001 R14=0000000000000001 R15=0000000000008003
RIP=0000000000111ff2 RFL=00000293 [--S-A-C] CPL=0 II=0 A20=1 SMM=0 HLT=0
ES =0010 0000000000000000 ffffffff 00cf9300 DPL=0 DS   [-WA]
CS =0008 0000000000000000 ffffffff 00af9a00 DPL=0 CS64 [-R-]
SS =0010 0000000000000000 ffffffff 00cf9300 DPL=0 DS   [-WA]
DS =0010 0000000000000000 ffffffff 00cf9300 DPL=0 DS   [-WA]
FS =0010 0000000000000000 ffffffff 00cf9300 DPL=0 DS   [-WA]
GS =0010 0000000000000000 ffffffff 00cf9300 DPL=0 DS   [-WA]
LDT=0000 0000000000000000 0000ffff 00008200 DPL=0 LDT
TR =0040 0000000000299ae0 0000006f 00208900 DPL=0 TSS64-avl
GDT=     0000000000271ce0 0000004f
IDT=     0000000000271d60 00000fff
CR0=80000013 CR2=0000000000000000 CR3=00000000001ba000 CR4=00000620
DR0=0000000000000000 DR1=0000000000000000 DR2=0000000000000000 DR3=0000000000000000 
DR6=00000000ffff0ff0 DR7=0000000000000400
CCS=0000000000000091 CCD=fffffffffd285502 CCO=EFLAGS
EFER=0000000000000500
Servicing hardware INT=0x20
   362: v=20 e=0000 i=0 cpl=0 IP=0008:0000000000111ff2 pc=0000000000111ff2 SP=0010:00000000001b9e60 env->regs[R_EAX]=0000000000235218
RAX=0000000000235218 RBX=00000000cccccccd RCX=000000000000001b RDX=00000000000003f8
RSI=0000000000000000 RDI=00000000fee00000 RBP=00000000001b9ff0 RSP=00000000001b9e60
R8 =0000000000000001 R9 =0000000000000000 R10=00000000002f7000 R11=000000000000005e
R12=0000000000000000 R13=0000000000000001 R14=0000000000000001 R15=0000000000008003
RIP=0000000000111ff2 RFL=00000293 [--S-A-C] CPL=0 II=0 A20=1 SMM=0 HLT=0
ES =0010 0000000000000000 ffffffff 00cf9300 DPL=0 DS   [-WA]
CS =0008 0000000000000000 ffffffff 00af9a00 DPL=0 CS64 [-R-]
SS =0010 0000000000000000 ffffffff 00cf9300 DPL=0 DS   [-WA]
DS =0010 0000000000000000 ffffffff 00cf9300 DPL=0 DS   [-WA]
FS =0010 0000000000000000 ffffffff 00cf9300 DPL=0 DS   [-WA]
GS =0010 0000000000000000 ffffffff 00cf9300 DPL=0 DS   [-WA]
LDT=0000 0000000000000000 0000ffff 00008200 DPL=0 LDT
TR =0040 0000000000299ae0 0000006f 00208900 DPL=0 TSS64-avl
GDT=     0000000000271ce0 0000004f
IDT=     0000000000271d60 00000fff
CR0=80000013 CR2=0000000000000000 CR3=00000000001ba000 CR4=00000620
DR0=0000000000000000 DR1=0000000000000000 DR2=0000000000000000 DR3=0000000000000000 
DR6=00000000ffff0ff0 DR7=0000000000000400
CCS=0000000000000091 CCD=fffffffffd286198 CCO=EFLAGS
EFER=0000000000000500
Servicing hardware INT=0x20
   363: v=20 e=0000 i=0 cpl=0 IP=0008:0000000000111ff2 pc=0000000000111ff2 SP=0010:00000000001b9e60 env->regs[R_EAX]=00000000002380f5
RAX=00000000002380f5 RBX=00000000cccccccd RCX=000000000000001b RDX=00000000000003f8
RSI=0000000000000000 RDI=00000000fee00000 RBP=00000000001b9ff0 RSP=00000000001b9e60
R8 =0000000000000001 R9 =0000000000000000 R10=00000000002f7000 R11=000000000000005e
R12=0000000000000000 R13=0000000000000001 R14=0000000000000001 R15=0000000000008003
RIP=0000000000111ff2 RFL=00000293 [--S-A-C] CPL=0 II=0 A20=1 SMM=0 HLT=0
ES =0010 0000000000000000 ffffffff 00cf9300 DPL=0 DS   [-WA]
CS =0008 0000000000000000 ffffffff 00af9a00 DPL=0 CS64 [-R-]
SS =0010 0000000000000000 ffffffff 00cf9300 DPL=0 DS   [-WA]
DS =0010 0000000000000000 ffffffff 00cf9300 DPL=0 DS   [-WA]
FS =0010 0000000000000000 ffffffff 00cf9300 DPL=0 DS   [-WA]
GS =0010 0000000000000000 ffffffff 00cf9300 DPL=0 DS   [-WA]
LDT=0000 0000000000000000 0000ffff 00008200 DPL=0 LDT
TR =0040 0000000000299ae0 0000006f 00208900 DPL=0 TSS64-avl
GDT=     0000000000271ce0 0000004f
IDT=     0000000000271d60 00000fff
CR0=80000013 CR2=0000000000000000 CR3=00000000001ba000 CR4=00000620
DR0=0000000000000000 DR1=0000000000000000 DR2=0000000000000000 DR3=0000000000000000 
DR6=00000000ffff0ff0 DR7=0000000000000400
CCS=0000000000000091 CCD=fffffffffd289075 CCO=EFLAGS
EFER=0000000000000500
Servicing hardware INT=0x20
   364: v=20 e=0000 i=0 cpl=0 IP=0008:0000000000111ff2 pc=0000000000111ff2 SP=0010:00000000001b9e60 env->regs[R_EAX]=0000000000238c86
RAX=0000000000238c86 RBX=00000000cccccccd RCX=000000000000001b RDX=00000000000003f8
RSI=0000000000000000 RDI=00000000fee00000 RBP=00000000001b9ff0 RSP=00000000001b9e60
R8 =0000000000000001 R9 =0000000000000000 R10=00000000002f7000 R11=000000000000005e
R12=0000000000000000 R13=0000000000000001 R14=0000000000000001 R15=0000000000008003
RIP=0000000000111ff2 RFL=00000297 [--S-APC] CPL=0 II=0 A20=1 SMM=0 HLT=0
ES =0010 0000000000000000 ffffffff 00cf9300 DPL=0 DS   [-WA]
CS =0008 0000000000000000 ffffffff 00af9a00 DPL=0 CS64 [-R-]
SS =0010 0000000000000000 ffffffff 00cf9300 DPL=0 DS   [-WA]
DS =0010 0000000000000000 ffffffff 00cf9300 DPL=0 DS   [-WA]
FS =0010 0000000000000000 ffffffff 00cf9300 DPL=0 DS   [-WA]
GS =0010 0000000000000000 ffffffff 00cf9300 DPL=0 DS   [-WA]
LDT=0000 0000000000000000 0000ffff 00008200 DPL=0 LDT
TR =0040 0000000000299ae0 0000006f 00208900 DPL=0 TSS64-avl
GDT=     0000000000271ce0 0000004f
IDT=     0000000000271d60 00000fff
CR0=80000013 CR2=0000000000000000 CR3=00000000001ba000 CR4=00000620
DR0=0000000000000000 DR1=0000000000000000 DR2=0000000000000000 DR3=0000000000000000 
DR6=00000000ffff0ff0 DR7=0000000000000400
CCS=0000000000000095 CCD=fffffffffd289c06 CCO=EFLAGS
EFER=0000000000000500
Servicing hardware INT=0x20
   365: v=20 e=0000 i=0 cpl=0 IP=0008:0000000000111ff2 pc=0000000000111ff2 SP=0010:00000000001b9e60 env->regs[R_EAX]=000000000023ba88
RAX=000000000023ba88 RBX=00000000cccccccd RCX=000000000000001b RDX=00000000000003f8
RSI=0000000000000000 RDI=00000000fee00000 RBP=00000000001b9ff0 RSP=00000000001b9e60
R8 =0000000000000001 R9 =0000000000000000 R10=00000000002f7000 R11=000000000000005e
R12=0000000000000000 R13=0000000000000001 R14=0000000000000001 R15=0000000000008003
RIP=0000000000111ff2 RFL=00000293 [--S-A-C] CPL=0 II=0 A20=1 SMM=0 HLT=0
ES =0010 0000000000000000 ffffffff 00cf9300 DPL=0 DS   [-WA]
CS =0008 0000000000000000 ffffffff 00af9a00 DPL=0 CS64 [-R-]
SS =0010 0000000000000000 ffffffff 00cf9300 DPL=0 DS   [-WA]
DS =0010 0000000000000000 ffffffff 00cf9300 DPL=0 DS   [-WA]
FS =0010 0000000000000000 ffffffff 00cf9300 DPL=0 DS   [-WA]
GS =0010 0000000000000000 ffffffff 00cf9300 DPL=0 DS   [-WA]
LDT=0000 0000000000000000 0000ffff 00008200 DPL=0 LDT
TR =0040 0000000000299ae0 0000006f 00208900 DPL=0 TSS64-avl
GDT=     0000000000271ce0 0000004f
IDT=     0000000000271d60 00000fff
CR0=80000013 CR2=0000000000000000 CR3=00000000001ba000 CR4=00000620
DR0=0000000000000000 DR1=0000000000000000 DR2=0000000000000000 DR3=0000000000000000 
DR6=00000000ffff0ff0 DR7=0000000000000400
CCS=0000000000000091 CCD=fffffffffd28ca08 CCO=EFLAGS
EFER=0000000000000500
Servicing hardware INT=0x20
   366: v=20 e=0000 i=0 cpl=0 IP=0008:0000000000111ff2 pc=0000000000111ff2 SP=0010:00000000001b9e60 env->regs[R_EAX]=000000000023c615
RAX=000000000023c615 RBX=00000000cccccccd RCX=000000000000001b RDX=00000000000003f8
RSI=0000000000000000 RDI=00000000fee00000 RBP=00000000001b9ff0 RSP=00000000001b9e60
R8 =0000000000000001 R9 =0000000000000000 R10=00000000002f7000 R11=000000000000005e
R12=0000000000000000 R13=0000000000000001 R14=0000000000000001 R15=0000000000008003
RIP=0000000000111ff2 RFL=00000297 [--S-APC] CPL=0 II=0 A20=1 SMM=0 HLT=0
ES =0010 0000000000000000 ffffffff 00cf9300 DPL=0 DS   [-WA]
CS =0008 0000000000000000 ffffffff 00af9a00 DPL=0 CS64 [-R-]
SS =0010 0000000000000000 ffffffff 00cf9300 DPL=0 DS   [-WA]
DS =0010 0000000000000000 ffffffff 00cf9300 DPL=0 DS   [-WA]
FS =0010 0000000000000000 ffffffff 00cf9300 DPL=0 DS   [-WA]
GS =0010 0000000000000000 ffffffff 00cf9300 DPL=0 DS   [-WA]
LDT=0000 0000000000000000 0000ffff 00008200 DPL=0 LDT
TR =0040 0000000000299ae0 0000006f 00208900 DPL=0 TSS64-avl
GDT=     0000000000271ce0 0000004f
IDT=     0000000000271d60 00000fff
CR0=80000013 CR2=0000000000000000 CR3=00000000001ba000 CR4=00000620
DR0=0000000000000000 DR1=0000000000000000 DR2=0000000000000000 DR3=0000000000000000 
DR6=00000000ffff0ff0 DR7=0000000000000400
CCS=0000000000000095 CCD=fffffffffd28d595 CCO=EFLAGS
EFER=0000000000000500
Servicing hardware INT=0x20
   367: v=20 e=0000 i=0 cpl=0 IP=0008:0000000000111ff2 pc=0000000000111ff2 SP=0010:00000000001b9e60 env->regs[R_EAX]=000000000023f4eb
RAX=000000000023f4eb RBX=00000000cccccccd RCX=000000000000001b RDX=00000000000003f8
RSI=0000000000000000 RDI=00000000fee00000 RBP=00000000001b9ff0 RSP=00000000001b9e60
R8 =0000000000000001 R9 =0000000000000000 R10=00000000002f7000 R11=000000000000005e
R12=0000000000000000 R13=0000000000000001 R14=0000000000000001 R15=0000000000008003
RIP=0000000000111ff2 RFL=00000293 [--S-A-C] CPL=0 II=0 A20=1 SMM=0 HLT=0
ES =0010 0000000000000000 ffffffff 00cf9300 DPL=0 DS   [-WA]
CS =0008 0000000000000000 ffffffff 00af9a00 DPL=0 CS64 [-R-]
SS =0010 0000000000000000 ffffffff 00cf9300 DPL=0 DS   [-WA]
DS =0010 0000000000000000 ffffffff 00cf9300 DPL=0 DS   [-WA]
FS =0010 0000000000000000 ffffffff 00cf9300 DPL=0 DS   [-WA]
GS =0010 0000000000000000 ffffffff 00cf9300 DPL=0 DS   [-WA]
LDT=0000 0000000000000000 0000ffff 00008200 DPL=0 LDT
TR =0040 0000000000299ae0 0000006f 00208900 DPL=0 TSS64-avl
GDT=     0000000000271ce0 0000004f
IDT=     0000000000271d60 00000fff
CR0=80000013 CR2=0000000000000000 CR3=00000000001ba000 CR4=00000620
DR0=0000000000000000 DR1=0000000000000000 DR2=0000000000000000 DR3=0000000000000000 
DR6=00000000ffff0ff0 DR7=0000000000000400
CCS=0000000000000091 CCD=fffffffffd29046b CCO=EFLAGS
EFER=0000000000000500
Servicing hardware INT=0x20
   368: v=20 e=0000 i=0 cpl=0 IP=0008:0000000000111ff2 pc=0000000000111ff2 SP=0010:00000000001b9e60 env->regs[R_EAX]=000000000024001b
RAX=000000000024001b RBX=00000000cccccccd RCX=000000000000001b RDX=00000000000003f8
RSI=0000000000000000 RDI=00000000fee00000 RBP=00000000001b9ff0 RSP=00000000001b9e60
R8 =0000000000000001 R9 =0000000000000000 R10=00000000002f7000 R11=000000000000005e
R12=0000000000000000 R13=0000000000000001 R14=0000000000000001 R15=0000000000008003
RIP=0000000000111ff2 RFL=00000293 [--S-A-C] CPL=0 II=0 A20=1 SMM=0 HLT=0
ES =0010 0000000000000000 ffffffff 00cf9300 DPL=0 DS   [-WA]
CS =0008 0000000000000000 ffffffff 00af9a00 DPL=0 CS64 [-R-]
SS =0010 0000000000000000 ffffffff 00cf9300 DPL=0 DS   [-WA]
DS =0010 0000000000000000 ffffffff 00cf9300 DPL=0 DS   [-WA]
FS =0010 0000000000000000 ffffffff 00cf9300 DPL=0 DS   [-WA]
GS =0010 0000000000000000 ffffffff 00cf9300 DPL=0 DS   [-WA]
LDT=0000 0000000000000000 0000ffff 00008200 DPL=0 LDT
TR =0040 0000000000299ae0 0000006f 00208900 DPL=0 TSS64-avl
GDT=     0000000000271ce0 0000004f
IDT=     0000000000271d60 00000fff
CR0=80000013 CR2=0000000000000000 CR3=00000000001ba000 CR4=00000620
DR0=0000000000000000 DR1=0000000000000000 DR2=0000000000000000 DR3=0000000000000000 
DR6=00000000ffff0ff0 DR7=0000000000000400
CCS=0000000000000091 CCD=fffffffffd290f9b CCO=EFLAGS
EFER=0000000000000500
Servicing hardware INT=0x20
   369: v=20 e=0000 i=0 cpl=0 IP=0008:0000000000111ff2 pc=0000000000111ff2 SP=0010:00000000001b9e60 env->regs[R_EAX]=0000000000242baf
RAX=0000000000242baf RBX=00000000cccccccd RCX=000000000000001b RDX=00000000000003f8
RSI=0000000000000000 RDI=00000000fee00000 RBP=00000000001b9ff0 RSP=00000000001b9e60
R8 =0000000000000001 R9 =0000000000000000 R10=00000000002f7000 R11=000000000000005e
R12=0000000000000000 R13=0000000000000001 R14=0000000000000001 R15=0000000000008003
RIP=0000000000111ff2 RFL=00000293 [--S-A-C] CPL=0 II=0 A20=1 SMM=0 HLT=0
ES =0010 0000000000000000 ffffffff 00cf9300 DPL=0 DS   [-WA]
CS =0008 0000000000000000 ffffffff 00af9a00 DPL=0 CS64 [-R-]
SS =0010 0000000000000000 ffffffff 00cf9300 DPL=0 DS   [-WA]
DS =0010 0000000000000000 ffffffff 00cf9300 DPL=0 DS   [-WA]
FS =0010 0000000000000000 ffffffff 00cf9300 DPL=0 DS   [-WA]
GS =0010 0000000000000000 ffffffff 00cf9300 DPL=0 DS   [-WA]
LDT=0000 0000000000000000 0000ffff 00008200 DPL=0 LDT
TR =0040 0000000000299ae0 0000006f 00208900 DPL=0 TSS64-avl
GDT=     0000000000271ce0 0000004f
IDT=     0000000000271d60 00000fff
CR0=80000013 CR2=0000000000000000 CR3=00000000001ba000 CR4=00000620
DR0=0000000000000000 DR1=0000000000000000 DR2=0000000000000000 DR3=0000000000000000 
DR6=00000000ffff0ff0 DR7=0000000000000400
CCS=0000000000000091 CCD=fffffffffd293b2f CCO=EFLAGS
EFER=0000000000000500
Servicing hardware INT=0x20
   370: v=20 e=0000 i=0 cpl=0 IP=0008:0000000000111ff2 pc=0000000000111ff2 SP=0010:00000000001b9e60 env->regs[R_EAX]=00000000002437f4
RAX=00000000002437f4 RBX=00000000cccccccd RCX=000000000000001b RDX=00000000000003f8
RSI=0000000000000000 RDI=00000000fee00000 RBP=00000000001b9ff0 RSP=00000000001b9e60
R8 =0000000000000001 R9 =0000000000000000 R10=00000000002f7000 R11=000000000000005e
R12=0000000000000000 R13=0000000000000001 R14=0000000000000001 R15=0000000000008003
RIP=0000000000111ff2 RFL=00000297 [--S-APC] CPL=0 II=0 A20=1 SMM=0 HLT=0
ES =0010 0000000000000000 ffffffff 00cf9300 DPL=0 DS   [-WA]
CS =0008 0000000000000000 ffffffff 00af9a00 DPL=0 CS64 [-R-]
SS =0010 0000000000000000 ffffffff 00cf9300 DPL=0 DS   [-WA]
DS =0010 0000000000000000 ffffffff 00cf9300 DPL=0 DS   [-WA]
FS =0010 0000000000000000 ffffffff 00cf9300 DPL=0 DS   [-WA]
GS =0010 0000000000000000 ffffffff 00cf9300 DPL=0 DS   [-WA]
LDT=0000 0000000000000000 0000ffff 00008200 DPL=0 LDT
TR =0040 0000000000299ae0 0000006f 00208900 DPL=0 TSS64-avl
GDT=     0000000000271ce0 0000004f
IDT=     0000000000271d60 00000fff
CR0=80000013 CR2=0000000000000000 CR3=00000000001ba000 CR4=00000620
DR0=0000000000000000 DR1=0000000000000000 DR2=0000000000000000 DR3=0000000000000000 
DR6=00000000ffff0ff0 DR7=0000000000000400
CCS=0000000000000095 CCD=fffffffffd294774 CCO=EFLAGS
EFER=0000000000000500
Servicing hardware INT=0x20
   371: v=20 e=0000 i=0 cpl=0 IP=0008:0000000000111ff2 pc=0000000000111ff2 SP=0010:00000000001b9e60 env->regs[R_EAX]=000000000024673b
RAX=000000000024673b RBX=00000000cccccccd RCX=000000000000001b RDX=00000000000003f8
RSI=0000000000000000 RDI=00000000fee00000 RBP=00000000001b9ff0 RSP=00000000001b9e60
R8 =0000000000000001 R9 =0000000000000000 R10=00000000002f7000 R11=000000000000005e
R12=0000000000000000 R13=0000000000000001 R14=0000000000000001 R15=0000000000008003
RIP=0000000000111ff2 RFL=00000297 [--S-APC] CPL=0 II=0 A20=1 SMM=0 HLT=0
ES =0010 0000000000000000 ffffffff 00cf9300 DPL=0 DS   [-WA]
CS =0008 0000000000000000 ffffffff 00af9a00 DPL=0 CS64 [-R-]
SS =0010 0000000000000000 ffffffff 00cf9300 DPL=0 DS   [-WA]
DS =0010 0000000000000000 ffffffff 00cf9300 DPL=0 DS   [-WA]
FS =0010 0000000000000000 ffffffff 00cf9300 DPL=0 DS   [-WA]
GS =0010 0000000000000000 ffffffff 00cf9300 DPL=0 DS   [-WA]
LDT=0000 0000000000000000 0000ffff 00008200 DPL=0 LDT
TR =0040 0000000000299ae0 0000006f 00208900 DPL=0 TSS64-avl
GDT=     0000000000271ce0 0000004f
IDT=     0000000000271d60 00000fff
CR0=80000013 CR2=0000000000000000 CR3=00000000001ba000 CR4=00000620
DR0=0000000000000000 DR1=0000000000000000 DR2=0000000000000000 DR3=0000000000000000 
DR6=00000000ffff0ff0 DR7=0000000000000400
CCS=0000000000000095 CCD=fffffffffd2976bb CCO=EFLAGS
EFER=0000000000000500
Servicing hardware INT=0x20
   372: v=20 e=0000 i=0 cpl=0 IP=0008:0000000000111ff2 pc=0000000000111ff2 SP=0010:00000000001b9e60 env->regs[R_EAX]=0000000000247415
RAX=0000000000247415 RBX=00000000cccccccd RCX=000000000000001b RDX=00000000000003f8
RSI=0000000000000000 RDI=00000000fee00000 RBP=00000000001b9ff0 RSP=00000000001b9e60
R8 =0000000000000001 R9 =0000000000000000 R10=00000000002f7000 R11=000000000000005e
R12=0000000000000000 R13=0000000000000001 R14=0000000000000001 R15=0000000000008003
RIP=0000000000111ff2 RFL=00000297 [--S-APC] CPL=0 II=0 A20=1 SMM=0 HLT=0
ES =0010 0000000000000000 ffffffff 00cf9300 DPL=0 DS   [-WA]
CS =0008 0000000000000000 ffffffff 00af9a00 DPL=0 CS64 [-R-]
SS =0010 0000000000000000 ffffffff 00cf9300 DPL=0 DS   [-WA]
DS =0010 0000000000000000 ffffffff 00cf9300 DPL=0 DS   [-WA]
FS =0010 0000000000000000 ffffffff 00cf9300 DPL=0 DS   [-WA]
GS =0010 0000000000000000 ffffffff 00cf9300 DPL=0 DS   [-WA]
LDT=0000 0000000000000000 0000ffff 00008200 DPL=0 LDT
TR =0040 0000000000299ae0 0000006f 00208900 DPL=0 TSS64-avl
GDT=     0000000000271ce0 0000004f
IDT=     0000000000271d60 00000fff
CR0=80000013 CR2=0000000000000000 CR3=00000000001ba000 CR4=00000620
DR0=0000000000000000 DR1=0000000000000000 DR2=0000000000000000 DR3=0000000000000000 
DR6=00000000ffff0ff0 DR7=0000000000000400
CCS=0000000000000095 CCD=fffffffffd298395 CCO=EFLAGS
EFER=0000000000000500
Servicing hardware INT=0x20
   373: v=20 e=0000 i=0 cpl=0 IP=0008:0000000000111ff2 pc=0000000000111ff2 SP=0010:00000000001b9e60 env->regs[R_EAX]=000000000024a36e
RAX=000000000024a36e RBX=00000000cccccccd RCX=000000000000001b RDX=00000000000003f8
RSI=0000000000000000 RDI=00000000fee00000 RBP=00000000001b9ff0 RSP=00000000001b9e60
R8 =0000000000000001 R9 =0000000000000000 R10=00000000002f7000 R11=000000000000005e
R12=0000000000000000 R13=0000000000000001 R14=0000000000000001 R15=0000000000008003
RIP=0000000000111ff2 RFL=00000297 [--S-APC] CPL=0 II=0 A20=1 SMM=0 HLT=0
ES =0010 0000000000000000 ffffffff 00cf9300 DPL=0 DS   [-WA]
CS =0008 0000000000000000 ffffffff 00af9a00 DPL=0 CS64 [-R-]
SS =0010 0000000000000000 ffffffff 00cf9300 DPL=0 DS   [-WA]
DS =0010 0000000000000000 ffffffff 00cf9300 DPL=0 DS   [-WA]
FS =0010 0000000000000000 ffffffff 00cf9300 DPL=0 DS   [-WA]
GS =0010 0000000000000000 ffffffff 00cf9300 DPL=0 DS   [-WA]
LDT=0000 0000000000000000 0000ffff 00008200 DPL=0 LDT
TR =0040 0000000000299ae0 0000006f 00208900 DPL=0 TSS64-avl
GDT=     0000000000271ce0 0000004f
IDT=     0000000000271d60 00000fff
CR0=80000013 CR2=0000000000000000 CR3=00000000001ba000 CR4=00000620
DR0=0000000000000000 DR1=0000000000000000 DR2=0000000000000000 DR3=0000000000000000 
DR6=00000000ffff0ff0 DR7=0000000000000400
CCS=0000000000000095 CCD=fffffffffd29b2ee CCO=EFLAGS
EFER=0000000000000500
Servicing hardware INT=0x20
   374: v=20 e=0000 i=0 cpl=0 IP=0008:0000000000111ff2 pc=0000000000111ff2 SP=0010:00000000001b9e60 env->regs[R_EAX]=000000000024b0a0
RAX=000000000024b0a0 RBX=00000000cccccccd RCX=000000000000001b RDX=00000000000003f8
RSI=0000000000000000 RDI=00000000fee00000 RBP=00000000001b9ff0 RSP=00000000001b9e60
R8 =0000000000000001 R9 =0000000000000000 R10=00000000002f7000 R11=000000000000005e
R12=0000000000000000 R13=0000000000000001 R14=0000000000000001 R15=0000000000008003
RIP=0000000000111ff2 RFL=00000283 [--S---C] CPL=0 II=0 A20=1 SMM=0 HLT=0
ES =0010 0000000000000000 ffffffff 00cf9300 DPL=0 DS   [-WA]
CS =0008 0000000000000000 ffffffff 00af9a00 DPL=0 CS64 [-R-]
SS =0010 0000000000000000 ffffffff 00cf9300 DPL=0 DS   [-WA]
DS =0010 0000000000000000 ffffffff 00cf9300 DPL=0 DS   [-WA]
FS =0010 0000000000000000 ffffffff 00cf9300 DPL=0 DS   [-WA]
GS =0010 0000000000000000 ffffffff 00cf9300 DPL=0 DS   [-WA]
LDT=0000 0000000000000000 0000ffff 00008200 DPL=0 LDT
TR =0040 0000000000299ae0 0000006f 00208900 DPL=0 TSS64-avl
GDT=     0000000000271ce0 0000004f
IDT=     0000000000271d60 00000fff
CR0=80000013 CR2=0000000000000000 CR3=00000000001ba000 CR4=00000620
DR0=0000000000000000 DR1=0000000000000000 DR2=0000000000000000 DR3=0000000000000000 
DR6=00000000ffff0ff0 DR7=0000000000000400
CCS=0000000000000081 CCD=fffffffffd29c020 CCO=EFLAGS
EFER=0000000000000500
Servicing hardware INT=0x20
   375: v=20 e=0000 i=0 cpl=0 IP=0008:0000000000111ff2 pc=0000000000111ff2 SP=0010:00000000001b9e60 env->regs[R_EAX]=000000000024e0d0
RAX=000000000024e0d0 RBX=00000000cccccccd RCX=000000000000001b RDX=00000000000003f8
RSI=0000000000000000 RDI=00000000fee00000 RBP=00000000001b9ff0 RSP=00000000001b9e60
R8 =0000000000000001 R9 =0000000000000000 R10=00000000002f7000 R11=000000000000005e
R12=0000000000000000 R13=0000000000000001 R14=0000000000000001 R15=0000000000008003
RIP=0000000000111ff2 RFL=00000287 [--S--PC] CPL=0 II=0 A20=1 SMM=0 HLT=0
ES =0010 0000000000000000 ffffffff 00cf9300 DPL=0 DS   [-WA]
CS =0008 0000000000000000 ffffffff 00af9a00 DPL=0 CS64 [-R-]
SS =0010 0000000000000000 ffffffff 00cf9300 DPL=0 DS   [-WA]
DS =0010 0000000000000000 ffffffff 00cf9300 DPL=0 DS   [-WA]
FS =0010 0000000000000000 ffffffff 00cf9300 DPL=0 DS   [-WA]
GS =0010 0000000000000000 ffffffff 00cf9300 DPL=0 DS   [-WA]
LDT=0000 0000000000000000 0000ffff 00008200 DPL=0 LDT
TR =0040 0000000000299ae0 0000006f 00208900 DPL=0 TSS64-avl
GDT=     0000000000271ce0 0000004f
IDT=     0000000000271d60 00000fff
CR0=80000013 CR2=0000000000000000 CR3=00000000001ba000 CR4=00000620
DR0=0000000000000000 DR1=0000000000000000 DR2=0000000000000000 DR3=0000000000000000 
DR6=00000000ffff0ff0 DR7=0000000000000400
CCS=0000000000000085 CCD=fffffffffd29f050 CCO=EFLAGS
EFER=0000000000000500
Servicing hardware INT=0x20
   376: v=20 e=0000 i=0 cpl=0 IP=0008:0000000000111ff2 pc=0000000000111ff2 SP=0010:00000000001b9e60 env->regs[R_EAX]=000000000024ee8b
RAX=000000000024ee8b RBX=00000000cccccccd RCX=000000000000001b RDX=00000000000003f8
RSI=0000000000000000 RDI=00000000fee00000 RBP=00000000001b9ff0 RSP=00000000001b9e60
R8 =0000000000000001 R9 =0000000000000000 R10=00000000002f7000 R11=000000000000005e
R12=0000000000000000 R13=0000000000000001 R14=0000000000000001 R15=0000000000008003
RIP=0000000000111ff2 RFL=00000293 [--S-A-C] CPL=0 II=0 A20=1 SMM=0 HLT=0
ES =0010 0000000000000000 ffffffff 00cf9300 DPL=0 DS   [-WA]
CS =0008 0000000000000000 ffffffff 00af9a00 DPL=0 CS64 [-R-]
SS =0010 0000000000000000 ffffffff 00cf9300 DPL=0 DS   [-WA]
DS =0010 0000000000000000 ffffffff 00cf9300 DPL=0 DS   [-WA]
FS =0010 0000000000000000 ffffffff 00cf9300 DPL=0 DS   [-WA]
GS =0010 0000000000000000 ffffffff 00cf9300 DPL=0 DS   [-WA]
LDT=0000 0000000000000000 0000ffff 00008200 DPL=0 LDT
TR =0040 0000000000299ae0 0000006f 00208900 DPL=0 TSS64-avl
GDT=     0000000000271ce0 0000004f
IDT=     0000000000271d60 00000fff
CR0=80000013 CR2=0000000000000000 CR3=00000000001ba000 CR4=00000620
DR0=0000000000000000 DR1=0000000000000000 DR2=0000000000000000 DR3=0000000000000000 
DR6=00000000ffff0ff0 DR7=0000000000000400
CCS=0000000000000091 CCD=fffffffffd29fe0b CCO=EFLAGS
EFER=0000000000000500
Servicing hardware INT=0x20
   377: v=20 e=0000 i=0 cpl=0 IP=0008:0000000000111ff2 pc=0000000000111ff2 SP=0010:00000000001b9e60 env->regs[R_EAX]=0000000000251770
RAX=0000000000251770 RBX=00000000cccccccd RCX=000000000000001b RDX=00000000000003f8
RSI=0000000000000000 RDI=00000000fee00000 RBP=00000000001b9ff0 RSP=00000000001b9e60
R8 =0000000000000001 R9 =0000000000000000 R10=00000000002f7000 R11=000000000000005e
R12=0000000000000000 R13=0000000000000001 R14=0000000000000001 R15=0000000000008003
RIP=0000000000111ff2 RFL=00000287 [--S--PC] CPL=0 II=0 A20=1 SMM=0 HLT=0
ES =0010 0000000000000000 ffffffff 00cf9300 DPL=0 DS   [-WA]
CS =0008 0000000000000000 ffffffff 00af9a00 DPL=0 CS64 [-R-]
SS =0010 0000000000000000 ffffffff 00cf9300 DPL=0 DS   [-WA]
DS =0010 0000000000000000 ffffffff 00cf9300 DPL=0 DS   [-WA]
FS =0010 0000000000000000 ffffffff 00cf9300 DPL=0 DS   [-WA]
GS =0010 0000000000000000 ffffffff 00cf9300 DPL=0 DS   [-WA]
LDT=0000 0000000000000000 0000ffff 00008200 DPL=0 LDT
TR =0040 0000000000299ae0 0000006f 00208900 DPL=0 TSS64-avl
GDT=     0000000000271ce0 0000004f
IDT=     0000000000271d60 00000fff
CR0=80000013 CR2=0000000000000000 CR3=00000000001ba000 CR4=00000620
DR0=0000000000000000 DR1=0000000000000000 DR2=0000000000000000 DR3=0000000000000000 
DR6=00000000ffff0ff0 DR7=0000000000000400
CCS=0000000000000085 CCD=fffffffffd2a26f0 CCO=EFLAGS
EFER=0000000000000500
Servicing hardware INT=0x20
   378: v=20 e=0000 i=0 cpl=0 IP=0008:0000000000111ff2 pc=0000000000111ff2 SP=0010:00000000001b9e60 env->regs[R_EAX]=0000000000252355
RAX=0000000000252355 RBX=00000000cccccccd RCX=000000000000001b RDX=00000000000003f8
RSI=0000000000000000 RDI=00000000fee00000 RBP=00000000001b9ff0 RSP=00000000001b9e60
R8 =0000000000000001 R9 =0000000000000000 R10=00000000002f7000 R11=000000000000005e
R12=0000000000000000 R13=0000000000000001 R14=0000000000000001 R15=0000000000008003
RIP=0000000000111ff2 RFL=00000293 [--S-A-C] CPL=0 II=0 A20=1 SMM=0 HLT=0
ES =0010 0000000000000000 ffffffff 00cf9300 DPL=0 DS   [-WA]
CS =0008 0000000000000000 ffffffff 00af9a00 DPL=0 CS64 [-R-]
SS =0010 0000000000000000 ffffffff 00cf9300 DPL=0 DS   [-WA]
DS =0010 0000000000000000 ffffffff 00cf9300 DPL=0 DS   [-WA]
FS =0010 0000000000000000 ffffffff 00cf9300 DPL=0 DS   [-WA]
GS =0010 0000000000000000 ffffffff 00cf9300 DPL=0 DS   [-WA]
LDT=0000 0000000000000000 0000ffff 00008200 DPL=0 LDT
TR =0040 0000000000299ae0 0000006f 00208900 DPL=0 TSS64-avl
GDT=     0000000000271ce0 0000004f
IDT=     0000000000271d60 00000fff
CR0=80000013 CR2=0000000000000000 CR3=00000000001ba000 CR4=00000620
DR0=0000000000000000 DR1=0000000000000000 DR2=0000000000000000 DR3=0000000000000000 
DR6=00000000ffff0ff0 DR7=0000000000000400
CCS=0000000000000091 CCD=fffffffffd2a32d5 CCO=EFLAGS
EFER=0000000000000500
Servicing hardware INT=0x20
   379: v=20 e=0000 i=0 cpl=0 IP=0008:0000000000111ff2 pc=0000000000111ff2 SP=0010:00000000001b9e60 env->regs[R_EAX]=00000000002550be
RAX=00000000002550be RBX=00000000cccccccd RCX=000000000000001b RDX=00000000000003f8
RSI=0000000000000000 RDI=00000000fee00000 RBP=00000000001b9ff0 RSP=00000000001b9e60
R8 =0000000000000001 R9 =0000000000000000 R10=00000000002f7000 R11=000000000000005e
R12=0000000000000000 R13=0000000000000001 R14=0000000000000001 R15=0000000000008003
RIP=0000000000111ff2 RFL=00000293 [--S-A-C] CPL=0 II=0 A20=1 SMM=0 HLT=0
ES =0010 0000000000000000 ffffffff 00cf9300 DPL=0 DS   [-WA]
CS =0008 0000000000000000 ffffffff 00af9a00 DPL=0 CS64 [-R-]
SS =0010 0000000000000000 ffffffff 00cf9300 DPL=0 DS   [-WA]
DS =0010 0000000000000000 ffffffff 00cf9300 DPL=0 DS   [-WA]
FS =0010 0000000000000000 ffffffff 00cf9300 DPL=0 DS   [-WA]
GS =0010 0000000000000000 ffffffff 00cf9300 DPL=0 DS   [-WA]
LDT=0000 0000000000000000 0000ffff 00008200 DPL=0 LDT
TR =0040 0000000000299ae0 0000006f 00208900 DPL=0 TSS64-avl
GDT=     0000000000271ce0 0000004f
IDT=     0000000000271d60 00000fff
CR0=80000013 CR2=0000000000000000 CR3=00000000001ba000 CR4=00000620
DR0=0000000000000000 DR1=0000000000000000 DR2=0000000000000000 DR3=0000000000000000 
DR6=00000000ffff0ff0 DR7=0000000000000400
CCS=0000000000000091 CCD=fffffffffd2a603e CCO=EFLAGS
EFER=0000000000000500
Servicing hardware INT=0x20
   380: v=20 e=0000 i=0 cpl=0 IP=0008:0000000000111ff2 pc=0000000000111ff2 SP=0010:00000000001b9e60 env->regs[R_EAX]=0000000000255b02
RAX=0000000000255b02 RBX=00000000cccccccd RCX=000000000000001b RDX=00000000000003f8
RSI=0000000000000000 RDI=00000000fee00000 RBP=00000000001b9ff0 RSP=00000000001b9e60
R8 =0000000000000001 R9 =0000000000000000 R10=00000000002f7000 R11=000000000000005e
R12=0000000000000000 R13=0000000000000001 R14=0000000000000001 R15=0000000000008003
RIP=0000000000111ff2 RFL=00000297 [--S-APC] CPL=0 II=0 A20=1 SMM=0 HLT=0
ES =0010 0000000000000000 ffffffff 00cf9300 DPL=0 DS   [-WA]
CS =0008 0000000000000000 ffffffff 00af9a00 DPL=0 CS64 [-R-]
SS =0010 0000000000000000 ffffffff 00cf9300 DPL=0 DS   [-WA]
DS =0010 0000000000000000 ffffffff 00cf9300 DPL=0 DS   [-WA]
FS =0010 0000000000000000 ffffffff 00cf9300 DPL=0 DS   [-WA]
GS =0010 0000000000000000 ffffffff 00cf9300 DPL=0 DS   [-WA]
LDT=0000 0000000000000000 0000ffff 00008200 DPL=0 LDT
TR =0040 0000000000299ae0 0000006f 00208900 DPL=0 TSS64-avl
GDT=     0000000000271ce0 0000004f
IDT=     0000000000271d60 00000fff
CR0=80000013 CR2=0000000000000000 CR3=00000000001ba000 CR4=00000620
DR0=0000000000000000 DR1=0000000000000000 DR2=0000000000000000 DR3=0000000000000000 
DR6=00000000ffff0ff0 DR7=0000000000000400
CCS=0000000000000095 CCD=fffffffffd2a6a82 CCO=EFLAGS
EFER=0000000000000500
Servicing hardware INT=0x20
   381: v=20 e=0000 i=0 cpl=0 IP=0008:0000000000111ff2 pc=0000000000111ff2 SP=0010:00000000001b9e60 env->regs[R_EAX]=0000000000258ae7
RAX=0000000000258ae7 RBX=00000000cccccccd RCX=000000000000001b RDX=00000000000003f8
RSI=0000000000000000 RDI=00000000fee00000 RBP=00000000001b9ff0 RSP=00000000001b9e60
R8 =0000000000000001 R9 =0000000000000000 R10=00000000002f7000 R11=000000000000005e
R12=0000000000000000 R13=0000000000000001 R14=0000000000000001 R15=0000000000008003
RIP=0000000000111ff2 RFL=00000293 [--S-A-C] CPL=0 II=0 A20=1 SMM=0 HLT=0
ES =0010 0000000000000000 ffffffff 00cf9300 DPL=0 DS   [-WA]
CS =0008 0000000000000000 ffffffff 00af9a00 DPL=0 CS64 [-R-]
SS =0010 0000000000000000 ffffffff 00cf9300 DPL=0 DS   [-WA]
DS =0010 0000000000000000 ffffffff 00cf9300 DPL=0 DS   [-WA]
FS =0010 0000000000000000 ffffffff 00cf9300 DPL=0 DS   [-WA]
GS =0010 0000000000000000 ffffffff 00cf9300 DPL=0 DS   [-WA]
LDT=0000 0000000000000000 0000ffff 00008200 DPL=0 LDT
TR =0040 0000000000299ae0 0000006f 00208900 DPL=0 TSS64-avl
GDT=     0000000000271ce0 0000004f
IDT=     0000000000271d60 00000fff
CR0=80000013 CR2=0000000000000000 CR3=00000000001ba000 CR4=00000620
DR0=0000000000000000 DR1=0000000000000000 DR2=0000000000000000 DR3=0000000000000000 
DR6=00000000ffff0ff0 DR7=0000000000000400
CCS=0000000000000091 CCD=fffffffffd2a9a67 CCO=EFLAGS
EFER=0000000000000500
Servicing hardware INT=0x20
   382: v=20 e=0000 i=0 cpl=0 IP=0008:0000000000111ff2 pc=0000000000111ff2 SP=0010:00000000001b9e60 env->regs[R_EAX]=0000000000259701
RAX=0000000000259701 RBX=00000000cccccccd RCX=000000000000001b RDX=00000000000003f8
RSI=0000000000000000 RDI=00000000fee00000 RBP=00000000001b9ff0 RSP=00000000001b9e60
R8 =0000000000000001 R9 =0000000000000000 R10=00000000002f7000 R11=000000000000005e
R12=0000000000000000 R13=0000000000000001 R14=0000000000000001 R15=0000000000008003
RIP=0000000000111ff2 RFL=00000297 [--S-APC] CPL=0 II=0 A20=1 SMM=0 HLT=0
ES =0010 0000000000000000 ffffffff 00cf9300 DPL=0 DS   [-WA]
CS =0008 0000000000000000 ffffffff 00af9a00 DPL=0 CS64 [-R-]
SS =0010 0000000000000000 ffffffff 00cf9300 DPL=0 DS   [-WA]
DS =0010 0000000000000000 ffffffff 00cf9300 DPL=0 DS   [-WA]
FS =0010 0000000000000000 ffffffff 00cf9300 DPL=0 DS   [-WA]
GS =0010 0000000000000000 ffffffff 00cf9300 DPL=0 DS   [-WA]
LDT=0000 0000000000000000 0000ffff 00008200 DPL=0 LDT
TR =0040 0000000000299ae0 0000006f 00208900 DPL=0 TSS64-avl
GDT=     0000000000271ce0 0000004f
IDT=     0000000000271d60 00000fff
CR0=80000013 CR2=0000000000000000 CR3=00000000001ba000 CR4=00000620
DR0=0000000000000000 DR1=0000000000000000 DR2=0000000000000000 DR3=0000000000000000 
DR6=00000000ffff0ff0 DR7=0000000000000400
CCS=0000000000000095 CCD=fffffffffd2aa681 CCO=EFLAGS
EFER=0000000000000500
Servicing hardware INT=0x20
   383: v=20 e=0000 i=0 cpl=0 IP=0008:0000000000111ff2 pc=0000000000111ff2 SP=0010:00000000001b9e60 env->regs[R_EAX]=000000000025c6fd
RAX=000000000025c6fd RBX=00000000cccccccd RCX=000000000000001b RDX=00000000000003f8
RSI=0000000000000000 RDI=00000000fee00000 RBP=00000000001b9ff0 RSP=00000000001b9e60
R8 =0000000000000001 R9 =0000000000000000 R10=00000000002f7000 R11=000000000000005e
R12=0000000000000000 R13=0000000000000001 R14=0000000000000001 R15=0000000000008003
RIP=0000000000111ff2 RFL=00000297 [--S-APC] CPL=0 II=0 A20=1 SMM=0 HLT=0
ES =0010 0000000000000000 ffffffff 00cf9300 DPL=0 DS   [-WA]
CS =0008 0000000000000000 ffffffff 00af9a00 DPL=0 CS64 [-R-]
SS =0010 0000000000000000 ffffffff 00cf9300 DPL=0 DS   [-WA]
DS =0010 0000000000000000 ffffffff 00cf9300 DPL=0 DS   [-WA]
FS =0010 0000000000000000 ffffffff 00cf9300 DPL=0 DS   [-WA]
GS =0010 0000000000000000 ffffffff 00cf9300 DPL=0 DS   [-WA]
LDT=0000 0000000000000000 0000ffff 00008200 DPL=0 LDT
TR =0040 0000000000299ae0 0000006f 00208900 DPL=0 TSS64-avl
GDT=     0000000000271ce0 0000004f
IDT=     0000000000271d60 00000fff
CR0=80000013 CR2=0000000000000000 CR3=00000000001ba000 CR4=00000620
DR0=0000000000000000 DR1=0000000000000000 DR2=0000000000000000 DR3=0000000000000000 
DR6=00000000ffff0ff0 DR7=0000000000000400
CCS=0000000000000095 CCD=fffffffffd2ad67d CCO=EFLAGS
EFER=0000000000000500
Servicing hardware INT=0x20
   384: v=20 e=0000 i=0 cpl=0 IP=0008:0000000000111ff2 pc=0000000000111ff2 SP=0010:00000000001b9e60 env->regs[R_EAX]=000000000025d4ba
RAX=000000000025d4ba RBX=00000000cccccccd RCX=000000000000001b RDX=00000000000003f8
RSI=0000000000000000 RDI=00000000fee00000 RBP=00000000001b9ff0 RSP=00000000001b9e60
R8 =0000000000000001 R9 =0000000000000000 R10=00000000002f7000 R11=000000000000005e
R12=0000000000000000 R13=0000000000000001 R14=0000000000000001 R15=0000000000008003
RIP=0000000000111ff2 RFL=00000297 [--S-APC] CPL=0 II=0 A20=1 SMM=0 HLT=0
ES =0010 0000000000000000 ffffffff 00cf9300 DPL=0 DS   [-WA]
CS =0008 0000000000000000 ffffffff 00af9a00 DPL=0 CS64 [-R-]
SS =0010 0000000000000000 ffffffff 00cf9300 DPL=0 DS   [-WA]
DS =0010 0000000000000000 ffffffff 00cf9300 DPL=0 DS   [-WA]
FS =0010 0000000000000000 ffffffff 00cf9300 DPL=0 DS   [-WA]
GS =0010 0000000000000000 ffffffff 00cf9300 DPL=0 DS   [-WA]
LDT=0000 0000000000000000 0000ffff 00008200 DPL=0 LDT
TR =0040 0000000000299ae0 0000006f 00208900 DPL=0 TSS64-avl
GDT=     0000000000271ce0 0000004f
IDT=     0000000000271d60 00000fff
CR0=80000013 CR2=0000000000000000 CR3=00000000001ba000 CR4=00000620
DR0=0000000000000000 DR1=0000000000000000 DR2=0000000000000000 DR3=0000000000000000 
DR6=00000000ffff0ff0 DR7=0000000000000400
CCS=0000000000000095 CCD=fffffffffd2ae43a CCO=EFLAGS
EFER=0000000000000500
Servicing hardware INT=0x20
   385: v=20 e=0000 i=0 cpl=0 IP=0008:0000000000111ff2 pc=0000000000111ff2 SP=0010:00000000001b9e60 env->regs[R_EAX]=00000000002602c3
RAX=00000000002602c3 RBX=00000000cccccccd RCX=000000000000001b RDX=00000000000003f8
RSI=0000000000000000 RDI=00000000fee00000 RBP=00000000001b9ff0 RSP=00000000001b9e60
R8 =0000000000000001 R9 =0000000000000000 R10=00000000002f7000 R11=000000000000005e
R12=0000000000000000 R13=0000000000000001 R14=0000000000000001 R15=0000000000008003
RIP=0000000000111ff2 RFL=00000293 [--S-A-C] CPL=0 II=0 A20=1 SMM=0 HLT=0
ES =0010 0000000000000000 ffffffff 00cf9300 DPL=0 DS   [-WA]
CS =0008 0000000000000000 ffffffff 00af9a00 DPL=0 CS64 [-R-]
SS =0010 0000000000000000 ffffffff 00cf9300 DPL=0 DS   [-WA]
DS =0010 0000000000000000 ffffffff 00cf9300 DPL=0 DS   [-WA]
FS =0010 0000000000000000 ffffffff 00cf9300 DPL=0 DS   [-WA]
GS =0010 0000000000000000 ffffffff 00cf9300 DPL=0 DS   [-WA]
LDT=0000 0000000000000000 0000ffff 00008200 DPL=0 LDT
TR =0040 0000000000299ae0 0000006f 00208900 DPL=0 TSS64-avl
GDT=     0000000000271ce0 0000004f
IDT=     0000000000271d60 00000fff
CR0=80000013 CR2=0000000000000000 CR3=00000000001ba000 CR4=00000620
DR0=0000000000000000 DR1=0000000000000000 DR2=0000000000000000 DR3=0000000000000000 
DR6=00000000ffff0ff0 DR7=0000000000000400
CCS=0000000000000091 CCD=fffffffffd2b1243 CCO=EFLAGS
EFER=0000000000000500
Servicing hardware INT=0x20
   386: v=20 e=0000 i=0 cpl=0 IP=0008:0000000000111ff2 pc=0000000000111ff2 SP=0010:00000000001b9e60 env->regs[R_EAX]=0000000000260e71
RAX=0000000000260e71 RBX=00000000cccccccd RCX=000000000000001b RDX=00000000000003f8
RSI=0000000000000000 RDI=00000000fee00000 RBP=00000000001b9ff0 RSP=00000000001b9e60
R8 =0000000000000001 R9 =0000000000000000 R10=00000000002f7000 R11=000000000000005e
R12=0000000000000000 R13=0000000000000001 R14=0000000000000001 R15=0000000000008003
RIP=0000000000111ff2 RFL=00000293 [--S-A-C] CPL=0 II=0 A20=1 SMM=0 HLT=0
ES =0010 0000000000000000 ffffffff 00cf9300 DPL=0 DS   [-WA]
CS =0008 0000000000000000 ffffffff 00af9a00 DPL=0 CS64 [-R-]
SS =0010 0000000000000000 ffffffff 00cf9300 DPL=0 DS   [-WA]
DS =0010 0000000000000000 ffffffff 00cf9300 DPL=0 DS   [-WA]
FS =0010 0000000000000000 ffffffff 00cf9300 DPL=0 DS   [-WA]
GS =0010 0000000000000000 ffffffff 00cf9300 DPL=0 DS   [-WA]
LDT=0000 0000000000000000 0000ffff 00008200 DPL=0 LDT
TR =0040 0000000000299ae0 0000006f 00208900 DPL=0 TSS64-avl
GDT=     0000000000271ce0 0000004f
IDT=     0000000000271d60 00000fff
CR0=80000013 CR2=0000000000000000 CR3=00000000001ba000 CR4=00000620
DR0=0000000000000000 DR1=0000000000000000 DR2=0000000000000000 DR3=0000000000000000 
DR6=00000000ffff0ff0 DR7=0000000000000400
CCS=0000000000000091 CCD=fffffffffd2b1df1 CCO=EFLAGS
EFER=0000000000000500
Servicing hardware INT=0x20
   387: v=20 e=0000 i=0 cpl=0 IP=0008:0000000000111ff2 pc=0000000000111ff2 SP=0010:00000000001b9e60 env->regs[R_EAX]=0000000000263e77
RAX=0000000000263e77 RBX=00000000cccccccd RCX=000000000000001b RDX=00000000000003f8
RSI=0000000000000000 RDI=00000000fee00000 RBP=00000000001b9ff0 RSP=00000000001b9e60
R8 =0000000000000001 R9 =0000000000000000 R10=00000000002f7000 R11=000000000000005e
R12=0000000000000000 R13=0000000000000001 R14=0000000000000001 R15=0000000000008003
RIP=0000000000111ff2 RFL=00000293 [--S-A-C] CPL=0 II=0 A20=1 SMM=0 HLT=0
ES =0010 0000000000000000 ffffffff 00cf9300 DPL=0 DS   [-WA]
CS =0008 0000000000000000 ffffffff 00af9a00 DPL=0 CS64 [-R-]
SS =0010 0000000000000000 ffffffff 00cf9300 DPL=0 DS   [-WA]
DS =0010 0000000000000000 ffffffff 00cf9300 DPL=0 DS   [-WA]
FS =0010 0000000000000000 ffffffff 00cf9300 DPL=0 DS   [-WA]
GS =0010 0000000000000000 ffffffff 00cf9300 DPL=0 DS   [-WA]
LDT=0000 0000000000000000 0000ffff 00008200 DPL=0 LDT
TR =0040 0000000000299ae0 0000006f 00208900 DPL=0 TSS64-avl
GDT=     0000000000271ce0 0000004f
IDT=     0000000000271d60 00000fff
CR0=80000013 CR2=0000000000000000 CR3=00000000001ba000 CR4=00000620
DR0=0000000000000000 DR1=0000000000000000 DR2=0000000000000000 DR3=0000000000000000 
DR6=00000000ffff0ff0 DR7=0000000000000400
CCS=0000000000000091 CCD=fffffffffd2b4df7 CCO=EFLAGS
EFER=0000000000000500
Servicing hardware INT=0x20
   388: v=20 e=0000 i=0 cpl=0 IP=0008:0000000000111ff2 pc=0000000000111ff2 SP=0010:00000000001b9e60 env->regs[R_EAX]=0000000000264ac3
RAX=0000000000264ac3 RBX=00000000cccccccd RCX=000000000000001b RDX=00000000000003f8
RSI=0000000000000000 RDI=00000000fee00000 RBP=00000000001b9ff0 RSP=00000000001b9e60
R8 =0000000000000001 R9 =0000000000000000 R10=00000000002f7000 R11=000000000000005e
R12=0000000000000000 R13=0000000000000001 R14=0000000000000001 R15=0000000000008003
RIP=0000000000111ff2 RFL=00000293 [--S-A-C] CPL=0 II=0 A20=1 SMM=0 HLT=0
ES =0010 0000000000000000 ffffffff 00cf9300 DPL=0 DS   [-WA]
CS =0008 0000000000000000 ffffffff 00af9a00 DPL=0 CS64 [-R-]
SS =0010 0000000000000000 ffffffff 00cf9300 DPL=0 DS   [-WA]
DS =0010 0000000000000000 ffffffff 00cf9300 DPL=0 DS   [-WA]
FS =0010 0000000000000000 ffffffff 00cf9300 DPL=0 DS   [-WA]
GS =0010 0000000000000000 ffffffff 00cf9300 DPL=0 DS   [-WA]
LDT=0000 0000000000000000 0000ffff 00008200 DPL=0 LDT
TR =0040 0000000000299ae0 0000006f 00208900 DPL=0 TSS64-avl
GDT=     0000000000271ce0 0000004f
IDT=     0000000000271d60 00000fff
CR0=80000013 CR2=0000000000000000 CR3=00000000001ba000 CR4=00000620
DR0=0000000000000000 DR1=0000000000000000 DR2=0000000000000000 DR3=0000000000000000 
DR6=00000000ffff0ff0 DR7=0000000000000400
CCS=0000000000000091 CCD=fffffffffd2b5a43 CCO=EFLAGS
EFER=0000000000000500
Servicing hardware INT=0x20
   389: v=20 e=0000 i=0 cpl=0 IP=0008:0000000000111ff2 pc=0000000000111ff2 SP=0010:00000000001b9e60 env->regs[R_EAX]=00000000002680b2
RAX=00000000002680b2 RBX=00000000cccccccd RCX=000000000000001b RDX=00000000000003f8
RSI=0000000000000000 RDI=00000000fee00000 RBP=00000000001b9ff0 RSP=00000000001b9e60
R8 =0000000000000001 R9 =0000000000000000 R10=00000000002f7000 R11=000000000000005e
R12=0000000000000000 R13=0000000000000001 R14=0000000000000001 R15=0000000000008003
RIP=0000000000111ff2 RFL=00000293 [--S-A-C] CPL=0 II=0 A20=1 SMM=0 HLT=0
ES =0010 0000000000000000 ffffffff 00cf9300 DPL=0 DS   [-WA]
CS =0008 0000000000000000 ffffffff 00af9a00 DPL=0 CS64 [-R-]
SS =0010 0000000000000000 ffffffff 00cf9300 DPL=0 DS   [-WA]
DS =0010 0000000000000000 ffffffff 00cf9300 DPL=0 DS   [-WA]
FS =0010 0000000000000000 ffffffff 00cf9300 DPL=0 DS   [-WA]
GS =0010 0000000000000000 ffffffff 00cf9300 DPL=0 DS   [-WA]
LDT=0000 0000000000000000 0000ffff 00008200 DPL=0 LDT
TR =0040 0000000000299ae0 0000006f 00208900 DPL=0 TSS64-avl
GDT=     0000000000271ce0 0000004f
IDT=     0000000000271d60 00000fff
CR0=80000013 CR2=0000000000000000 CR3=00000000001ba000 CR4=00000620
DR0=0000000000000000 DR1=0000000000000000 DR2=0000000000000000 DR3=0000000000000000 
DR6=00000000ffff0ff0 DR7=0000000000000400
CCS=0000000000000091 CCD=fffffffffd2b9032 CCO=EFLAGS
EFER=0000000000000500
Servicing hardware INT=0x20
   390: v=20 e=0000 i=0 cpl=0 IP=0008:0000000000111ff2 pc=0000000000111ff2 SP=0010:00000000001b9e60 env->regs[R_EAX]=00000000002684b1
RAX=00000000002684b1 RBX=00000000cccccccd RCX=000000000000001b RDX=00000000000003f8
RSI=0000000000000000 RDI=00000000fee00000 RBP=00000000001b9ff0 RSP=00000000001b9e60
R8 =0000000000000001 R9 =0000000000000000 R10=00000000002f7000 R11=000000000000005e
R12=0000000000000000 R13=0000000000000001 R14=0000000000000001 R15=0000000000008003
RIP=0000000000111ff2 RFL=00000293 [--S-A-C] CPL=0 II=0 A20=1 SMM=0 HLT=0
ES =0010 0000000000000000 ffffffff 00cf9300 DPL=0 DS   [-WA]
CS =0008 0000000000000000 ffffffff 00af9a00 DPL=0 CS64 [-R-]
SS =0010 0000000000000000 ffffffff 00cf9300 DPL=0 DS   [-WA]
DS =0010 0000000000000000 ffffffff 00cf9300 DPL=0 DS   [-WA]
FS =0010 0000000000000000 ffffffff 00cf9300 DPL=0 DS   [-WA]
GS =0010 0000000000000000 ffffffff 00cf9300 DPL=0 DS   [-WA]
LDT=0000 0000000000000000 0000ffff 00008200 DPL=0 LDT
TR =0040 0000000000299ae0 0000006f 00208900 DPL=0 TSS64-avl
GDT=     0000000000271ce0 0000004f
IDT=     0000000000271d60 00000fff
CR0=80000013 CR2=0000000000000000 CR3=00000000001ba000 CR4=00000620
DR0=0000000000000000 DR1=0000000000000000 DR2=0000000000000000 DR3=0000000000000000 
DR6=00000000ffff0ff0 DR7=0000000000000400
CCS=0000000000000091 CCD=fffffffffd2b9431 CCO=EFLAGS
EFER=0000000000000500
Servicing hardware INT=0x20
   391: v=20 e=0000 i=0 cpl=0 IP=0008:0000000000111ff2 pc=0000000000111ff2 SP=0010:00000000001b9e60 env->regs[R_EAX]=000000000026b3b1
RAX=000000000026b3b1 RBX=00000000cccccccd RCX=000000000000001b RDX=00000000000003f8
RSI=0000000000000000 RDI=00000000fee00000 RBP=00000000001b9ff0 RSP=00000000001b9e60
R8 =0000000000000001 R9 =0000000000000000 R10=00000000002f7000 R11=000000000000005e
R12=0000000000000000 R13=0000000000000001 R14=0000000000000001 R15=0000000000008003
RIP=0000000000111ff2 RFL=00000293 [--S-A-C] CPL=0 II=0 A20=1 SMM=0 HLT=0
ES =0010 0000000000000000 ffffffff 00cf9300 DPL=0 DS   [-WA]
CS =0008 0000000000000000 ffffffff 00af9a00 DPL=0 CS64 [-R-]
SS =0010 0000000000000000 ffffffff 00cf9300 DPL=0 DS   [-WA]
DS =0010 0000000000000000 ffffffff 00cf9300 DPL=0 DS   [-WA]
FS =0010 0000000000000000 ffffffff 00cf9300 DPL=0 DS   [-WA]
GS =0010 0000000000000000 ffffffff 00cf9300 DPL=0 DS   [-WA]
LDT=0000 0000000000000000 0000ffff 00008200 DPL=0 LDT
TR =0040 0000000000299ae0 0000006f 00208900 DPL=0 TSS64-avl
GDT=     0000000000271ce0 0000004f
IDT=     0000000000271d60 00000fff
CR0=80000013 CR2=0000000000000000 CR3=00000000001ba000 CR4=00000620
DR0=0000000000000000 DR1=0000000000000000 DR2=0000000000000000 DR3=0000000000000000 
DR6=00000000ffff0ff0 DR7=0000000000000400
CCS=0000000000000091 CCD=fffffffffd2bc331 CCO=EFLAGS
EFER=0000000000000500
Servicing hardware INT=0x20
   392: v=20 e=0000 i=0 cpl=0 IP=0008:0000000000111ff2 pc=0000000000111ff2 SP=0010:00000000001b9e60 env->regs[R_EAX]=000000000026bd8b
RAX=000000000026bd8b RBX=00000000cccccccd RCX=000000000000001b RDX=00000000000003f8
RSI=0000000000000000 RDI=00000000fee00000 RBP=00000000001b9ff0 RSP=00000000001b9e60
R8 =0000000000000001 R9 =0000000000000000 R10=00000000002f7000 R11=000000000000005e
R12=0000000000000000 R13=0000000000000001 R14=0000000000000001 R15=0000000000008003
RIP=0000000000111ff2 RFL=00000293 [--S-A-C] CPL=0 II=0 A20=1 SMM=0 HLT=0
ES =0010 0000000000000000 ffffffff 00cf9300 DPL=0 DS   [-WA]
CS =0008 0000000000000000 ffffffff 00af9a00 DPL=0 CS64 [-R-]
SS =0010 0000000000000000 ffffffff 00cf9300 DPL=0 DS   [-WA]
DS =0010 0000000000000000 ffffffff 00cf9300 DPL=0 DS   [-WA]
FS =0010 0000000000000000 ffffffff 00cf9300 DPL=0 DS   [-WA]
GS =0010 0000000000000000 ffffffff 00cf9300 DPL=0 DS   [-WA]
LDT=0000 0000000000000000 0000ffff 00008200 DPL=0 LDT
TR =0040 0000000000299ae0 0000006f 00208900 DPL=0 TSS64-avl
GDT=     0000000000271ce0 0000004f
IDT=     0000000000271d60 00000fff
CR0=80000013 CR2=0000000000000000 CR3=00000000001ba000 CR4=00000620
DR0=0000000000000000 DR1=0000000000000000 DR2=0000000000000000 DR3=0000000000000000 
DR6=00000000ffff0ff0 DR7=0000000000000400
CCS=0000000000000091 CCD=fffffffffd2bcd0b CCO=EFLAGS
EFER=0000000000000500
Servicing hardware INT=0x20
   393: v=20 e=0000 i=0 cpl=0 IP=0008:0000000000111ff2 pc=0000000000111ff2 SP=0010:00000000001b9e60 env->regs[R_EAX]=000000000026eea5
RAX=000000000026eea5 RBX=00000000cccccccd RCX=000000000000001b RDX=00000000000003f8
RSI=0000000000000000 RDI=00000000fee00000 RBP=00000000001b9ff0 RSP=00000000001b9e60
R8 =0000000000000001 R9 =0000000000000000 R10=00000000002f7000 R11=000000000000005e
R12=0000000000000000 R13=0000000000000001 R14=0000000000000001 R15=0000000000008003
RIP=0000000000111ff2 RFL=00000293 [--S-A-C] CPL=0 II=0 A20=1 SMM=0 HLT=0
ES =0010 0000000000000000 ffffffff 00cf9300 DPL=0 DS   [-WA]
CS =0008 0000000000000000 ffffffff 00af9a00 DPL=0 CS64 [-R-]
SS =0010 0000000000000000 ffffffff 00cf9300 DPL=0 DS   [-WA]
DS =0010 0000000000000000 ffffffff 00cf9300 DPL=0 DS   [-WA]
FS =0010 0000000000000000 ffffffff 00cf9300 DPL=0 DS   [-WA]
GS =0010 0000000000000000 ffffffff 00cf9300 DPL=0 DS   [-WA]
LDT=0000 0000000000000000 0000ffff 00008200 DPL=0 LDT
TR =0040 0000000000299ae0 0000006f 00208900 DPL=0 TSS64-avl
GDT=     0000000000271ce0 0000004f
IDT=     0000000000271d60 00000fff
CR0=80000013 CR2=0000000000000000 CR3=00000000001ba000 CR4=00000620
DR0=0000000000000000 DR1=0000000000000000 DR2=0000000000000000 DR3=0000000000000000 
DR6=00000000ffff0ff0 DR7=0000000000000400
CCS=0000000000000091 CCD=fffffffffd2bfe25 CCO=EFLAGS
EFER=0000000000000500
Servicing hardware INT=0x20
   394: v=20 e=0000 i=0 cpl=0 IP=0008:0000000000111ff2 pc=0000000000111ff2 SP=0010:00000000001b9e60 env->regs[R_EAX]=000000000026f5fc
RAX=000000000026f5fc RBX=00000000cccccccd RCX=000000000000001b RDX=00000000000003f8
RSI=0000000000000000 RDI=00000000fee00000 RBP=00000000001b9ff0 RSP=00000000001b9e60
R8 =0000000000000001 R9 =0000000000000000 R10=00000000002f7000 R11=000000000000005e
R12=0000000000000000 R13=0000000000000001 R14=0000000000000001 R15=0000000000008003
RIP=0000000000111ff2 RFL=00000293 [--S-A-C] CPL=0 II=0 A20=1 SMM=0 HLT=0
ES =0010 0000000000000000 ffffffff 00cf9300 DPL=0 DS   [-WA]
CS =0008 0000000000000000 ffffffff 00af9a00 DPL=0 CS64 [-R-]
SS =0010 0000000000000000 ffffffff 00cf9300 DPL=0 DS   [-WA]
DS =0010 0000000000000000 ffffffff 00cf9300 DPL=0 DS   [-WA]
FS =0010 0000000000000000 ffffffff 00cf9300 DPL=0 DS   [-WA]
GS =0010 0000000000000000 ffffffff 00cf9300 DPL=0 DS   [-WA]
LDT=0000 0000000000000000 0000ffff 00008200 DPL=0 LDT
TR =0040 0000000000299ae0 0000006f 00208900 DPL=0 TSS64-avl
GDT=     0000000000271ce0 0000004f
IDT=     0000000000271d60 00000fff
CR0=80000013 CR2=0000000000000000 CR3=00000000001ba000 CR4=00000620
DR0=0000000000000000 DR1=0000000000000000 DR2=0000000000000000 DR3=0000000000000000 
DR6=00000000ffff0ff0 DR7=0000000000000400
CCS=0000000000000091 CCD=fffffffffd2c057c CCO=EFLAGS
EFER=0000000000000500
Servicing hardware INT=0x20
   395: v=20 e=0000 i=0 cpl=0 IP=0008:0000000000111ff2 pc=0000000000111ff2 SP=0010:00000000001b9e60 env->regs[R_EAX]=00000000002725f7
RAX=00000000002725f7 RBX=00000000cccccccd RCX=000000000000001b RDX=00000000000003f8
RSI=0000000000000000 RDI=00000000fee00000 RBP=00000000001b9ff0 RSP=00000000001b9e60
R8 =0000000000000001 R9 =0000000000000000 R10=00000000002f7000 R11=000000000000005e
R12=0000000000000000 R13=0000000000000001 R14=0000000000000001 R15=0000000000008003
RIP=0000000000111ff2 RFL=00000297 [--S-APC] CPL=0 II=0 A20=1 SMM=0 HLT=0
ES =0010 0000000000000000 ffffffff 00cf9300 DPL=0 DS   [-WA]
CS =0008 0000000000000000 ffffffff 00af9a00 DPL=0 CS64 [-R-]
SS =0010 0000000000000000 ffffffff 00cf9300 DPL=0 DS   [-WA]
DS =0010 0000000000000000 ffffffff 00cf9300 DPL=0 DS   [-WA]
FS =0010 0000000000000000 ffffffff 00cf9300 DPL=0 DS   [-WA]
GS =0010 0000000000000000 ffffffff 00cf9300 DPL=0 DS   [-WA]
LDT=0000 0000000000000000 0000ffff 00008200 DPL=0 LDT
TR =0040 0000000000299ae0 0000006f 00208900 DPL=0 TSS64-avl
GDT=     0000000000271ce0 0000004f
IDT=     0000000000271d60 00000fff
CR0=80000013 CR2=0000000000000000 CR3=00000000001ba000 CR4=00000620
DR0=0000000000000000 DR1=0000000000000000 DR2=0000000000000000 DR3=0000000000000000 
DR6=00000000ffff0ff0 DR7=0000000000000400
CCS=0000000000000095 CCD=fffffffffd2c3577 CCO=EFLAGS
EFER=0000000000000500
Servicing hardware INT=0x20
   396: v=20 e=0000 i=0 cpl=0 IP=0008:0000000000111ff2 pc=0000000000111ff2 SP=0010:00000000001b9e60 env->regs[R_EAX]=0000000000272d0a
RAX=0000000000272d0a RBX=00000000cccccccd RCX=000000000000001b RDX=00000000000003f8
RSI=0000000000000000 RDI=00000000fee00000 RBP=00000000001b9ff0 RSP=00000000001b9e60
R8 =0000000000000001 R9 =0000000000000000 R10=00000000002f7000 R11=000000000000005e
R12=0000000000000000 R13=0000000000000001 R14=0000000000000001 R15=0000000000008003
RIP=0000000000111ff2 RFL=00000293 [--S-A-C] CPL=0 II=0 A20=1 SMM=0 HLT=0
ES =0010 0000000000000000 ffffffff 00cf9300 DPL=0 DS   [-WA]
CS =0008 0000000000000000 ffffffff 00af9a00 DPL=0 CS64 [-R-]
SS =0010 0000000000000000 ffffffff 00cf9300 DPL=0 DS   [-WA]
DS =0010 0000000000000000 ffffffff 00cf9300 DPL=0 DS   [-WA]
FS =0010 0000000000000000 ffffffff 00cf9300 DPL=0 DS   [-WA]
GS =0010 0000000000000000 ffffffff 00cf9300 DPL=0 DS   [-WA]
LDT=0000 0000000000000000 0000ffff 00008200 DPL=0 LDT
TR =0040 0000000000299ae0 0000006f 00208900 DPL=0 TSS64-avl
GDT=     0000000000271ce0 0000004f
IDT=     0000000000271d60 00000fff
CR0=80000013 CR2=0000000000000000 CR3=00000000001ba000 CR4=00000620
DR0=0000000000000000 DR1=0000000000000000 DR2=0000000000000000 DR3=0000000000000000 
DR6=00000000ffff0ff0 DR7=0000000000000400
CCS=0000000000000091 CCD=fffffffffd2c3c8a CCO=EFLAGS
EFER=0000000000000500
Servicing hardware INT=0x20
   397: v=20 e=0000 i=0 cpl=0 IP=0008:0000000000111ff2 pc=0000000000111ff2 SP=0010:00000000001b9e60 env->regs[R_EAX]=0000000000275a27
RAX=0000000000275a27 RBX=00000000cccccccd RCX=000000000000001b RDX=00000000000003f8
RSI=0000000000000000 RDI=00000000fee00000 RBP=00000000001b9ff0 RSP=00000000001b9e60
R8 =0000000000000001 R9 =0000000000000000 R10=00000000002f7000 R11=000000000000005e
R12=0000000000000000 R13=0000000000000001 R14=0000000000000001 R15=0000000000008003
RIP=0000000000111ff2 RFL=00000293 [--S-A-C] CPL=0 II=0 A20=1 SMM=0 HLT=0
ES =0010 0000000000000000 ffffffff 00cf9300 DPL=0 DS   [-WA]
CS =0008 0000000000000000 ffffffff 00af9a00 DPL=0 CS64 [-R-]
SS =0010 0000000000000000 ffffffff 00cf9300 DPL=0 DS   [-WA]
DS =0010 0000000000000000 ffffffff 00cf9300 DPL=0 DS   [-WA]
FS =0010 0000000000000000 ffffffff 00cf9300 DPL=0 DS   [-WA]
GS =0010 0000000000000000 ffffffff 00cf9300 DPL=0 DS   [-WA]
LDT=0000 0000000000000000 0000ffff 00008200 DPL=0 LDT
TR =0040 0000000000299ae0 0000006f 00208900 DPL=0 TSS64-avl
GDT=     0000000000271ce0 0000004f
IDT=     0000000000271d60 00000fff
CR0=80000013 CR2=0000000000000000 CR3=00000000001ba000 CR4=00000620
DR0=0000000000000000 DR1=0000000000000000 DR2=0000000000000000 DR3=0000000000000000 
DR6=00000000ffff0ff0 DR7=0000000000000400
CCS=0000000000000091 CCD=fffffffffd2c69a7 CCO=EFLAGS
EFER=0000000000000500
Servicing hardware INT=0x20
   398: v=20 e=0000 i=0 cpl=0 IP=0008:0000000000111ff2 pc=0000000000111ff2 SP=0010:00000000001b9e60 env->regs[R_EAX]=000000000027677e
RAX=000000000027677e RBX=00000000cccccccd RCX=000000000000001b RDX=00000000000003f8
RSI=0000000000000000 RDI=00000000fee00000 RBP=00000000001b9ff0 RSP=00000000001b9e60
R8 =0000000000000001 R9 =0000000000000000 R10=00000000002f7000 R11=000000000000005e
R12=0000000000000000 R13=0000000000000001 R14=0000000000000001 R15=0000000000008003
RIP=0000000000111ff2 RFL=00000293 [--S-A-C] CPL=0 II=0 A20=1 SMM=0 HLT=0
ES =0010 0000000000000000 ffffffff 00cf9300 DPL=0 DS   [-WA]
CS =0008 0000000000000000 ffffffff 00af9a00 DPL=0 CS64 [-R-]
SS =0010 0000000000000000 ffffffff 00cf9300 DPL=0 DS   [-WA]
DS =0010 0000000000000000 ffffffff 00cf9300 DPL=0 DS   [-WA]
FS =0010 0000000000000000 ffffffff 00cf9300 DPL=0 DS   [-WA]
GS =0010 0000000000000000 ffffffff 00cf9300 DPL=0 DS   [-WA]
LDT=0000 0000000000000000 0000ffff 00008200 DPL=0 LDT
TR =0040 0000000000299ae0 0000006f 00208900 DPL=0 TSS64-avl
GDT=     0000000000271ce0 0000004f
IDT=     0000000000271d60 00000fff
CR0=80000013 CR2=0000000000000000 CR3=00000000001ba000 CR4=00000620
DR0=0000000000000000 DR1=0000000000000000 DR2=0000000000000000 DR3=0000000000000000 
DR6=00000000ffff0ff0 DR7=0000000000000400
CCS=0000000000000091 CCD=fffffffffd2c76fe CCO=EFLAGS
EFER=0000000000000500
Servicing hardware INT=0x20
   399: v=20 e=0000 i=0 cpl=0 IP=0008:0000000000111ff2 pc=0000000000111ff2 SP=0010:00000000001b9e60 env->regs[R_EAX]=0000000000279592
RAX=0000000000279592 RBX=00000000cccccccd RCX=000000000000001b RDX=00000000000003f8
RSI=0000000000000000 RDI=00000000fee00000 RBP=00000000001b9ff0 RSP=00000000001b9e60
R8 =0000000000000001 R9 =0000000000000000 R10=00000000002f7000 R11=000000000000005e
R12=0000000000000000 R13=0000000000000001 R14=0000000000000001 R15=0000000000008003
RIP=0000000000111ff2 RFL=00000297 [--S-APC] CPL=0 II=0 A20=1 SMM=0 HLT=0
ES =0010 0000000000000000 ffffffff 00cf9300 DPL=0 DS   [-WA]
CS =0008 0000000000000000 ffffffff 00af9a00 DPL=0 CS64 [-R-]
SS =0010 0000000000000000 ffffffff 00cf9300 DPL=0 DS   [-WA]
DS =0010 0000000000000000 ffffffff 00cf9300 DPL=0 DS   [-WA]
FS =0010 0000000000000000 ffffffff 00cf9300 DPL=0 DS   [-WA]
GS =0010 0000000000000000 ffffffff 00cf9300 DPL=0 DS   [-WA]
LDT=0000 0000000000000000 0000ffff 00008200 DPL=0 LDT
TR =0040 0000000000299ae0 0000006f 00208900 DPL=0 TSS64-avl
GDT=     0000000000271ce0 0000004f
IDT=     0000000000271d60 00000fff
CR0=80000013 CR2=0000000000000000 CR3=00000000001ba000 CR4=00000620
DR0=0000000000000000 DR1=0000000000000000 DR2=0000000000000000 DR3=0000000000000000 
DR6=00000000ffff0ff0 DR7=0000000000000400
CCS=0000000000000095 CCD=fffffffffd2ca512 CCO=EFLAGS
EFER=0000000000000500
Servicing hardware INT=0x20
   400: v=20 e=0000 i=0 cpl=0 IP=0008:0000000000111ff2 pc=0000000000111ff2 SP=0010:00000000001b9e60 env->regs[R_EAX]=000000000027a22f
RAX=000000000027a22f RBX=00000000cccccccd RCX=000000000000001b RDX=00000000000003f8
RSI=0000000000000000 RDI=00000000fee00000 RBP=00000000001b9ff0 RSP=00000000001b9e60
R8 =0000000000000001 R9 =0000000000000000 R10=00000000002f7000 R11=000000000000005e
R12=0000000000000000 R13=0000000000000001 R14=0000000000000001 R15=0000000000008003
RIP=0000000000111ff2 RFL=00000297 [--S-APC] CPL=0 II=0 A20=1 SMM=0 HLT=0
ES =0010 0000000000000000 ffffffff 00cf9300 DPL=0 DS   [-WA]
CS =0008 0000000000000000 ffffffff 00af9a00 DPL=0 CS64 [-R-]
SS =0010 0000000000000000 ffffffff 00cf9300 DPL=0 DS   [-WA]
DS =0010 0000000000000000 ffffffff 00cf9300 DPL=0 DS   [-WA]
FS =0010 0000000000000000 ffffffff 00cf9300 DPL=0 DS   [-WA]
GS =0010 0000000000000000 ffffffff 00cf9300 DPL=0 DS   [-WA]
LDT=0000 0000000000000000 0000ffff 00008200 DPL=0 LDT
TR =0040 0000000000299ae0 0000006f 00208900 DPL=0 TSS64-avl
GDT=     0000000000271ce0 0000004f
IDT=     0000000000271d60 00000fff
CR0=80000013 CR2=0000000000000000 CR3=00000000001ba000 CR4=00000620
DR0=0000000000000000 DR1=0000000000000000 DR2=0000000000000000 DR3=0000000000000000 
DR6=00000000ffff0ff0 DR7=0000000000000400
CCS=0000000000000095 CCD=fffffffffd2cb1af CCO=EFLAGS
EFER=0000000000000500
Servicing hardware INT=0x20
   401: v=20 e=0000 i=0 cpl=0 IP=0008:0000000000111ff2 pc=0000000000111ff2 SP=0010:00000000001b9e60 env->regs[R_EAX]=000000000027d27e
RAX=000000000027d27e RBX=00000000cccccccd RCX=000000000000001b RDX=00000000000003f8
RSI=0000000000000000 RDI=00000000fee00000 RBP=00000000001b9ff0 RSP=00000000001b9e60
R8 =0000000000000001 R9 =0000000000000000 R10=00000000002f7000 R11=000000000000005e
R12=0000000000000000 R13=0000000000000001 R14=0000000000000001 R15=0000000000008003
RIP=0000000000111ff2 RFL=00000293 [--S-A-C] CPL=0 II=0 A20=1 SMM=0 HLT=0
ES =0010 0000000000000000 ffffffff 00cf9300 DPL=0 DS   [-WA]
CS =0008 0000000000000000 ffffffff 00af9a00 DPL=0 CS64 [-R-]
SS =0010 0000000000000000 ffffffff 00cf9300 DPL=0 DS   [-WA]
DS =0010 0000000000000000 ffffffff 00cf9300 DPL=0 DS   [-WA]
FS =0010 0000000000000000 ffffffff 00cf9300 DPL=0 DS   [-WA]
GS =0010 0000000000000000 ffffffff 00cf9300 DPL=0 DS   [-WA]
LDT=0000 0000000000000000 0000ffff 00008200 DPL=0 LDT
TR =0040 0000000000299ae0 0000006f 00208900 DPL=0 TSS64-avl
GDT=     0000000000271ce0 0000004f
IDT=     0000000000271d60 00000fff
CR0=80000013 CR2=0000000000000000 CR3=00000000001ba000 CR4=00000620
DR0=0000000000000000 DR1=0000000000000000 DR2=0000000000000000 DR3=0000000000000000 
DR6=00000000ffff0ff0 DR7=0000000000000400
CCS=0000000000000091 CCD=fffffffffd2ce1fe CCO=EFLAGS
EFER=0000000000000500
Servicing hardware INT=0x20
   402: v=20 e=0000 i=0 cpl=0 IP=0008:0000000000111ff2 pc=0000000000111ff2 SP=0010:00000000001b9e60 env->regs[R_EAX]=000000000027df22
RAX=000000000027df22 RBX=00000000cccccccd RCX=000000000000001b RDX=00000000000003f8
RSI=0000000000000000 RDI=00000000fee00000 RBP=00000000001b9ff0 RSP=00000000001b9e60
R8 =0000000000000001 R9 =0000000000000000 R10=00000000002f7000 R11=000000000000005e
R12=0000000000000000 R13=0000000000000001 R14=0000000000000001 R15=0000000000008003
RIP=0000000000111ff2 RFL=00000293 [--S-A-C] CPL=0 II=0 A20=1 SMM=0 HLT=0
ES =0010 0000000000000000 ffffffff 00cf9300 DPL=0 DS   [-WA]
CS =0008 0000000000000000 ffffffff 00af9a00 DPL=0 CS64 [-R-]
SS =0010 0000000000000000 ffffffff 00cf9300 DPL=0 DS   [-WA]
DS =0010 0000000000000000 ffffffff 00cf9300 DPL=0 DS   [-WA]
FS =0010 0000000000000000 ffffffff 00cf9300 DPL=0 DS   [-WA]
GS =0010 0000000000000000 ffffffff 00cf9300 DPL=0 DS   [-WA]
LDT=0000 0000000000000000 0000ffff 00008200 DPL=0 LDT
TR =0040 0000000000299ae0 0000006f 00208900 DPL=0 TSS64-avl
GDT=     0000000000271ce0 0000004f
IDT=     0000000000271d60 00000fff
CR0=80000013 CR2=0000000000000000 CR3=00000000001ba000 CR4=00000620
DR0=0000000000000000 DR1=0000000000000000 DR2=0000000000000000 DR3=0000000000000000 
DR6=00000000ffff0ff0 DR7=0000000000000400
CCS=0000000000000091 CCD=fffffffffd2ceea2 CCO=EFLAGS
EFER=0000000000000500
Servicing hardware INT=0x20
   403: v=20 e=0000 i=0 cpl=0 IP=0008:0000000000111ff2 pc=0000000000111ff2 SP=0010:00000000001b9e60 env->regs[R_EAX]=0000000000280ce5
RAX=0000000000280ce5 RBX=00000000cccccccd RCX=000000000000001b RDX=00000000000003f8
RSI=0000000000000000 RDI=00000000fee00000 RBP=00000000001b9ff0 RSP=00000000001b9e60
R8 =0000000000000001 R9 =0000000000000000 R10=00000000002f7000 R11=000000000000005e
R12=0000000000000000 R13=0000000000000001 R14=0000000000000001 R15=0000000000008003
RIP=0000000000111ff2 RFL=00000297 [--S-APC] CPL=0 II=0 A20=1 SMM=0 HLT=0
ES =0010 0000000000000000 ffffffff 00cf9300 DPL=0 DS   [-WA]
CS =0008 0000000000000000 ffffffff 00af9a00 DPL=0 CS64 [-R-]
SS =0010 0000000000000000 ffffffff 00cf9300 DPL=0 DS   [-WA]
DS =0010 0000000000000000 ffffffff 00cf9300 DPL=0 DS   [-WA]
FS =0010 0000000000000000 ffffffff 00cf9300 DPL=0 DS   [-WA]
GS =0010 0000000000000000 ffffffff 00cf9300 DPL=0 DS   [-WA]
LDT=0000 0000000000000000 0000ffff 00008200 DPL=0 LDT
TR =0040 0000000000299ae0 0000006f 00208900 DPL=0 TSS64-avl
GDT=     0000000000271ce0 0000004f
IDT=     0000000000271d60 00000fff
CR0=80000013 CR2=0000000000000000 CR3=00000000001ba000 CR4=00000620
DR0=0000000000000000 DR1=0000000000000000 DR2=0000000000000000 DR3=0000000000000000 
DR6=00000000ffff0ff0 DR7=0000000000000400
CCS=0000000000000095 CCD=fffffffffd2d1c65 CCO=EFLAGS
EFER=0000000000000500
Servicing hardware INT=0x20
   404: v=20 e=0000 i=0 cpl=0 IP=0008:0000000000111ff2 pc=0000000000111ff2 SP=0010:00000000001b9e60 env->regs[R_EAX]=00000000002817d2
RAX=00000000002817d2 RBX=00000000cccccccd RCX=000000000000001b RDX=00000000000003f8
RSI=0000000000000000 RDI=00000000fee00000 RBP=00000000001b9ff0 RSP=00000000001b9e60
R8 =0000000000000001 R9 =0000000000000000 R10=00000000002f7000 R11=000000000000005e
R12=0000000000000000 R13=0000000000000001 R14=0000000000000001 R15=0000000000008003
RIP=0000000000111ff2 RFL=00000293 [--S-A-C] CPL=0 II=0 A20=1 SMM=0 HLT=0
ES =0010 0000000000000000 ffffffff 00cf9300 DPL=0 DS   [-WA]
CS =0008 0000000000000000 ffffffff 00af9a00 DPL=0 CS64 [-R-]
SS =0010 0000000000000000 ffffffff 00cf9300 DPL=0 DS   [-WA]
DS =0010 0000000000000000 ffffffff 00cf9300 DPL=0 DS   [-WA]
FS =0010 0000000000000000 ffffffff 00cf9300 DPL=0 DS   [-WA]
GS =0010 0000000000000000 ffffffff 00cf9300 DPL=0 DS   [-WA]
LDT=0000 0000000000000000 0000ffff 00008200 DPL=0 LDT
TR =0040 0000000000299ae0 0000006f 00208900 DPL=0 TSS64-avl
GDT=     0000000000271ce0 0000004f
IDT=     0000000000271d60 00000fff
CR0=80000013 CR2=0000000000000000 CR3=00000000001ba000 CR4=00000620
DR0=0000000000000000 DR1=0000000000000000 DR2=0000000000000000 DR3=0000000000000000 
DR6=00000000ffff0ff0 DR7=0000000000000400
CCS=0000000000000091 CCD=fffffffffd2d2752 CCO=EFLAGS
EFER=0000000000000500
Servicing hardware INT=0x20
   405: v=20 e=0000 i=0 cpl=0 IP=0008:0000000000111ff2 pc=0000000000111ff2 SP=0010:00000000001b9e60 env->regs[R_EAX]=000000000028473e
RAX=000000000028473e RBX=00000000cccccccd RCX=000000000000001b RDX=00000000000003f8
RSI=0000000000000000 RDI=00000000fee00000 RBP=00000000001b9ff0 RSP=00000000001b9e60
R8 =0000000000000001 R9 =0000000000000000 R10=00000000002f7000 R11=000000000000005e
R12=0000000000000000 R13=0000000000000001 R14=0000000000000001 R15=0000000000008003
RIP=0000000000111ff2 RFL=00000297 [--S-APC] CPL=0 II=0 A20=1 SMM=0 HLT=0
ES =0010 0000000000000000 ffffffff 00cf9300 DPL=0 DS   [-WA]
CS =0008 0000000000000000 ffffffff 00af9a00 DPL=0 CS64 [-R-]
SS =0010 0000000000000000 ffffffff 00cf9300 DPL=0 DS   [-WA]
DS =0010 0000000000000000 ffffffff 00cf9300 DPL=0 DS   [-WA]
FS =0010 0000000000000000 ffffffff 00cf9300 DPL=0 DS   [-WA]
GS =0010 0000000000000000 ffffffff 00cf9300 DPL=0 DS   [-WA]
LDT=0000 0000000000000000 0000ffff 00008200 DPL=0 LDT
TR =0040 0000000000299ae0 0000006f 00208900 DPL=0 TSS64-avl
GDT=     0000000000271ce0 0000004f
IDT=     0000000000271d60 00000fff
CR0=80000013 CR2=0000000000000000 CR3=00000000001ba000 CR4=00000620
DR0=0000000000000000 DR1=0000000000000000 DR2=0000000000000000 DR3=0000000000000000 
DR6=00000000ffff0ff0 DR7=0000000000000400
CCS=0000000000000095 CCD=fffffffffd2d56be CCO=EFLAGS
EFER=0000000000000500
Servicing hardware INT=0x20
   406: v=20 e=0000 i=0 cpl=0 IP=0008:0000000000111ff2 pc=0000000000111ff2 SP=0010:00000000001b9e60 env->regs[R_EAX]=0000000000285399
RAX=0000000000285399 RBX=00000000cccccccd RCX=000000000000001b RDX=00000000000003f8
RSI=0000000000000000 RDI=00000000fee00000 RBP=00000000001b9ff0 RSP=00000000001b9e60
R8 =0000000000000001 R9 =0000000000000000 R10=00000000002f7000 R11=000000000000005e
R12=0000000000000000 R13=0000000000000001 R14=0000000000000001 R15=0000000000008003
RIP=0000000000111ff2 RFL=00000293 [--S-A-C] CPL=0 II=0 A20=1 SMM=0 HLT=0
ES =0010 0000000000000000 ffffffff 00cf9300 DPL=0 DS   [-WA]
CS =0008 0000000000000000 ffffffff 00af9a00 DPL=0 CS64 [-R-]
SS =0010 0000000000000000 ffffffff 00cf9300 DPL=0 DS   [-WA]
DS =0010 0000000000000000 ffffffff 00cf9300 DPL=0 DS   [-WA]
FS =0010 0000000000000000 ffffffff 00cf9300 DPL=0 DS   [-WA]
GS =0010 0000000000000000 ffffffff 00cf9300 DPL=0 DS   [-WA]
LDT=0000 0000000000000000 0000ffff 00008200 DPL=0 LDT
TR =0040 0000000000299ae0 0000006f 00208900 DPL=0 TSS64-avl
GDT=     0000000000271ce0 0000004f
IDT=     0000000000271d60 00000fff
CR0=80000013 CR2=0000000000000000 CR3=00000000001ba000 CR4=00000620
DR0=0000000000000000 DR1=0000000000000000 DR2=0000000000000000 DR3=0000000000000000 
DR6=00000000ffff0ff0 DR7=0000000000000400
CCS=0000000000000091 CCD=fffffffffd2d6319 CCO=EFLAGS
EFER=0000000000000500
Servicing hardware INT=0x20
   407: v=20 e=0000 i=0 cpl=0 IP=0008:0000000000111ff2 pc=0000000000111ff2 SP=0010:00000000001b9e60 env->regs[R_EAX]=000000000028827d
RAX=000000000028827d RBX=00000000cccccccd RCX=000000000000001b RDX=00000000000003f8
RSI=0000000000000000 RDI=00000000fee00000 RBP=00000000001b9ff0 RSP=00000000001b9e60
R8 =0000000000000001 R9 =0000000000000000 R10=00000000002f7000 R11=000000000000005e
R12=0000000000000000 R13=0000000000000001 R14=0000000000000001 R15=0000000000008003
RIP=0000000000111ff2 RFL=00000293 [--S-A-C] CPL=0 II=0 A20=1 SMM=0 HLT=0
ES =0010 0000000000000000 ffffffff 00cf9300 DPL=0 DS   [-WA]
CS =0008 0000000000000000 ffffffff 00af9a00 DPL=0 CS64 [-R-]
SS =0010 0000000000000000 ffffffff 00cf9300 DPL=0 DS   [-WA]
DS =0010 0000000000000000 ffffffff 00cf9300 DPL=0 DS   [-WA]
FS =0010 0000000000000000 ffffffff 00cf9300 DPL=0 DS   [-WA]
GS =0010 0000000000000000 ffffffff 00cf9300 DPL=0 DS   [-WA]
LDT=0000 0000000000000000 0000ffff 00008200 DPL=0 LDT
TR =0040 0000000000299ae0 0000006f 00208900 DPL=0 TSS64-avl
GDT=     0000000000271ce0 0000004f
IDT=     0000000000271d60 00000fff
CR0=80000013 CR2=0000000000000000 CR3=00000000001ba000 CR4=00000620
DR0=0000000000000000 DR1=0000000000000000 DR2=0000000000000000 DR3=0000000000000000 
DR6=00000000ffff0ff0 DR7=0000000000000400
CCS=0000000000000091 CCD=fffffffffd2d91fd CCO=EFLAGS
EFER=0000000000000500
Servicing hardware INT=0x20
   408: v=20 e=0000 i=0 cpl=0 IP=0008:0000000000111ff2 pc=0000000000111ff2 SP=0010:00000000001b9e60 env->regs[R_EAX]=0000000000288fff
RAX=0000000000288fff RBX=00000000cccccccd RCX=000000000000001b RDX=00000000000003f8
RSI=0000000000000000 RDI=00000000fee00000 RBP=00000000001b9ff0 RSP=00000000001b9e60
R8 =0000000000000001 R9 =0000000000000000 R10=00000000002f7000 R11=000000000000005e
R12=0000000000000000 R13=0000000000000001 R14=0000000000000001 R15=0000000000008003
RIP=0000000000111ff2 RFL=00000293 [--S-A-C] CPL=0 II=0 A20=1 SMM=0 HLT=0
ES =0010 0000000000000000 ffffffff 00cf9300 DPL=0 DS   [-WA]
CS =0008 0000000000000000 ffffffff 00af9a00 DPL=0 CS64 [-R-]
SS =0010 0000000000000000 ffffffff 00cf9300 DPL=0 DS   [-WA]
DS =0010 0000000000000000 ffffffff 00cf9300 DPL=0 DS   [-WA]
FS =0010 0000000000000000 ffffffff 00cf9300 DPL=0 DS   [-WA]
GS =0010 0000000000000000 ffffffff 00cf9300 DPL=0 DS   [-WA]
LDT=0000 0000000000000000 0000ffff 00008200 DPL=0 LDT
TR =0040 0000000000299ae0 0000006f 00208900 DPL=0 TSS64-avl
GDT=     0000000000271ce0 0000004f
IDT=     0000000000271d60 00000fff
CR0=80000013 CR2=0000000000000000 CR3=00000000001ba000 CR4=00000620
DR0=0000000000000000 DR1=0000000000000000 DR2=0000000000000000 DR3=0000000000000000 
DR6=00000000ffff0ff0 DR7=0000000000000400
CCS=0000000000000091 CCD=fffffffffd2d9f7f CCO=EFLAGS
EFER=0000000000000500
Servicing hardware INT=0x20
   409: v=20 e=0000 i=0 cpl=0 IP=0008:0000000000111ff2 pc=0000000000111ff2 SP=0010:00000000001b9e60 env->regs[R_EAX]=000000000028b875
RAX=000000000028b875 RBX=00000000cccccccd RCX=000000000000001b RDX=00000000000003f8
RSI=0000000000000000 RDI=00000000fee00000 RBP=00000000001b9ff0 RSP=00000000001b9e60
R8 =0000000000000001 R9 =0000000000000000 R10=00000000002f7000 R11=000000000000005e
R12=0000000000000000 R13=0000000000000001 R14=0000000000000001 R15=0000000000008003
RIP=0000000000111ff2 RFL=00000297 [--S-APC] CPL=0 II=0 A20=1 SMM=0 HLT=0
ES =0010 0000000000000000 ffffffff 00cf9300 DPL=0 DS   [-WA]
CS =0008 0000000000000000 ffffffff 00af9a00 DPL=0 CS64 [-R-]
SS =0010 0000000000000000 ffffffff 00cf9300 DPL=0 DS   [-WA]
DS =0010 0000000000000000 ffffffff 00cf9300 DPL=0 DS   [-WA]
FS =0010 0000000000000000 ffffffff 00cf9300 DPL=0 DS   [-WA]
GS =0010 0000000000000000 ffffffff 00cf9300 DPL=0 DS   [-WA]
LDT=0000 0000000000000000 0000ffff 00008200 DPL=0 LDT
TR =0040 0000000000299ae0 0000006f 00208900 DPL=0 TSS64-avl
GDT=     0000000000271ce0 0000004f
IDT=     0000000000271d60 00000fff
CR0=80000013 CR2=0000000000000000 CR3=00000000001ba000 CR4=00000620
DR0=0000000000000000 DR1=0000000000000000 DR2=0000000000000000 DR3=0000000000000000 
DR6=00000000ffff0ff0 DR7=0000000000000400
CCS=0000000000000095 CCD=fffffffffd2dc7f5 CCO=EFLAGS
EFER=0000000000000500
Servicing hardware INT=0x20
   410: v=20 e=0000 i=0 cpl=0 IP=0008:0000000000111ff2 pc=0000000000111ff2 SP=0010:00000000001b9e60 env->regs[R_EAX]=000000000028cda3
RAX=000000000028cda3 RBX=00000000cccccccd RCX=000000000000001b RDX=00000000000003f8
RSI=0000000000000000 RDI=00000000fee00000 RBP=00000000001b9ff0 RSP=00000000001b9e60
R8 =0000000000000001 R9 =0000000000000000 R10=00000000002f7000 R11=000000000000005e
R12=0000000000000000 R13=0000000000000001 R14=0000000000000001 R15=0000000000008003
RIP=0000000000111ff2 RFL=00000293 [--S-A-C] CPL=0 II=0 A20=1 SMM=0 HLT=0
ES =0010 0000000000000000 ffffffff 00cf9300 DPL=0 DS   [-WA]
CS =0008 0000000000000000 ffffffff 00af9a00 DPL=0 CS64 [-R-]
SS =0010 0000000000000000 ffffffff 00cf9300 DPL=0 DS   [-WA]
DS =0010 0000000000000000 ffffffff 00cf9300 DPL=0 DS   [-WA]
FS =0010 0000000000000000 ffffffff 00cf9300 DPL=0 DS   [-WA]
GS =0010 0000000000000000 ffffffff 00cf9300 DPL=0 DS   [-WA]
LDT=0000 0000000000000000 0000ffff 00008200 DPL=0 LDT
TR =0040 0000000000299ae0 0000006f 00208900 DPL=0 TSS64-avl
GDT=     0000000000271ce0 0000004f
IDT=     0000000000271d60 00000fff
CR0=80000013 CR2=0000000000000000 CR3=00000000001ba000 CR4=00000620
DR0=0000000000000000 DR1=0000000000000000 DR2=0000000000000000 DR3=0000000000000000 
DR6=00000000ffff0ff0 DR7=0000000000000400
CCS=0000000000000091 CCD=fffffffffd2ddd23 CCO=EFLAGS
EFER=0000000000000500
Servicing hardware INT=0x20
   411: v=20 e=0000 i=0 cpl=0 IP=0008:0000000000111ff2 pc=0000000000111ff2 SP=0010:00000000001b9e60 env->regs[R_EAX]=000000000028f3bd
RAX=000000000028f3bd RBX=00000000cccccccd RCX=000000000000001b RDX=00000000000003f8
RSI=0000000000000000 RDI=00000000fee00000 RBP=00000000001b9ff0 RSP=00000000001b9e60
R8 =0000000000000001 R9 =0000000000000000 R10=00000000002f7000 R11=000000000000005e
R12=0000000000000000 R13=0000000000000001 R14=0000000000000001 R15=0000000000008003
RIP=0000000000111ff2 RFL=00000293 [--S-A-C] CPL=0 II=0 A20=1 SMM=0 HLT=0
ES =0010 0000000000000000 ffffffff 00cf9300 DPL=0 DS   [-WA]
CS =0008 0000000000000000 ffffffff 00af9a00 DPL=0 CS64 [-R-]
SS =0010 0000000000000000 ffffffff 00cf9300 DPL=0 DS   [-WA]
DS =0010 0000000000000000 ffffffff 00cf9300 DPL=0 DS   [-WA]
FS =0010 0000000000000000 ffffffff 00cf9300 DPL=0 DS   [-WA]
GS =0010 0000000000000000 ffffffff 00cf9300 DPL=0 DS   [-WA]
LDT=0000 0000000000000000 0000ffff 00008200 DPL=0 LDT
TR =0040 0000000000299ae0 0000006f 00208900 DPL=0 TSS64-avl
GDT=     0000000000271ce0 0000004f
IDT=     0000000000271d60 00000fff
CR0=80000013 CR2=0000000000000000 CR3=00000000001ba000 CR4=00000620
DR0=0000000000000000 DR1=0000000000000000 DR2=0000000000000000 DR3=0000000000000000 
DR6=00000000ffff0ff0 DR7=0000000000000400
CCS=0000000000000091 CCD=fffffffffd2e033d CCO=EFLAGS
EFER=0000000000000500
Servicing hardware INT=0x20
   412: v=20 e=0000 i=0 cpl=0 IP=0008:0000000000111ff2 pc=0000000000111ff2 SP=0010:00000000001b9e60 env->regs[R_EAX]=0000000000290056
RAX=0000000000290056 RBX=00000000cccccccd RCX=000000000000001b RDX=00000000000003f8
RSI=0000000000000000 RDI=00000000fee00000 RBP=00000000001b9ff0 RSP=00000000001b9e60
R8 =0000000000000001 R9 =0000000000000000 R10=00000000002f7000 R11=000000000000005e
R12=0000000000000000 R13=0000000000000001 R14=0000000000000001 R15=0000000000008003
RIP=0000000000111ff2 RFL=00000293 [--S-A-C] CPL=0 II=0 A20=1 SMM=0 HLT=0
ES =0010 0000000000000000 ffffffff 00cf9300 DPL=0 DS   [-WA]
CS =0008 0000000000000000 ffffffff 00af9a00 DPL=0 CS64 [-R-]
SS =0010 0000000000000000 ffffffff 00cf9300 DPL=0 DS   [-WA]
DS =0010 0000000000000000 ffffffff 00cf9300 DPL=0 DS   [-WA]
FS =0010 0000000000000000 ffffffff 00cf9300 DPL=0 DS   [-WA]
GS =0010 0000000000000000 ffffffff 00cf9300 DPL=0 DS   [-WA]
LDT=0000 0000000000000000 0000ffff 00008200 DPL=0 LDT
TR =0040 0000000000299ae0 0000006f 00208900 DPL=0 TSS64-avl
GDT=     0000000000271ce0 0000004f
IDT=     0000000000271d60 00000fff
CR0=80000013 CR2=0000000000000000 CR3=00000000001ba000 CR4=00000620
DR0=0000000000000000 DR1=0000000000000000 DR2=0000000000000000 DR3=0000000000000000 
DR6=00000000ffff0ff0 DR7=0000000000000400
CCS=0000000000000091 CCD=fffffffffd2e0fd6 CCO=EFLAGS
EFER=0000000000000500
Servicing hardware INT=0x20
   413: v=20 e=0000 i=0 cpl=0 IP=0008:0000000000111ff2 pc=0000000000111ff2 SP=0010:00000000001b9e60 env->regs[R_EAX]=0000000000292e37
RAX=0000000000292e37 RBX=00000000cccccccd RCX=000000000000001b RDX=00000000000003f8
RSI=0000000000000000 RDI=00000000fee00000 RBP=00000000001b9ff0 RSP=00000000001b9e60
R8 =0000000000000001 R9 =0000000000000000 R10=00000000002f7000 R11=000000000000005e
R12=0000000000000000 R13=0000000000000001 R14=0000000000000001 R15=0000000000008003
RIP=0000000000111ff2 RFL=00000297 [--S-APC] CPL=0 II=0 A20=1 SMM=0 HLT=0
ES =0010 0000000000000000 ffffffff 00cf9300 DPL=0 DS   [-WA]
CS =0008 0000000000000000 ffffffff 00af9a00 DPL=0 CS64 [-R-]
SS =0010 0000000000000000 ffffffff 00cf9300 DPL=0 DS   [-WA]
DS =0010 0000000000000000 ffffffff 00cf9300 DPL=0 DS   [-WA]
FS =0010 0000000000000000 ffffffff 00cf9300 DPL=0 DS   [-WA]
GS =0010 0000000000000000 ffffffff 00cf9300 DPL=0 DS   [-WA]
LDT=0000 0000000000000000 0000ffff 00008200 DPL=0 LDT
TR =0040 0000000000299ae0 0000006f 00208900 DPL=0 TSS64-avl
GDT=     0000000000271ce0 0000004f
IDT=     0000000000271d60 00000fff
CR0=80000013 CR2=0000000000000000 CR3=00000000001ba000 CR4=00000620
DR0=0000000000000000 DR1=0000000000000000 DR2=0000000000000000 DR3=0000000000000000 
DR6=00000000ffff0ff0 DR7=0000000000000400
CCS=0000000000000095 CCD=fffffffffd2e3db7 CCO=EFLAGS
EFER=0000000000000500
Servicing hardware INT=0x20
   414: v=20 e=0000 i=0 cpl=0 IP=0008:0000000000111ff2 pc=0000000000111ff2 SP=0010:00000000001b9e60 env->regs[R_EAX]=0000000000293b8f
RAX=0000000000293b8f RBX=00000000cccccccd RCX=000000000000001b RDX=00000000000003f8
RSI=0000000000000000 RDI=00000000fee00000 RBP=00000000001b9ff0 RSP=00000000001b9e60
R8 =0000000000000001 R9 =0000000000000000 R10=00000000002f7000 R11=000000000000005e
R12=0000000000000000 R13=0000000000000001 R14=0000000000000001 R15=0000000000008003
RIP=0000000000111ff2 RFL=00000297 [--S-APC] CPL=0 II=0 A20=1 SMM=0 HLT=0
ES =0010 0000000000000000 ffffffff 00cf9300 DPL=0 DS   [-WA]
CS =0008 0000000000000000 ffffffff 00af9a00 DPL=0 CS64 [-R-]
SS =0010 0000000000000000 ffffffff 00cf9300 DPL=0 DS   [-WA]
DS =0010 0000000000000000 ffffffff 00cf9300 DPL=0 DS   [-WA]
FS =0010 0000000000000000 ffffffff 00cf9300 DPL=0 DS   [-WA]
GS =0010 0000000000000000 ffffffff 00cf9300 DPL=0 DS   [-WA]
LDT=0000 0000000000000000 0000ffff 00008200 DPL=0 LDT
TR =0040 0000000000299ae0 0000006f 00208900 DPL=0 TSS64-avl
GDT=     0000000000271ce0 0000004f
IDT=     0000000000271d60 00000fff
CR0=80000013 CR2=0000000000000000 CR3=00000000001ba000 CR4=00000620
DR0=0000000000000000 DR1=0000000000000000 DR2=0000000000000000 DR3=0000000000000000 
DR6=00000000ffff0ff0 DR7=0000000000000400
CCS=0000000000000095 CCD=fffffffffd2e4b0f CCO=EFLAGS
EFER=0000000000000500
Servicing hardware INT=0x20
   415: v=20 e=0000 i=0 cpl=0 IP=0008:0000000000111ff2 pc=0000000000111ff2 SP=0010:00000000001b9e60 env->regs[R_EAX]=00000000002969df
RAX=00000000002969df RBX=00000000cccccccd RCX=000000000000001b RDX=00000000000003f8
RSI=0000000000000000 RDI=00000000fee00000 RBP=00000000001b9ff0 RSP=00000000001b9e60
R8 =0000000000000001 R9 =0000000000000000 R10=00000000002f7000 R11=000000000000005e
R12=0000000000000000 R13=0000000000000001 R14=0000000000000001 R15=0000000000008003
RIP=0000000000111ff2 RFL=00000297 [--S-APC] CPL=0 II=0 A20=1 SMM=0 HLT=0
ES =0010 0000000000000000 ffffffff 00cf9300 DPL=0 DS   [-WA]
CS =0008 0000000000000000 ffffffff 00af9a00 DPL=0 CS64 [-R-]
SS =0010 0000000000000000 ffffffff 00cf9300 DPL=0 DS   [-WA]
DS =0010 0000000000000000 ffffffff 00cf9300 DPL=0 DS   [-WA]
FS =0010 0000000000000000 ffffffff 00cf9300 DPL=0 DS   [-WA]
GS =0010 0000000000000000 ffffffff 00cf9300 DPL=0 DS   [-WA]
LDT=0000 0000000000000000 0000ffff 00008200 DPL=0 LDT
TR =0040 0000000000299ae0 0000006f 00208900 DPL=0 TSS64-avl
GDT=     0000000000271ce0 0000004f
IDT=     0000000000271d60 00000fff
CR0=80000013 CR2=0000000000000000 CR3=00000000001ba000 CR4=00000620
DR0=0000000000000000 DR1=0000000000000000 DR2=0000000000000000 DR3=0000000000000000 
DR6=00000000ffff0ff0 DR7=0000000000000400
CCS=0000000000000095 CCD=fffffffffd2e795f CCO=EFLAGS
EFER=0000000000000500
Servicing hardware INT=0x20
   416: v=20 e=0000 i=0 cpl=0 IP=0008:0000000000111ff2 pc=0000000000111ff2 SP=0010:00000000001b9e60 env->regs[R_EAX]=000000000029754d
RAX=000000000029754d RBX=00000000cccccccd RCX=000000000000001b RDX=00000000000003f8
RSI=0000000000000000 RDI=00000000fee00000 RBP=00000000001b9ff0 RSP=00000000001b9e60
R8 =0000000000000001 R9 =0000000000000000 R10=00000000002f7000 R11=000000000000005e
R12=0000000000000000 R13=0000000000000001 R14=0000000000000001 R15=0000000000008003
RIP=0000000000111ff2 RFL=00000293 [--S-A-C] CPL=0 II=0 A20=1 SMM=0 HLT=0
ES =0010 0000000000000000 ffffffff 00cf9300 DPL=0 DS   [-WA]
CS =0008 0000000000000000 ffffffff 00af9a00 DPL=0 CS64 [-R-]
SS =0010 0000000000000000 ffffffff 00cf9300 DPL=0 DS   [-WA]
DS =0010 0000000000000000 ffffffff 00cf9300 DPL=0 DS   [-WA]
FS =0010 0000000000000000 ffffffff 00cf9300 DPL=0 DS   [-WA]
GS =0010 0000000000000000 ffffffff 00cf9300 DPL=0 DS   [-WA]
LDT=0000 0000000000000000 0000ffff 00008200 DPL=0 LDT
TR =0040 0000000000299ae0 0000006f 00208900 DPL=0 TSS64-avl
GDT=     0000000000271ce0 0000004f
IDT=     0000000000271d60 00000fff
CR0=80000013 CR2=0000000000000000 CR3=00000000001ba000 CR4=00000620
DR0=0000000000000000 DR1=0000000000000000 DR2=0000000000000000 DR3=0000000000000000 
DR6=00000000ffff0ff0 DR7=0000000000000400
CCS=0000000000000091 CCD=fffffffffd2e84cd CCO=EFLAGS
EFER=0000000000000500
Servicing hardware INT=0x20
   417: v=20 e=0000 i=0 cpl=0 IP=0008:0000000000111ff2 pc=0000000000111ff2 SP=0010:00000000001b9e60 env->regs[R_EAX]=000000000029a50a
RAX=000000000029a50a RBX=00000000cccccccd RCX=000000000000001b RDX=00000000000003f8
RSI=0000000000000000 RDI=00000000fee00000 RBP=00000000001b9ff0 RSP=00000000001b9e60
R8 =0000000000000001 R9 =0000000000000000 R10=00000000002f7000 R11=000000000000005e
R12=0000000000000000 R13=0000000000000001 R14=0000000000000001 R15=0000000000008003
RIP=0000000000111ff2 RFL=00000293 [--S-A-C] CPL=0 II=0 A20=1 SMM=0 HLT=0
ES =0010 0000000000000000 ffffffff 00cf9300 DPL=0 DS   [-WA]
CS =0008 0000000000000000 ffffffff 00af9a00 DPL=0 CS64 [-R-]
SS =0010 0000000000000000 ffffffff 00cf9300 DPL=0 DS   [-WA]
DS =0010 0000000000000000 ffffffff 00cf9300 DPL=0 DS   [-WA]
FS =0010 0000000000000000 ffffffff 00cf9300 DPL=0 DS   [-WA]
GS =0010 0000000000000000 ffffffff 00cf9300 DPL=0 DS   [-WA]
LDT=0000 0000000000000000 0000ffff 00008200 DPL=0 LDT
TR =0040 0000000000299ae0 0000006f 00208900 DPL=0 TSS64-avl
GDT=     0000000000271ce0 0000004f
IDT=     0000000000271d60 00000fff
CR0=80000013 CR2=0000000000000000 CR3=00000000001ba000 CR4=00000620
DR0=0000000000000000 DR1=0000000000000000 DR2=0000000000000000 DR3=0000000000000000 
DR6=00000000ffff0ff0 DR7=0000000000000400
CCS=0000000000000091 CCD=fffffffffd2eb48a CCO=EFLAGS
EFER=0000000000000500
Servicing hardware INT=0x20
   418: v=20 e=0000 i=0 cpl=0 IP=0008:0000000000111ff2 pc=0000000000111ff2 SP=0010:00000000001b9e60 env->regs[R_EAX]=000000000029b0a5
RAX=000000000029b0a5 RBX=00000000cccccccd RCX=000000000000001b RDX=00000000000003f8
RSI=0000000000000000 RDI=00000000fee00000 RBP=00000000001b9ff0 RSP=00000000001b9e60
R8 =0000000000000001 R9 =0000000000000000 R10=00000000002f7000 R11=000000000000005e
R12=0000000000000000 R13=0000000000000001 R14=0000000000000001 R15=0000000000008003
RIP=0000000000111ff2 RFL=00000293 [--S-A-C] CPL=0 II=0 A20=1 SMM=0 HLT=0
ES =0010 0000000000000000 ffffffff 00cf9300 DPL=0 DS   [-WA]
CS =0008 0000000000000000 ffffffff 00af9a00 DPL=0 CS64 [-R-]
SS =0010 0000000000000000 ffffffff 00cf9300 DPL=0 DS   [-WA]
DS =0010 0000000000000000 ffffffff 00cf9300 DPL=0 DS   [-WA]
FS =0010 0000000000000000 ffffffff 00cf9300 DPL=0 DS   [-WA]
GS =0010 0000000000000000 ffffffff 00cf9300 DPL=0 DS   [-WA]
LDT=0000 0000000000000000 0000ffff 00008200 DPL=0 LDT
TR =0040 0000000000299ae0 0000006f 00208900 DPL=0 TSS64-avl
GDT=     0000000000271ce0 0000004f
IDT=     0000000000271d60 00000fff
CR0=80000013 CR2=0000000000000000 CR3=00000000001ba000 CR4=00000620
DR0=0000000000000000 DR1=0000000000000000 DR2=0000000000000000 DR3=0000000000000000 
DR6=00000000ffff0ff0 DR7=0000000000000400
CCS=0000000000000091 CCD=fffffffffd2ec025 CCO=EFLAGS
EFER=0000000000000500
Servicing hardware INT=0x20
   419: v=20 e=0000 i=0 cpl=0 IP=0008:0000000000111ff2 pc=0000000000111ff2 SP=0010:00000000001b9e60 env->regs[R_EAX]=000000000029e063
RAX=000000000029e063 RBX=00000000cccccccd RCX=000000000000001b RDX=00000000000003f8
RSI=0000000000000000 RDI=00000000fee00000 RBP=00000000001b9ff0 RSP=00000000001b9e60
R8 =0000000000000001 R9 =0000000000000000 R10=00000000002f7000 R11=000000000000005e
R12=0000000000000000 R13=0000000000000001 R14=0000000000000001 R15=0000000000008003
RIP=0000000000111ff2 RFL=00000293 [--S-A-C] CPL=0 II=0 A20=1 SMM=0 HLT=0
ES =0010 0000000000000000 ffffffff 00cf9300 DPL=0 DS   [-WA]
CS =0008 0000000000000000 ffffffff 00af9a00 DPL=0 CS64 [-R-]
SS =0010 0000000000000000 ffffffff 00cf9300 DPL=0 DS   [-WA]
DS =0010 0000000000000000 ffffffff 00cf9300 DPL=0 DS   [-WA]
FS =0010 0000000000000000 ffffffff 00cf9300 DPL=0 DS   [-WA]
GS =0010 0000000000000000 ffffffff 00cf9300 DPL=0 DS   [-WA]
LDT=0000 0000000000000000 0000ffff 00008200 DPL=0 LDT
TR =0040 0000000000299ae0 0000006f 00208900 DPL=0 TSS64-avl
GDT=     0000000000271ce0 0000004f
IDT=     0000000000271d60 00000fff
CR0=80000013 CR2=0000000000000000 CR3=00000000001ba000 CR4=00000620
DR0=0000000000000000 DR1=0000000000000000 DR2=0000000000000000 DR3=0000000000000000 
DR6=00000000ffff0ff0 DR7=0000000000000400
CCS=0000000000000091 CCD=fffffffffd2eefe3 CCO=EFLAGS
EFER=0000000000000500
Servicing hardware INT=0x20
   420: v=20 e=0000 i=0 cpl=0 IP=0008:0000000000111ff2 pc=0000000000111ff2 SP=0010:00000000001b9e60 env->regs[R_EAX]=000000000029ec34
RAX=000000000029ec34 RBX=00000000cccccccd RCX=000000000000001b RDX=00000000000003f8
RSI=0000000000000000 RDI=00000000fee00000 RBP=00000000001b9ff0 RSP=00000000001b9e60
R8 =0000000000000001 R9 =0000000000000000 R10=00000000002f7000 R11=000000000000005e
R12=0000000000000000 R13=0000000000000001 R14=0000000000000001 R15=0000000000008003
RIP=0000000000111ff2 RFL=00000297 [--S-APC] CPL=0 II=0 A20=1 SMM=0 HLT=0
ES =0010 0000000000000000 ffffffff 00cf9300 DPL=0 DS   [-WA]
CS =0008 0000000000000000 ffffffff 00af9a00 DPL=0 CS64 [-R-]
SS =0010 0000000000000000 ffffffff 00cf9300 DPL=0 DS   [-WA]
DS =0010 0000000000000000 ffffffff 00cf9300 DPL=0 DS   [-WA]
FS =0010 0000000000000000 ffffffff 00cf9300 DPL=0 DS   [-WA]
GS =0010 0000000000000000 ffffffff 00cf9300 DPL=0 DS   [-WA]
LDT=0000 0000000000000000 0000ffff 00008200 DPL=0 LDT
TR =0040 0000000000299ae0 0000006f 00208900 DPL=0 TSS64-avl
GDT=     0000000000271ce0 0000004f
IDT=     0000000000271d60 00000fff
CR0=80000013 CR2=0000000000000000 CR3=00000000001ba000 CR4=00000620
DR0=0000000000000000 DR1=0000000000000000 DR2=0000000000000000 DR3=0000000000000000 
DR6=00000000ffff0ff0 DR7=0000000000000400
CCS=0000000000000095 CCD=fffffffffd2efbb4 CCO=EFLAGS
EFER=0000000000000500
Servicing hardware INT=0x20
   421: v=20 e=0000 i=0 cpl=0 IP=0008:0000000000111ff2 pc=0000000000111ff2 SP=0010:00000000001b9e60 env->regs[R_EAX]=00000000002a19fe
RAX=00000000002a19fe RBX=00000000cccccccd RCX=000000000000001b RDX=00000000000003f8
RSI=0000000000000000 RDI=00000000fee00000 RBP=00000000001b9ff0 RSP=00000000001b9e60
R8 =0000000000000001 R9 =0000000000000000 R10=00000000002f7000 R11=000000000000005e
R12=0000000000000000 R13=0000000000000001 R14=0000000000000001 R15=0000000000008003
RIP=0000000000111ff2 RFL=00000297 [--S-APC] CPL=0 II=0 A20=1 SMM=0 HLT=0
ES =0010 0000000000000000 ffffffff 00cf9300 DPL=0 DS   [-WA]
CS =0008 0000000000000000 ffffffff 00af9a00 DPL=0 CS64 [-R-]
SS =0010 0000000000000000 ffffffff 00cf9300 DPL=0 DS   [-WA]
DS =0010 0000000000000000 ffffffff 00cf9300 DPL=0 DS   [-WA]
FS =0010 0000000000000000 ffffffff 00cf9300 DPL=0 DS   [-WA]
GS =0010 0000000000000000 ffffffff 00cf9300 DPL=0 DS   [-WA]
LDT=0000 0000000000000000 0000ffff 00008200 DPL=0 LDT
TR =0040 0000000000299ae0 0000006f 00208900 DPL=0 TSS64-avl
GDT=     0000000000271ce0 0000004f
IDT=     0000000000271d60 00000fff
CR0=80000013 CR2=0000000000000000 CR3=00000000001ba000 CR4=00000620
DR0=0000000000000000 DR1=0000000000000000 DR2=0000000000000000 DR3=0000000000000000 
DR6=00000000ffff0ff0 DR7=0000000000000400
CCS=0000000000000095 CCD=fffffffffd2f297e CCO=EFLAGS
EFER=0000000000000500
Servicing hardware INT=0x20
   422: v=20 e=0000 i=0 cpl=0 IP=0008:0000000000111ff2 pc=0000000000111ff2 SP=0010:00000000001b9e60 env->regs[R_EAX]=00000000002a2597
RAX=00000000002a2597 RBX=00000000cccccccd RCX=000000000000001b RDX=00000000000003f8
RSI=0000000000000000 RDI=00000000fee00000 RBP=00000000001b9ff0 RSP=00000000001b9e60
R8 =0000000000000001 R9 =0000000000000000 R10=00000000002f7000 R11=000000000000005e
R12=0000000000000000 R13=0000000000000001 R14=0000000000000001 R15=0000000000008003
RIP=0000000000111ff2 RFL=00000297 [--S-APC] CPL=0 II=0 A20=1 SMM=0 HLT=0
ES =0010 0000000000000000 ffffffff 00cf9300 DPL=0 DS   [-WA]
CS =0008 0000000000000000 ffffffff 00af9a00 DPL=0 CS64 [-R-]
SS =0010 0000000000000000 ffffffff 00cf9300 DPL=0 DS   [-WA]
DS =0010 0000000000000000 ffffffff 00cf9300 DPL=0 DS   [-WA]
FS =0010 0000000000000000 ffffffff 00cf9300 DPL=0 DS   [-WA]
GS =0010 0000000000000000 ffffffff 00cf9300 DPL=0 DS   [-WA]
LDT=0000 0000000000000000 0000ffff 00008200 DPL=0 LDT
TR =0040 0000000000299ae0 0000006f 00208900 DPL=0 TSS64-avl
GDT=     0000000000271ce0 0000004f
IDT=     0000000000271d60 00000fff
CR0=80000013 CR2=0000000000000000 CR3=00000000001ba000 CR4=00000620
DR0=0000000000000000 DR1=0000000000000000 DR2=0000000000000000 DR3=0000000000000000 
DR6=00000000ffff0ff0 DR7=0000000000000400
CCS=0000000000000095 CCD=fffffffffd2f3517 CCO=EFLAGS
EFER=0000000000000500
Servicing hardware INT=0x20
   423: v=20 e=0000 i=0 cpl=0 IP=0008:0000000000111ff2 pc=0000000000111ff2 SP=0010:00000000001b9e60 env->regs[R_EAX]=00000000002a51dc
RAX=00000000002a51dc RBX=00000000cccccccd RCX=000000000000001b RDX=00000000000003f8
RSI=0000000000000000 RDI=00000000fee00000 RBP=00000000001b9ff0 RSP=00000000001b9e60
R8 =0000000000000001 R9 =0000000000000000 R10=00000000002f7000 R11=000000000000005e
R12=0000000000000000 R13=0000000000000001 R14=0000000000000001 R15=0000000000008003
RIP=0000000000111ff2 RFL=00000297 [--S-APC] CPL=0 II=0 A20=1 SMM=0 HLT=0
ES =0010 0000000000000000 ffffffff 00cf9300 DPL=0 DS   [-WA]
CS =0008 0000000000000000 ffffffff 00af9a00 DPL=0 CS64 [-R-]
SS =0010 0000000000000000 ffffffff 00cf9300 DPL=0 DS   [-WA]
DS =0010 0000000000000000 ffffffff 00cf9300 DPL=0 DS   [-WA]
FS =0010 0000000000000000 ffffffff 00cf9300 DPL=0 DS   [-WA]
GS =0010 0000000000000000 ffffffff 00cf9300 DPL=0 DS   [-WA]
LDT=0000 0000000000000000 0000ffff 00008200 DPL=0 LDT
TR =0040 0000000000299ae0 0000006f 00208900 DPL=0 TSS64-avl
GDT=     0000000000271ce0 0000004f
IDT=     0000000000271d60 00000fff
CR0=80000013 CR2=0000000000000000 CR3=00000000001ba000 CR4=00000620
DR0=0000000000000000 DR1=0000000000000000 DR2=0000000000000000 DR3=0000000000000000 
DR6=00000000ffff0ff0 DR7=0000000000000400
CCS=0000000000000095 CCD=fffffffffd2f615c CCO=EFLAGS
EFER=0000000000000500
Servicing hardware INT=0x20
   424: v=20 e=0000 i=0 cpl=0 IP=0008:0000000000111ff2 pc=0000000000111ff2 SP=0010:00000000001b9e60 env->regs[R_EAX]=00000000002a5d63
RAX=00000000002a5d63 RBX=00000000cccccccd RCX=000000000000001b RDX=00000000000003f8
RSI=0000000000000000 RDI=00000000fee00000 RBP=00000000001b9ff0 RSP=00000000001b9e60
R8 =0000000000000001 R9 =0000000000000000 R10=00000000002f7000 R11=000000000000005e
R12=0000000000000000 R13=0000000000000001 R14=0000000000000001 R15=0000000000008003
RIP=0000000000111ff2 RFL=00000293 [--S-A-C] CPL=0 II=0 A20=1 SMM=0 HLT=0
ES =0010 0000000000000000 ffffffff 00cf9300 DPL=0 DS   [-WA]
CS =0008 0000000000000000 ffffffff 00af9a00 DPL=0 CS64 [-R-]
SS =0010 0000000000000000 ffffffff 00cf9300 DPL=0 DS   [-WA]
DS =0010 0000000000000000 ffffffff 00cf9300 DPL=0 DS   [-WA]
FS =0010 0000000000000000 ffffffff 00cf9300 DPL=0 DS   [-WA]
GS =0010 0000000000000000 ffffffff 00cf9300 DPL=0 DS   [-WA]
LDT=0000 0000000000000000 0000ffff 00008200 DPL=0 LDT
TR =0040 0000000000299ae0 0000006f 00208900 DPL=0 TSS64-avl
GDT=     0000000000271ce0 0000004f
IDT=     0000000000271d60 00000fff
CR0=80000013 CR2=0000000000000000 CR3=00000000001ba000 CR4=00000620
DR0=0000000000000000 DR1=0000000000000000 DR2=0000000000000000 DR3=0000000000000000 
DR6=00000000ffff0ff0 DR7=0000000000000400
CCS=0000000000000091 CCD=fffffffffd2f6ce3 CCO=EFLAGS
EFER=0000000000000500
Servicing hardware INT=0x20
   425: v=20 e=0000 i=0 cpl=0 IP=0008:0000000000111ff2 pc=0000000000111ff2 SP=0010:00000000001b9e60 env->regs[R_EAX]=00000000002a8d42
RAX=00000000002a8d42 RBX=00000000cccccccd RCX=000000000000001b RDX=00000000000003f8
RSI=0000000000000000 RDI=00000000fee00000 RBP=00000000001b9ff0 RSP=00000000001b9e60
R8 =0000000000000001 R9 =0000000000000000 R10=00000000002f7000 R11=000000000000005e
R12=0000000000000000 R13=0000000000000001 R14=0000000000000001 R15=0000000000008003
RIP=0000000000111ff2 RFL=00000293 [--S-A-C] CPL=0 II=0 A20=1 SMM=0 HLT=0
ES =0010 0000000000000000 ffffffff 00cf9300 DPL=0 DS   [-WA]
CS =0008 0000000000000000 ffffffff 00af9a00 DPL=0 CS64 [-R-]
SS =0010 0000000000000000 ffffffff 00cf9300 DPL=0 DS   [-WA]
DS =0010 0000000000000000 ffffffff 00cf9300 DPL=0 DS   [-WA]
FS =0010 0000000000000000 ffffffff 00cf9300 DPL=0 DS   [-WA]
GS =0010 0000000000000000 ffffffff 00cf9300 DPL=0 DS   [-WA]
LDT=0000 0000000000000000 0000ffff 00008200 DPL=0 LDT
TR =0040 0000000000299ae0 0000006f 00208900 DPL=0 TSS64-avl
GDT=     0000000000271ce0 0000004f
IDT=     0000000000271d60 00000fff
CR0=80000013 CR2=0000000000000000 CR3=00000000001ba000 CR4=00000620
DR0=0000000000000000 DR1=0000000000000000 DR2=0000000000000000 DR3=0000000000000000 
DR6=00000000ffff0ff0 DR7=0000000000000400
CCS=0000000000000091 CCD=fffffffffd2f9cc2 CCO=EFLAGS
EFER=0000000000000500
Servicing hardware INT=0x20
   426: v=20 e=0000 i=0 cpl=0 IP=0008:0000000000111ff2 pc=0000000000111ff2 SP=0010:00000000001b9e60 env->regs[R_EAX]=00000000002a9a54
RAX=00000000002a9a54 RBX=00000000cccccccd RCX=000000000000001b RDX=00000000000003f8
RSI=0000000000000000 RDI=00000000fee00000 RBP=00000000001b9ff0 RSP=00000000001b9e60
R8 =0000000000000001 R9 =0000000000000000 R10=00000000002f7000 R11=000000000000005e
R12=0000000000000000 R13=0000000000000001 R14=0000000000000001 R15=0000000000008003
RIP=0000000000111ff2 RFL=00000297 [--S-APC] CPL=0 II=0 A20=1 SMM=0 HLT=0
ES =0010 0000000000000000 ffffffff 00cf9300 DPL=0 DS   [-WA]
CS =0008 0000000000000000 ffffffff 00af9a00 DPL=0 CS64 [-R-]
SS =0010 0000000000000000 ffffffff 00cf9300 DPL=0 DS   [-WA]
DS =0010 0000000000000000 ffffffff 00cf9300 DPL=0 DS   [-WA]
FS =0010 0000000000000000 ffffffff 00cf9300 DPL=0 DS   [-WA]
GS =0010 0000000000000000 ffffffff 00cf9300 DPL=0 DS   [-WA]
LDT=0000 0000000000000000 0000ffff 00008200 DPL=0 LDT
TR =0040 0000000000299ae0 0000006f 00208900 DPL=0 TSS64-avl
GDT=     0000000000271ce0 0000004f
IDT=     0000000000271d60 00000fff
CR0=80000013 CR2=0000000000000000 CR3=00000000001ba000 CR4=00000620
DR0=0000000000000000 DR1=0000000000000000 DR2=0000000000000000 DR3=0000000000000000 
DR6=00000000ffff0ff0 DR7=0000000000000400
CCS=0000000000000095 CCD=fffffffffd2fa9d4 CCO=EFLAGS
EFER=0000000000000500
Servicing hardware INT=0x20
   427: v=20 e=0000 i=0 cpl=0 IP=0008:0000000000111ff2 pc=0000000000111ff2 SP=0010:00000000001b9e60 env->regs[R_EAX]=00000000002aca8c
RAX=00000000002aca8c RBX=00000000cccccccd RCX=000000000000001b RDX=00000000000003f8
RSI=0000000000000000 RDI=00000000fee00000 RBP=00000000001b9ff0 RSP=00000000001b9e60
R8 =0000000000000001 R9 =0000000000000000 R10=00000000002f7000 R11=000000000000005e
R12=0000000000000000 R13=0000000000000001 R14=0000000000000001 R15=0000000000008003
RIP=0000000000111ff2 RFL=00000297 [--S-APC] CPL=0 II=0 A20=1 SMM=0 HLT=0
ES =0010 0000000000000000 ffffffff 00cf9300 DPL=0 DS   [-WA]
CS =0008 0000000000000000 ffffffff 00af9a00 DPL=0 CS64 [-R-]
SS =0010 0000000000000000 ffffffff 00cf9300 DPL=0 DS   [-WA]
DS =0010 0000000000000000 ffffffff 00cf9300 DPL=0 DS   [-WA]
FS =0010 0000000000000000 ffffffff 00cf9300 DPL=0 DS   [-WA]
GS =0010 0000000000000000 ffffffff 00cf9300 DPL=0 DS   [-WA]
LDT=0000 0000000000000000 0000ffff 00008200 DPL=0 LDT
TR =0040 0000000000299ae0 0000006f 00208900 DPL=0 TSS64-avl
GDT=     0000000000271ce0 0000004f
IDT=     0000000000271d60 00000fff
CR0=80000013 CR2=0000000000000000 CR3=00000000001ba000 CR4=00000620
DR0=0000000000000000 DR1=0000000000000000 DR2=0000000000000000 DR3=0000000000000000 
DR6=00000000ffff0ff0 DR7=0000000000000400
CCS=0000000000000095 CCD=fffffffffd2fda0c CCO=EFLAGS
EFER=0000000000000500
Servicing hardware INT=0x20
   428: v=20 e=0000 i=0 cpl=0 IP=0008:0000000000111ff2 pc=0000000000111ff2 SP=0010:00000000001b9e60 env->regs[R_EAX]=00000000002ad3e6
RAX=00000000002ad3e6 RBX=00000000cccccccd RCX=000000000000001b RDX=00000000000003f8
RSI=0000000000000000 RDI=00000000fee00000 RBP=00000000001b9ff0 RSP=00000000001b9e60
R8 =0000000000000001 R9 =0000000000000000 R10=00000000002f7000 R11=000000000000005e
R12=0000000000000000 R13=0000000000000001 R14=0000000000000001 R15=0000000000008003
RIP=0000000000111ff2 RFL=00000297 [--S-APC] CPL=0 II=0 A20=1 SMM=0 HLT=0
ES =0010 0000000000000000 ffffffff 00cf9300 DPL=0 DS   [-WA]
CS =0008 0000000000000000 ffffffff 00af9a00 DPL=0 CS64 [-R-]
SS =0010 0000000000000000 ffffffff 00cf9300 DPL=0 DS   [-WA]
DS =0010 0000000000000000 ffffffff 00cf9300 DPL=0 DS   [-WA]
FS =0010 0000000000000000 ffffffff 00cf9300 DPL=0 DS   [-WA]
GS =0010 0000000000000000 ffffffff 00cf9300 DPL=0 DS   [-WA]
LDT=0000 0000000000000000 0000ffff 00008200 DPL=0 LDT
TR =0040 0000000000299ae0 0000006f 00208900 DPL=0 TSS64-avl
GDT=     0000000000271ce0 0000004f
IDT=     0000000000271d60 00000fff
CR0=80000013 CR2=0000000000000000 CR3=00000000001ba000 CR4=00000620
DR0=0000000000000000 DR1=0000000000000000 DR2=0000000000000000 DR3=0000000000000000 
DR6=00000000ffff0ff0 DR7=0000000000000400
CCS=0000000000000095 CCD=fffffffffd2fe366 CCO=EFLAGS
EFER=0000000000000500
Servicing hardware INT=0x20
   429: v=20 e=0000 i=0 cpl=0 IP=0008:0000000000111ff2 pc=0000000000111ff2 SP=0010:00000000001b9e60 env->regs[R_EAX]=00000000002b0314
RAX=00000000002b0314 RBX=00000000cccccccd RCX=000000000000001b RDX=00000000000003f8
RSI=0000000000000000 RDI=00000000fee00000 RBP=00000000001b9ff0 RSP=00000000001b9e60
R8 =0000000000000001 R9 =0000000000000000 R10=00000000002f7000 R11=000000000000005e
R12=0000000000000000 R13=0000000000000001 R14=0000000000000001 R15=0000000000008003
RIP=0000000000111ff2 RFL=00000293 [--S-A-C] CPL=0 II=0 A20=1 SMM=0 HLT=0
ES =0010 0000000000000000 ffffffff 00cf9300 DPL=0 DS   [-WA]
CS =0008 0000000000000000 ffffffff 00af9a00 DPL=0 CS64 [-R-]
SS =0010 0000000000000000 ffffffff 00cf9300 DPL=0 DS   [-WA]
DS =0010 0000000000000000 ffffffff 00cf9300 DPL=0 DS   [-WA]
FS =0010 0000000000000000 ffffffff 00cf9300 DPL=0 DS   [-WA]
GS =0010 0000000000000000 ffffffff 00cf9300 DPL=0 DS   [-WA]
LDT=0000 0000000000000000 0000ffff 00008200 DPL=0 LDT
TR =0040 0000000000299ae0 0000006f 00208900 DPL=0 TSS64-avl
GDT=     0000000000271ce0 0000004f
IDT=     0000000000271d60 00000fff
CR0=80000013 CR2=0000000000000000 CR3=00000000001ba000 CR4=00000620
DR0=0000000000000000 DR1=0000000000000000 DR2=0000000000000000 DR3=0000000000000000 
DR6=00000000ffff0ff0 DR7=0000000000000400
CCS=0000000000000091 CCD=fffffffffd301294 CCO=EFLAGS
EFER=0000000000000500
Servicing hardware INT=0x20
   430: v=20 e=0000 i=0 cpl=0 IP=0008:0000000000111ff2 pc=0000000000111ff2 SP=0010:00000000001b9e60 env->regs[R_EAX]=00000000002b10d9
RAX=00000000002b10d9 RBX=00000000cccccccd RCX=000000000000001b RDX=00000000000003f8
RSI=0000000000000000 RDI=00000000fee00000 RBP=00000000001b9ff0 RSP=00000000001b9e60
R8 =0000000000000001 R9 =0000000000000000 R10=00000000002f7000 R11=000000000000005e
R12=0000000000000000 R13=0000000000000001 R14=0000000000000001 R15=0000000000008003
RIP=0000000000111ff2 RFL=00000297 [--S-APC] CPL=0 II=0 A20=1 SMM=0 HLT=0
ES =0010 0000000000000000 ffffffff 00cf9300 DPL=0 DS   [-WA]
CS =0008 0000000000000000 ffffffff 00af9a00 DPL=0 CS64 [-R-]
SS =0010 0000000000000000 ffffffff 00cf9300 DPL=0 DS   [-WA]
DS =0010 0000000000000000 ffffffff 00cf9300 DPL=0 DS   [-WA]
FS =0010 0000000000000000 ffffffff 00cf9300 DPL=0 DS   [-WA]
GS =0010 0000000000000000 ffffffff 00cf9300 DPL=0 DS   [-WA]
LDT=0000 0000000000000000 0000ffff 00008200 DPL=0 LDT
TR =0040 0000000000299ae0 0000006f 00208900 DPL=0 TSS64-avl
GDT=     0000000000271ce0 0000004f
IDT=     0000000000271d60 00000fff
CR0=80000013 CR2=0000000000000000 CR3=00000000001ba000 CR4=00000620
DR0=0000000000000000 DR1=0000000000000000 DR2=0000000000000000 DR3=0000000000000000 
DR6=00000000ffff0ff0 DR7=0000000000000400
CCS=0000000000000095 CCD=fffffffffd302059 CCO=EFLAGS
EFER=0000000000000500
Servicing hardware INT=0x20
   431: v=20 e=0000 i=0 cpl=0 IP=0008:0000000000111ff2 pc=0000000000111ff2 SP=0010:00000000001b9e60 env->regs[R_EAX]=00000000002b3f5f
RAX=00000000002b3f5f RBX=00000000cccccccd RCX=000000000000001b RDX=00000000000003f8
RSI=0000000000000000 RDI=00000000fee00000 RBP=00000000001b9ff0 RSP=00000000001b9e60
R8 =0000000000000001 R9 =0000000000000000 R10=00000000002f7000 R11=000000000000005e
R12=0000000000000000 R13=0000000000000001 R14=0000000000000001 R15=0000000000008003
RIP=0000000000111ff2 RFL=00000293 [--S-A-C] CPL=0 II=0 A20=1 SMM=0 HLT=0
ES =0010 0000000000000000 ffffffff 00cf9300 DPL=0 DS   [-WA]
CS =0008 0000000000000000 ffffffff 00af9a00 DPL=0 CS64 [-R-]
SS =0010 0000000000000000 ffffffff 00cf9300 DPL=0 DS   [-WA]
DS =0010 0000000000000000 ffffffff 00cf9300 DPL=0 DS   [-WA]
FS =0010 0000000000000000 ffffffff 00cf9300 DPL=0 DS   [-WA]
GS =0010 0000000000000000 ffffffff 00cf9300 DPL=0 DS   [-WA]
LDT=0000 0000000000000000 0000ffff 00008200 DPL=0 LDT
TR =0040 0000000000299ae0 0000006f 00208900 DPL=0 TSS64-avl
GDT=     0000000000271ce0 0000004f
IDT=     0000000000271d60 00000fff
CR0=80000013 CR2=0000000000000000 CR3=00000000001ba000 CR4=00000620
DR0=0000000000000000 DR1=0000000000000000 DR2=0000000000000000 DR3=0000000000000000 
DR6=00000000ffff0ff0 DR7=0000000000000400
CCS=0000000000000091 CCD=fffffffffd304edf CCO=EFLAGS
EFER=0000000000000500
Servicing hardware INT=0x20
   432: v=20 e=0000 i=0 cpl=0 IP=0008:0000000000111ff2 pc=0000000000111ff2 SP=0010:00000000001b9e60 env->regs[R_EAX]=00000000002b4ae5
RAX=00000000002b4ae5 RBX=00000000cccccccd RCX=000000000000001b RDX=00000000000003f8
RSI=0000000000000000 RDI=00000000fee00000 RBP=00000000001b9ff0 RSP=00000000001b9e60
R8 =0000000000000001 R9 =0000000000000000 R10=00000000002f7000 R11=000000000000005e
R12=0000000000000000 R13=0000000000000001 R14=0000000000000001 R15=0000000000008003
RIP=0000000000111ff2 RFL=00000297 [--S-APC] CPL=0 II=0 A20=1 SMM=0 HLT=0
ES =0010 0000000000000000 ffffffff 00cf9300 DPL=0 DS   [-WA]
CS =0008 0000000000000000 ffffffff 00af9a00 DPL=0 CS64 [-R-]
SS =0010 0000000000000000 ffffffff 00cf9300 DPL=0 DS   [-WA]
DS =0010 0000000000000000 ffffffff 00cf9300 DPL=0 DS   [-WA]
FS =0010 0000000000000000 ffffffff 00cf9300 DPL=0 DS   [-WA]
GS =0010 0000000000000000 ffffffff 00cf9300 DPL=0 DS   [-WA]
LDT=0000 0000000000000000 0000ffff 00008200 DPL=0 LDT
TR =0040 0000000000299ae0 0000006f 00208900 DPL=0 TSS64-avl
GDT=     0000000000271ce0 0000004f
IDT=     0000000000271d60 00000fff
CR0=80000013 CR2=0000000000000000 CR3=00000000001ba000 CR4=00000620
DR0=0000000000000000 DR1=0000000000000000 DR2=0000000000000000 DR3=0000000000000000 
DR6=00000000ffff0ff0 DR7=0000000000000400
CCS=0000000000000095 CCD=fffffffffd305a65 CCO=EFLAGS
EFER=0000000000000500
Servicing hardware INT=0x20
   433: v=20 e=0000 i=0 cpl=0 IP=0008:0000000000111ff2 pc=0000000000111ff2 SP=0010:00000000001b9e60 env->regs[R_EAX]=00000000002b7afb
RAX=00000000002b7afb RBX=00000000cccccccd RCX=000000000000001b RDX=00000000000003f8
RSI=0000000000000000 RDI=00000000fee00000 RBP=00000000001b9ff0 RSP=00000000001b9e60
R8 =0000000000000001 R9 =0000000000000000 R10=00000000002f7000 R11=000000000000005e
R12=0000000000000000 R13=0000000000000001 R14=0000000000000001 R15=0000000000008003
RIP=0000000000111ff2 RFL=00000297 [--S-APC] CPL=0 II=0 A20=1 SMM=0 HLT=0
ES =0010 0000000000000000 ffffffff 00cf9300 DPL=0 DS   [-WA]
CS =0008 0000000000000000 ffffffff 00af9a00 DPL=0 CS64 [-R-]
SS =0010 0000000000000000 ffffffff 00cf9300 DPL=0 DS   [-WA]
DS =0010 0000000000000000 ffffffff 00cf9300 DPL=0 DS   [-WA]
FS =0010 0000000000000000 ffffffff 00cf9300 DPL=0 DS   [-WA]
GS =0010 0000000000000000 ffffffff 00cf9300 DPL=0 DS   [-WA]
LDT=0000 0000000000000000 0000ffff 00008200 DPL=0 LDT
TR =0040 0000000000299ae0 0000006f 00208900 DPL=0 TSS64-avl
GDT=     0000000000271ce0 0000004f
IDT=     0000000000271d60 00000fff
CR0=80000013 CR2=0000000000000000 CR3=00000000001ba000 CR4=00000620
DR0=0000000000000000 DR1=0000000000000000 DR2=0000000000000000 DR3=0000000000000000 
DR6=00000000ffff0ff0 DR7=0000000000000400
CCS=0000000000000095 CCD=fffffffffd308a7b CCO=EFLAGS
EFER=0000000000000500
Servicing hardware INT=0x20
   434: v=20 e=0000 i=0 cpl=0 IP=0008:0000000000111ff2 pc=0000000000111ff2 SP=0010:00000000001b9e60 env->regs[R_EAX]=00000000002b8635
RAX=00000000002b8635 RBX=00000000cccccccd RCX=000000000000001b RDX=00000000000003f8
RSI=0000000000000000 RDI=00000000fee00000 RBP=00000000001b9ff0 RSP=00000000001b9e60
R8 =0000000000000001 R9 =0000000000000000 R10=00000000002f7000 R11=000000000000005e
R12=0000000000000000 R13=0000000000000001 R14=0000000000000001 R15=0000000000008003
RIP=0000000000111ff2 RFL=00000293 [--S-A-C] CPL=0 II=0 A20=1 SMM=0 HLT=0
ES =0010 0000000000000000 ffffffff 00cf9300 DPL=0 DS   [-WA]
CS =0008 0000000000000000 ffffffff 00af9a00 DPL=0 CS64 [-R-]
SS =0010 0000000000000000 ffffffff 00cf9300 DPL=0 DS   [-WA]
DS =0010 0000000000000000 ffffffff 00cf9300 DPL=0 DS   [-WA]
FS =0010 0000000000000000 ffffffff 00cf9300 DPL=0 DS   [-WA]
GS =0010 0000000000000000 ffffffff 00cf9300 DPL=0 DS   [-WA]
LDT=0000 0000000000000000 0000ffff 00008200 DPL=0 LDT
TR =0040 0000000000299ae0 0000006f 00208900 DPL=0 TSS64-avl
GDT=     0000000000271ce0 0000004f
IDT=     0000000000271d60 00000fff
CR0=80000013 CR2=0000000000000000 CR3=00000000001ba000 CR4=00000620
DR0=0000000000000000 DR1=0000000000000000 DR2=0000000000000000 DR3=0000000000000000 
DR6=00000000ffff0ff0 DR7=0000000000000400
CCS=0000000000000091 CCD=fffffffffd3095b5 CCO=EFLAGS
EFER=0000000000000500
Servicing hardware INT=0x20
   435: v=20 e=0000 i=0 cpl=0 IP=0008:0000000000111ff2 pc=0000000000111ff2 SP=0010:00000000001b9e60 env->regs[R_EAX]=00000000002bb5cb
RAX=00000000002bb5cb RBX=00000000cccccccd RCX=000000000000001b RDX=00000000000003f8
RSI=0000000000000000 RDI=00000000fee00000 RBP=00000000001b9ff0 RSP=00000000001b9e60
R8 =0000000000000001 R9 =0000000000000000 R10=00000000002f7000 R11=000000000000005e
R12=0000000000000000 R13=0000000000000001 R14=0000000000000001 R15=0000000000008003
RIP=0000000000111ff2 RFL=00000297 [--S-APC] CPL=0 II=0 A20=1 SMM=0 HLT=0
ES =0010 0000000000000000 ffffffff 00cf9300 DPL=0 DS   [-WA]
CS =0008 0000000000000000 ffffffff 00af9a00 DPL=0 CS64 [-R-]
SS =0010 0000000000000000 ffffffff 00cf9300 DPL=0 DS   [-WA]
DS =0010 0000000000000000 ffffffff 00cf9300 DPL=0 DS   [-WA]
FS =0010 0000000000000000 ffffffff 00cf9300 DPL=0 DS   [-WA]
GS =0010 0000000000000000 ffffffff 00cf9300 DPL=0 DS   [-WA]
LDT=0000 0000000000000000 0000ffff 00008200 DPL=0 LDT
TR =0040 0000000000299ae0 0000006f 00208900 DPL=0 TSS64-avl
GDT=     0000000000271ce0 0000004f
IDT=     0000000000271d60 00000fff
CR0=80000013 CR2=0000000000000000 CR3=00000000001ba000 CR4=00000620
DR0=0000000000000000 DR1=0000000000000000 DR2=0000000000000000 DR3=0000000000000000 
DR6=00000000ffff0ff0 DR7=0000000000000400
CCS=0000000000000095 CCD=fffffffffd30c54b CCO=EFLAGS
EFER=0000000000000500
Servicing hardware INT=0x20
   436: v=20 e=0000 i=0 cpl=0 IP=0008:0000000000111ff2 pc=0000000000111ff2 SP=0010:00000000001b9e60 env->regs[R_EAX]=00000000002bc33e
RAX=00000000002bc33e RBX=00000000cccccccd RCX=000000000000001b RDX=00000000000003f8
RSI=0000000000000000 RDI=00000000fee00000 RBP=00000000001b9ff0 RSP=00000000001b9e60
R8 =0000000000000001 R9 =0000000000000000 R10=00000000002f7000 R11=000000000000005e
R12=0000000000000000 R13=0000000000000001 R14=0000000000000001 R15=0000000000008003
RIP=0000000000111ff2 RFL=00000297 [--S-APC] CPL=0 II=0 A20=1 SMM=0 HLT=0
ES =0010 0000000000000000 ffffffff 00cf9300 DPL=0 DS   [-WA]
CS =0008 0000000000000000 ffffffff 00af9a00 DPL=0 CS64 [-R-]
SS =0010 0000000000000000 ffffffff 00cf9300 DPL=0 DS   [-WA]
DS =0010 0000000000000000 ffffffff 00cf9300 DPL=0 DS   [-WA]
FS =0010 0000000000000000 ffffffff 00cf9300 DPL=0 DS   [-WA]
GS =0010 0000000000000000 ffffffff 00cf9300 DPL=0 DS   [-WA]
LDT=0000 0000000000000000 0000ffff 00008200 DPL=0 LDT
TR =0040 0000000000299ae0 0000006f 00208900 DPL=0 TSS64-avl
GDT=     0000000000271ce0 0000004f
IDT=     0000000000271d60 00000fff
CR0=80000013 CR2=0000000000000000 CR3=00000000001ba000 CR4=00000620
DR0=0000000000000000 DR1=0000000000000000 DR2=0000000000000000 DR3=0000000000000000 
DR6=00000000ffff0ff0 DR7=0000000000000400
CCS=0000000000000095 CCD=fffffffffd30d2be CCO=EFLAGS
EFER=0000000000000500
Servicing hardware INT=0x20
   437: v=20 e=0000 i=0 cpl=0 IP=0008:0000000000111ff2 pc=0000000000111ff2 SP=0010:00000000001b9e60 env->regs[R_EAX]=00000000002bf015
RAX=00000000002bf015 RBX=00000000cccccccd RCX=000000000000001b RDX=00000000000003f8
RSI=0000000000000000 RDI=00000000fee00000 RBP=00000000001b9ff0 RSP=00000000001b9e60
R8 =0000000000000001 R9 =0000000000000000 R10=00000000002f7000 R11=000000000000005e
R12=0000000000000000 R13=0000000000000001 R14=0000000000000001 R15=0000000000008003
RIP=0000000000111ff2 RFL=00000297 [--S-APC] CPL=0 II=0 A20=1 SMM=0 HLT=0
ES =0010 0000000000000000 ffffffff 00cf9300 DPL=0 DS   [-WA]
CS =0008 0000000000000000 ffffffff 00af9a00 DPL=0 CS64 [-R-]
SS =0010 0000000000000000 ffffffff 00cf9300 DPL=0 DS   [-WA]
DS =0010 0000000000000000 ffffffff 00cf9300 DPL=0 DS   [-WA]
FS =0010 0000000000000000 ffffffff 00cf9300 DPL=0 DS   [-WA]
GS =0010 0000000000000000 ffffffff 00cf9300 DPL=0 DS   [-WA]
LDT=0000 0000000000000000 0000ffff 00008200 DPL=0 LDT
TR =0040 0000000000299ae0 0000006f 00208900 DPL=0 TSS64-avl
GDT=     0000000000271ce0 0000004f
IDT=     0000000000271d60 00000fff
CR0=80000013 CR2=0000000000000000 CR3=00000000001ba000 CR4=00000620
DR0=0000000000000000 DR1=0000000000000000 DR2=0000000000000000 DR3=0000000000000000 
DR6=00000000ffff0ff0 DR7=0000000000000400
CCS=0000000000000095 CCD=fffffffffd30ff95 CCO=EFLAGS
EFER=0000000000000500
Servicing hardware INT=0x20
   438: v=20 e=0000 i=0 cpl=0 IP=0008:0000000000111ff2 pc=0000000000111ff2 SP=0010:00000000001b9e60 env->regs[R_EAX]=00000000002bfbd2
RAX=00000000002bfbd2 RBX=00000000cccccccd RCX=000000000000001b RDX=00000000000003f8
RSI=0000000000000000 RDI=00000000fee00000 RBP=00000000001b9ff0 RSP=00000000001b9e60
R8 =0000000000000001 R9 =0000000000000000 R10=00000000002f7000 R11=000000000000005e
R12=0000000000000000 R13=0000000000000001 R14=0000000000000001 R15=0000000000008003
RIP=0000000000111ff2 RFL=00000293 [--S-A-C] CPL=0 II=0 A20=1 SMM=0 HLT=0
ES =0010 0000000000000000 ffffffff 00cf9300 DPL=0 DS   [-WA]
CS =0008 0000000000000000 ffffffff 00af9a00 DPL=0 CS64 [-R-]
SS =0010 0000000000000000 ffffffff 00cf9300 DPL=0 DS   [-WA]
DS =0010 0000000000000000 ffffffff 00cf9300 DPL=0 DS   [-WA]
FS =0010 0000000000000000 ffffffff 00cf9300 DPL=0 DS   [-WA]
GS =0010 0000000000000000 ffffffff 00cf9300 DPL=0 DS   [-WA]
LDT=0000 0000000000000000 0000ffff 00008200 DPL=0 LDT
TR =0040 0000000000299ae0 0000006f 00208900 DPL=0 TSS64-avl
GDT=     0000000000271ce0 0000004f
IDT=     0000000000271d60 00000fff
CR0=80000013 CR2=0000000000000000 CR3=00000000001ba000 CR4=00000620
DR0=0000000000000000 DR1=0000000000000000 DR2=0000000000000000 DR3=0000000000000000 
DR6=00000000ffff0ff0 DR7=0000000000000400
CCS=0000000000000091 CCD=fffffffffd310b52 CCO=EFLAGS
EFER=0000000000000500
Servicing hardware INT=0x20
   439: v=20 e=0000 i=0 cpl=0 IP=0008:0000000000111ff2 pc=0000000000111ff2 SP=0010:00000000001b9e60 env->regs[R_EAX]=00000000002c2bab
RAX=00000000002c2bab RBX=00000000cccccccd RCX=000000000000001b RDX=00000000000003f8
RSI=0000000000000000 RDI=00000000fee00000 RBP=00000000001b9ff0 RSP=00000000001b9e60
R8 =0000000000000001 R9 =0000000000000000 R10=00000000002f7000 R11=000000000000005e
R12=0000000000000000 R13=0000000000000001 R14=0000000000000001 R15=0000000000008003
RIP=0000000000111ff2 RFL=00000297 [--S-APC] CPL=0 II=0 A20=1 SMM=0 HLT=0
ES =0010 0000000000000000 ffffffff 00cf9300 DPL=0 DS   [-WA]
CS =0008 0000000000000000 ffffffff 00af9a00 DPL=0 CS64 [-R-]
SS =0010 0000000000000000 ffffffff 00cf9300 DPL=0 DS   [-WA]
DS =0010 0000000000000000 ffffffff 00cf9300 DPL=0 DS   [-WA]
FS =0010 0000000000000000 ffffffff 00cf9300 DPL=0 DS   [-WA]
GS =0010 0000000000000000 ffffffff 00cf9300 DPL=0 DS   [-WA]
LDT=0000 0000000000000000 0000ffff 00008200 DPL=0 LDT
TR =0040 0000000000299ae0 0000006f 00208900 DPL=0 TSS64-avl
GDT=     0000000000271ce0 0000004f
IDT=     0000000000271d60 00000fff
CR0=80000013 CR2=0000000000000000 CR3=00000000001ba000 CR4=00000620
DR0=0000000000000000 DR1=0000000000000000 DR2=0000000000000000 DR3=0000000000000000 
DR6=00000000ffff0ff0 DR7=0000000000000400
CCS=0000000000000095 CCD=fffffffffd313b2b CCO=EFLAGS
EFER=0000000000000500
Servicing hardware INT=0x20
   440: v=20 e=0000 i=0 cpl=0 IP=0008:0000000000111ff2 pc=0000000000111ff2 SP=0010:00000000001b9e60 env->regs[R_EAX]=00000000002c3992
RAX=00000000002c3992 RBX=00000000cccccccd RCX=000000000000001b RDX=00000000000003f8
RSI=0000000000000000 RDI=00000000fee00000 RBP=00000000001b9ff0 RSP=00000000001b9e60
R8 =0000000000000001 R9 =0000000000000000 R10=00000000002f7000 R11=000000000000005e
R12=0000000000000000 R13=0000000000000001 R14=0000000000000001 R15=0000000000008003
RIP=0000000000111ff2 RFL=00000297 [--S-APC] CPL=0 II=0 A20=1 SMM=0 HLT=0
ES =0010 0000000000000000 ffffffff 00cf9300 DPL=0 DS   [-WA]
CS =0008 0000000000000000 ffffffff 00af9a00 DPL=0 CS64 [-R-]
SS =0010 0000000000000000 ffffffff 00cf9300 DPL=0 DS   [-WA]
DS =0010 0000000000000000 ffffffff 00cf9300 DPL=0 DS   [-WA]
FS =0010 0000000000000000 ffffffff 00cf9300 DPL=0 DS   [-WA]
GS =0010 0000000000000000 ffffffff 00cf9300 DPL=0 DS   [-WA]
LDT=0000 0000000000000000 0000ffff 00008200 DPL=0 LDT
TR =0040 0000000000299ae0 0000006f 00208900 DPL=0 TSS64-avl
GDT=     0000000000271ce0 0000004f
IDT=     0000000000271d60 00000fff
CR0=80000013 CR2=0000000000000000 CR3=00000000001ba000 CR4=00000620
DR0=0000000000000000 DR1=0000000000000000 DR2=0000000000000000 DR3=0000000000000000 
DR6=00000000ffff0ff0 DR7=0000000000000400
CCS=0000000000000095 CCD=fffffffffd314912 CCO=EFLAGS
EFER=0000000000000500
Servicing hardware INT=0x20
   441: v=20 e=0000 i=0 cpl=0 IP=0008:0000000000111ff2 pc=0000000000111ff2 SP=0010:00000000001b9e60 env->regs[R_EAX]=00000000002c6729
RAX=00000000002c6729 RBX=00000000cccccccd RCX=000000000000001b RDX=00000000000003f8
RSI=0000000000000000 RDI=00000000fee00000 RBP=00000000001b9ff0 RSP=00000000001b9e60
R8 =0000000000000001 R9 =0000000000000000 R10=00000000002f7000 R11=000000000000005e
R12=0000000000000000 R13=0000000000000001 R14=0000000000000001 R15=0000000000008003
RIP=0000000000111ff2 RFL=00000297 [--S-APC] CPL=0 II=0 A20=1 SMM=0 HLT=0
ES =0010 0000000000000000 ffffffff 00cf9300 DPL=0 DS   [-WA]
CS =0008 0000000000000000 ffffffff 00af9a00 DPL=0 CS64 [-R-]
SS =0010 0000000000000000 ffffffff 00cf9300 DPL=0 DS   [-WA]
DS =0010 0000000000000000 ffffffff 00cf9300 DPL=0 DS   [-WA]
FS =0010 0000000000000000 ffffffff 00cf9300 DPL=0 DS   [-WA]
GS =0010 0000000000000000 ffffffff 00cf9300 DPL=0 DS   [-WA]
LDT=0000 0000000000000000 0000ffff 00008200 DPL=0 LDT
TR =0040 0000000000299ae0 0000006f 00208900 DPL=0 TSS64-avl
GDT=     0000000000271ce0 0000004f
IDT=     0000000000271d60 00000fff
CR0=80000013 CR2=0000000000000000 CR3=00000000001ba000 CR4=00000620
DR0=0000000000000000 DR1=0000000000000000 DR2=0000000000000000 DR3=0000000000000000 
DR6=00000000ffff0ff0 DR7=0000000000000400
CCS=0000000000000095 CCD=fffffffffd3176a9 CCO=EFLAGS
EFER=0000000000000500
Servicing hardware INT=0x20
   442: v=20 e=0000 i=0 cpl=0 IP=0008:0000000000111ff2 pc=0000000000111ff2 SP=0010:00000000001b9e60 env->regs[R_EAX]=00000000002c7376
RAX=00000000002c7376 RBX=00000000cccccccd RCX=000000000000001b RDX=00000000000003f8
RSI=0000000000000000 RDI=00000000fee00000 RBP=00000000001b9ff0 RSP=00000000001b9e60
R8 =0000000000000001 R9 =0000000000000000 R10=00000000002f7000 R11=000000000000005e
R12=0000000000000000 R13=0000000000000001 R14=0000000000000001 R15=0000000000008003
RIP=0000000000111ff2 RFL=00000297 [--S-APC] CPL=0 II=0 A20=1 SMM=0 HLT=0
ES =0010 0000000000000000 ffffffff 00cf9300 DPL=0 DS   [-WA]
CS =0008 0000000000000000 ffffffff 00af9a00 DPL=0 CS64 [-R-]
SS =0010 0000000000000000 ffffffff 00cf9300 DPL=0 DS   [-WA]
DS =0010 0000000000000000 ffffffff 00cf9300 DPL=0 DS   [-WA]
FS =0010 0000000000000000 ffffffff 00cf9300 DPL=0 DS   [-WA]
GS =0010 0000000000000000 ffffffff 00cf9300 DPL=0 DS   [-WA]
LDT=0000 0000000000000000 0000ffff 00008200 DPL=0 LDT
TR =0040 0000000000299ae0 0000006f 00208900 DPL=0 TSS64-avl
GDT=     0000000000271ce0 0000004f
IDT=     0000000000271d60 00000fff
CR0=80000013 CR2=0000000000000000 CR3=00000000001ba000 CR4=00000620
DR0=0000000000000000 DR1=0000000000000000 DR2=0000000000000000 DR3=0000000000000000 
DR6=00000000ffff0ff0 DR7=0000000000000400
CCS=0000000000000095 CCD=fffffffffd3182f6 CCO=EFLAGS
EFER=0000000000000500
Servicing hardware INT=0x20
   443: v=20 e=0000 i=0 cpl=0 IP=0008:0000000000111ff2 pc=0000000000111ff2 SP=0010:00000000001b9e60 env->regs[R_EAX]=00000000002ca4ed
RAX=00000000002ca4ed RBX=00000000cccccccd RCX=000000000000001b RDX=00000000000003f8
RSI=0000000000000000 RDI=00000000fee00000 RBP=00000000001b9ff0 RSP=00000000001b9e60
R8 =0000000000000001 R9 =0000000000000000 R10=00000000002f7000 R11=000000000000005e
R12=0000000000000000 R13=0000000000000001 R14=0000000000000001 R15=0000000000008003
RIP=0000000000111ff2 RFL=00000293 [--S-A-C] CPL=0 II=0 A20=1 SMM=0 HLT=0
ES =0010 0000000000000000 ffffffff 00cf9300 DPL=0 DS   [-WA]
CS =0008 0000000000000000 ffffffff 00af9a00 DPL=0 CS64 [-R-]
SS =0010 0000000000000000 ffffffff 00cf9300 DPL=0 DS   [-WA]
DS =0010 0000000000000000 ffffffff 00cf9300 DPL=0 DS   [-WA]
FS =0010 0000000000000000 ffffffff 00cf9300 DPL=0 DS   [-WA]
GS =0010 0000000000000000 ffffffff 00cf9300 DPL=0 DS   [-WA]
LDT=0000 0000000000000000 0000ffff 00008200 DPL=0 LDT
TR =0040 0000000000299ae0 0000006f 00208900 DPL=0 TSS64-avl
GDT=     0000000000271ce0 0000004f
IDT=     0000000000271d60 00000fff
CR0=80000013 CR2=0000000000000000 CR3=00000000001ba000 CR4=00000620
DR0=0000000000000000 DR1=0000000000000000 DR2=0000000000000000 DR3=0000000000000000 
DR6=00000000ffff0ff0 DR7=0000000000000400
CCS=0000000000000091 CCD=fffffffffd31b46d CCO=EFLAGS
EFER=0000000000000500
Servicing hardware INT=0x20
   444: v=20 e=0000 i=0 cpl=0 IP=0008:0000000000111ff2 pc=0000000000111ff2 SP=0010:00000000001b9e60 env->regs[R_EAX]=00000000002caf08
RAX=00000000002caf08 RBX=00000000cccccccd RCX=000000000000001b RDX=00000000000003f8
RSI=0000000000000000 RDI=00000000fee00000 RBP=00000000001b9ff0 RSP=00000000001b9e60
R8 =0000000000000001 R9 =0000000000000000 R10=00000000002f7000 R11=000000000000005e
R12=0000000000000000 R13=0000000000000001 R14=0000000000000001 R15=0000000000008003
RIP=0000000000111ff2 RFL=00000297 [--S-APC] CPL=0 II=0 A20=1 SMM=0 HLT=0
ES =0010 0000000000000000 ffffffff 00cf9300 DPL=0 DS   [-WA]
CS =0008 0000000000000000 ffffffff 00af9a00 DPL=0 CS64 [-R-]
SS =0010 0000000000000000 ffffffff 00cf9300 DPL=0 DS   [-WA]
DS =0010 0000000000000000 ffffffff 00cf9300 DPL=0 DS   [-WA]
FS =0010 0000000000000000 ffffffff 00cf9300 DPL=0 DS   [-WA]
GS =0010 0000000000000000 ffffffff 00cf9300 DPL=0 DS   [-WA]
LDT=0000 0000000000000000 0000ffff 00008200 DPL=0 LDT
TR =0040 0000000000299ae0 0000006f 00208900 DPL=0 TSS64-avl
GDT=     0000000000271ce0 0000004f
IDT=     0000000000271d60 00000fff
CR0=80000013 CR2=0000000000000000 CR3=00000000001ba000 CR4=00000620
DR0=0000000000000000 DR1=0000000000000000 DR2=0000000000000000 DR3=0000000000000000 
DR6=00000000ffff0ff0 DR7=0000000000000400
CCS=0000000000000095 CCD=fffffffffd31be88 CCO=EFLAGS
EFER=0000000000000500
Servicing hardware INT=0x20
   445: v=20 e=0000 i=0 cpl=0 IP=0008:0000000000111ff2 pc=0000000000111ff2 SP=0010:00000000001b9e60 env->regs[R_EAX]=00000000002cdc6a
RAX=00000000002cdc6a RBX=00000000cccccccd RCX=000000000000001b RDX=00000000000003f8
RSI=0000000000000000 RDI=00000000fee00000 RBP=00000000001b9ff0 RSP=00000000001b9e60
R8 =0000000000000001 R9 =0000000000000000 R10=00000000002f7000 R11=000000000000005e
R12=0000000000000000 R13=0000000000000001 R14=0000000000000001 R15=0000000000008003
RIP=0000000000111ff2 RFL=00000293 [--S-A-C] CPL=0 II=0 A20=1 SMM=0 HLT=0
ES =0010 0000000000000000 ffffffff 00cf9300 DPL=0 DS   [-WA]
CS =0008 0000000000000000 ffffffff 00af9a00 DPL=0 CS64 [-R-]
SS =0010 0000000000000000 ffffffff 00cf9300 DPL=0 DS   [-WA]
DS =0010 0000000000000000 ffffffff 00cf9300 DPL=0 DS   [-WA]
FS =0010 0000000000000000 ffffffff 00cf9300 DPL=0 DS   [-WA]
GS =0010 0000000000000000 ffffffff 00cf9300 DPL=0 DS   [-WA]
LDT=0000 0000000000000000 0000ffff 00008200 DPL=0 LDT
TR =0040 0000000000299ae0 0000006f 00208900 DPL=0 TSS64-avl
GDT=     0000000000271ce0 0000004f
IDT=     0000000000271d60 00000fff
CR0=80000013 CR2=0000000000000000 CR3=00000000001ba000 CR4=00000620
DR0=0000000000000000 DR1=0000000000000000 DR2=0000000000000000 DR3=0000000000000000 
DR6=00000000ffff0ff0 DR7=0000000000000400
CCS=0000000000000091 CCD=fffffffffd31ebea CCO=EFLAGS
EFER=0000000000000500
Servicing hardware INT=0x20
   446: v=20 e=0000 i=0 cpl=0 IP=0008:0000000000111ff2 pc=0000000000111ff2 SP=0010:00000000001b9e60 env->regs[R_EAX]=00000000002cf158
RAX=00000000002cf158 RBX=00000000cccccccd RCX=000000000000001b RDX=00000000000003f8
RSI=0000000000000000 RDI=00000000fee00000 RBP=00000000001b9ff0 RSP=00000000001b9e60
R8 =0000000000000001 R9 =0000000000000000 R10=00000000002f7000 R11=000000000000005e
R12=0000000000000000 R13=0000000000000001 R14=0000000000000001 R15=0000000000008003
RIP=0000000000111ff2 RFL=00000297 [--S-APC] CPL=0 II=0 A20=1 SMM=0 HLT=0
ES =0010 0000000000000000 ffffffff 00cf9300 DPL=0 DS   [-WA]
CS =0008 0000000000000000 ffffffff 00af9a00 DPL=0 CS64 [-R-]
SS =0010 0000000000000000 ffffffff 00cf9300 DPL=0 DS   [-WA]
DS =0010 0000000000000000 ffffffff 00cf9300 DPL=0 DS   [-WA]
FS =0010 0000000000000000 ffffffff 00cf9300 DPL=0 DS   [-WA]
GS =0010 0000000000000000 ffffffff 00cf9300 DPL=0 DS   [-WA]
LDT=0000 0000000000000000 0000ffff 00008200 DPL=0 LDT
TR =0040 0000000000299ae0 0000006f 00208900 DPL=0 TSS64-avl
GDT=     0000000000271ce0 0000004f
IDT=     0000000000271d60 00000fff
CR0=80000013 CR2=0000000000000000 CR3=00000000001ba000 CR4=00000620
DR0=0000000000000000 DR1=0000000000000000 DR2=0000000000000000 DR3=0000000000000000 
DR6=00000000ffff0ff0 DR7=0000000000000400
CCS=0000000000000095 CCD=fffffffffd3200d8 CCO=EFLAGS
EFER=0000000000000500
Servicing hardware INT=0x20
   447: v=20 e=0000 i=0 cpl=0 IP=0008:0000000000111ff2 pc=0000000000111ff2 SP=0010:00000000001b9e60 env->regs[R_EAX]=00000000002d1502
RAX=00000000002d1502 RBX=00000000cccccccd RCX=000000000000001b RDX=00000000000003f8
RSI=0000000000000000 RDI=00000000fee00000 RBP=00000000001b9ff0 RSP=00000000001b9e60
R8 =0000000000000001 R9 =0000000000000000 R10=00000000002f7000 R11=000000000000005e
R12=0000000000000000 R13=0000000000000001 R14=0000000000000001 R15=0000000000008003
RIP=0000000000111ff2 RFL=00000297 [--S-APC] CPL=0 II=0 A20=1 SMM=0 HLT=0
ES =0010 0000000000000000 ffffffff 00cf9300 DPL=0 DS   [-WA]
CS =0008 0000000000000000 ffffffff 00af9a00 DPL=0 CS64 [-R-]
SS =0010 0000000000000000 ffffffff 00cf9300 DPL=0 DS   [-WA]
DS =0010 0000000000000000 ffffffff 00cf9300 DPL=0 DS   [-WA]
FS =0010 0000000000000000 ffffffff 00cf9300 DPL=0 DS   [-WA]
GS =0010 0000000000000000 ffffffff 00cf9300 DPL=0 DS   [-WA]
LDT=0000 0000000000000000 0000ffff 00008200 DPL=0 LDT
TR =0040 0000000000299ae0 0000006f 00208900 DPL=0 TSS64-avl
GDT=     0000000000271ce0 0000004f
IDT=     0000000000271d60 00000fff
CR0=80000013 CR2=0000000000000000 CR3=00000000001ba000 CR4=00000620
DR0=0000000000000000 DR1=0000000000000000 DR2=0000000000000000 DR3=0000000000000000 
DR6=00000000ffff0ff0 DR7=0000000000000400
CCS=0000000000000095 CCD=fffffffffd322482 CCO=EFLAGS
EFER=0000000000000500
Servicing hardware INT=0x20
   448: v=20 e=0000 i=0 cpl=0 IP=0008:0000000000111ff2 pc=0000000000111ff2 SP=0010:00000000001b9e60 env->regs[R_EAX]=00000000002d231f
RAX=00000000002d231f RBX=00000000cccccccd RCX=000000000000001b RDX=00000000000003f8
RSI=0000000000000000 RDI=00000000fee00000 RBP=00000000001b9ff0 RSP=00000000001b9e60
R8 =0000000000000001 R9 =0000000000000000 R10=00000000002f7000 R11=000000000000005e
R12=0000000000000000 R13=0000000000000001 R14=0000000000000001 R15=0000000000008003
RIP=0000000000111ff2 RFL=00000297 [--S-APC] CPL=0 II=0 A20=1 SMM=0 HLT=0
ES =0010 0000000000000000 ffffffff 00cf9300 DPL=0 DS   [-WA]
CS =0008 0000000000000000 ffffffff 00af9a00 DPL=0 CS64 [-R-]
SS =0010 0000000000000000 ffffffff 00cf9300 DPL=0 DS   [-WA]
DS =0010 0000000000000000 ffffffff 00cf9300 DPL=0 DS   [-WA]
FS =0010 0000000000000000 ffffffff 00cf9300 DPL=0 DS   [-WA]
GS =0010 0000000000000000 ffffffff 00cf9300 DPL=0 DS   [-WA]
LDT=0000 0000000000000000 0000ffff 00008200 DPL=0 LDT
TR =0040 0000000000299ae0 0000006f 00208900 DPL=0 TSS64-avl
GDT=     0000000000271ce0 0000004f
IDT=     0000000000271d60 00000fff
CR0=80000013 CR2=0000000000000000 CR3=00000000001ba000 CR4=00000620
DR0=0000000000000000 DR1=0000000000000000 DR2=0000000000000000 DR3=0000000000000000 
DR6=00000000ffff0ff0 DR7=0000000000000400
CCS=0000000000000095 CCD=fffffffffd32329f CCO=EFLAGS
EFER=0000000000000500
Servicing hardware INT=0x20
   449: v=20 e=0000 i=0 cpl=0 IP=0008:0000000000111ff2 pc=0000000000111ff2 SP=0010:00000000001b9e60 env->regs[R_EAX]=00000000002d5692
RAX=00000000002d5692 RBX=00000000cccccccd RCX=000000000000001b RDX=00000000000003f8
RSI=0000000000000000 RDI=00000000fee00000 RBP=00000000001b9ff0 RSP=00000000001b9e60
R8 =0000000000000001 R9 =0000000000000000 R10=00000000002f7000 R11=000000000000005e
R12=0000000000000000 R13=0000000000000001 R14=0000000000000001 R15=0000000000008003
RIP=0000000000111ff2 RFL=00000297 [--S-APC] CPL=0 II=0 A20=1 SMM=0 HLT=0
ES =0010 0000000000000000 ffffffff 00cf9300 DPL=0 DS   [-WA]
CS =0008 0000000000000000 ffffffff 00af9a00 DPL=0 CS64 [-R-]
SS =0010 0000000000000000 ffffffff 00cf9300 DPL=0 DS   [-WA]
DS =0010 0000000000000000 ffffffff 00cf9300 DPL=0 DS   [-WA]
FS =0010 0000000000000000 ffffffff 00cf9300 DPL=0 DS   [-WA]
GS =0010 0000000000000000 ffffffff 00cf9300 DPL=0 DS   [-WA]
LDT=0000 0000000000000000 0000ffff 00008200 DPL=0 LDT
TR =0040 0000000000299ae0 0000006f 00208900 DPL=0 TSS64-avl
GDT=     0000000000271ce0 0000004f
IDT=     0000000000271d60 00000fff
CR0=80000013 CR2=0000000000000000 CR3=00000000001ba000 CR4=00000620
DR0=0000000000000000 DR1=0000000000000000 DR2=0000000000000000 DR3=0000000000000000 
DR6=00000000ffff0ff0 DR7=0000000000000400
CCS=0000000000000095 CCD=fffffffffd326612 CCO=EFLAGS
EFER=0000000000000500
Servicing hardware INT=0x20
   450: v=20 e=0000 i=0 cpl=0 IP=0008:0000000000111ff2 pc=0000000000111ff2 SP=0010:00000000001b9e60 env->regs[R_EAX]=00000000002d5893
RAX=00000000002d5893 RBX=00000000cccccccd RCX=000000000000001b RDX=00000000000003f8
RSI=0000000000000000 RDI=00000000fee00000 RBP=00000000001b9ff0 RSP=00000000001b9e60
R8 =0000000000000001 R9 =0000000000000000 R10=00000000002f7000 R11=000000000000005e
R12=0000000000000000 R13=0000000000000001 R14=0000000000000001 R15=0000000000008003
RIP=0000000000111ff2 RFL=00000293 [--S-A-C] CPL=0 II=0 A20=1 SMM=0 HLT=0
ES =0010 0000000000000000 ffffffff 00cf9300 DPL=0 DS   [-WA]
CS =0008 0000000000000000 ffffffff 00af9a00 DPL=0 CS64 [-R-]
SS =0010 0000000000000000 ffffffff 00cf9300 DPL=0 DS   [-WA]
DS =0010 0000000000000000 ffffffff 00cf9300 DPL=0 DS   [-WA]
FS =0010 0000000000000000 ffffffff 00cf9300 DPL=0 DS   [-WA]
GS =0010 0000000000000000 ffffffff 00cf9300 DPL=0 DS   [-WA]
LDT=0000 0000000000000000 0000ffff 00008200 DPL=0 LDT
TR =0040 0000000000299ae0 0000006f 00208900 DPL=0 TSS64-avl
GDT=     0000000000271ce0 0000004f
IDT=     0000000000271d60 00000fff
CR0=80000013 CR2=0000000000000000 CR3=00000000001ba000 CR4=00000620
DR0=0000000000000000 DR1=0000000000000000 DR2=0000000000000000 DR3=0000000000000000 
DR6=00000000ffff0ff0 DR7=0000000000000400
CCS=0000000000000091 CCD=fffffffffd326813 CCO=EFLAGS
EFER=0000000000000500
Servicing hardware INT=0x20
   451: v=20 e=0000 i=0 cpl=0 IP=0008:0000000000111ff2 pc=0000000000111ff2 SP=0010:00000000001b9e60 env->regs[R_EAX]=00000000002d8d7c
RAX=00000000002d8d7c RBX=00000000cccccccd RCX=000000000000001b RDX=00000000000003f8
RSI=0000000000000000 RDI=00000000fee00000 RBP=00000000001b9ff0 RSP=00000000001b9e60
R8 =0000000000000001 R9 =0000000000000000 R10=00000000002f7000 R11=000000000000005e
R12=0000000000000000 R13=0000000000000001 R14=0000000000000001 R15=0000000000008003
RIP=0000000000111ff2 RFL=00000297 [--S-APC] CPL=0 II=0 A20=1 SMM=0 HLT=0
ES =0010 0000000000000000 ffffffff 00cf9300 DPL=0 DS   [-WA]
CS =0008 0000000000000000 ffffffff 00af9a00 DPL=0 CS64 [-R-]
SS =0010 0000000000000000 ffffffff 00cf9300 DPL=0 DS   [-WA]
DS =0010 0000000000000000 ffffffff 00cf9300 DPL=0 DS   [-WA]
FS =0010 0000000000000000 ffffffff 00cf9300 DPL=0 DS   [-WA]
GS =0010 0000000000000000 ffffffff 00cf9300 DPL=0 DS   [-WA]
LDT=0000 0000000000000000 0000ffff 00008200 DPL=0 LDT
TR =0040 0000000000299ae0 0000006f 00208900 DPL=0 TSS64-avl
GDT=     0000000000271ce0 0000004f
IDT=     0000000000271d60 00000fff
CR0=80000013 CR2=0000000000000000 CR3=00000000001ba000 CR4=00000620
DR0=0000000000000000 DR1=0000000000000000 DR2=0000000000000000 DR3=0000000000000000 
DR6=00000000ffff0ff0 DR7=0000000000000400
CCS=0000000000000095 CCD=fffffffffd329cfc CCO=EFLAGS
EFER=0000000000000500
Servicing hardware INT=0x20
   452: v=20 e=0000 i=0 cpl=0 IP=0008:0000000000111ff2 pc=0000000000111ff2 SP=0010:00000000001b9e60 env->regs[R_EAX]=00000000002d9443
RAX=00000000002d9443 RBX=00000000cccccccd RCX=000000000000001b RDX=00000000000003f8
RSI=0000000000000000 RDI=00000000fee00000 RBP=00000000001b9ff0 RSP=00000000001b9e60
R8 =0000000000000001 R9 =0000000000000000 R10=00000000002f7000 R11=000000000000005e
R12=0000000000000000 R13=0000000000000001 R14=0000000000000001 R15=0000000000008003
RIP=0000000000111ff2 RFL=00000297 [--S-APC] CPL=0 II=0 A20=1 SMM=0 HLT=0
ES =0010 0000000000000000 ffffffff 00cf9300 DPL=0 DS   [-WA]
CS =0008 0000000000000000 ffffffff 00af9a00 DPL=0 CS64 [-R-]
SS =0010 0000000000000000 ffffffff 00cf9300 DPL=0 DS   [-WA]
DS =0010 0000000000000000 ffffffff 00cf9300 DPL=0 DS   [-WA]
FS =0010 0000000000000000 ffffffff 00cf9300 DPL=0 DS   [-WA]
GS =0010 0000000000000000 ffffffff 00cf9300 DPL=0 DS   [-WA]
LDT=0000 0000000000000000 0000ffff 00008200 DPL=0 LDT
TR =0040 0000000000299ae0 0000006f 00208900 DPL=0 TSS64-avl
GDT=     0000000000271ce0 0000004f
IDT=     0000000000271d60 00000fff
CR0=80000013 CR2=0000000000000000 CR3=00000000001ba000 CR4=00000620
DR0=0000000000000000 DR1=0000000000000000 DR2=0000000000000000 DR3=0000000000000000 
DR6=00000000ffff0ff0 DR7=0000000000000400
CCS=0000000000000095 CCD=fffffffffd32a3c3 CCO=EFLAGS
EFER=0000000000000500
Servicing hardware INT=0x20
   453: v=20 e=0000 i=0 cpl=0 IP=0008:0000000000111ff2 pc=0000000000111ff2 SP=0010:00000000001b9e60 env->regs[R_EAX]=00000000002dc285
RAX=00000000002dc285 RBX=00000000cccccccd RCX=000000000000001b RDX=00000000000003f8
RSI=0000000000000000 RDI=00000000fee00000 RBP=00000000001b9ff0 RSP=00000000001b9e60
R8 =0000000000000001 R9 =0000000000000000 R10=00000000002f7000 R11=000000000000005e
R12=0000000000000000 R13=0000000000000001 R14=0000000000000001 R15=0000000000008003
RIP=0000000000111ff2 RFL=00000297 [--S-APC] CPL=0 II=0 A20=1 SMM=0 HLT=0
ES =0010 0000000000000000 ffffffff 00cf9300 DPL=0 DS   [-WA]
CS =0008 0000000000000000 ffffffff 00af9a00 DPL=0 CS64 [-R-]
SS =0010 0000000000000000 ffffffff 00cf9300 DPL=0 DS   [-WA]
DS =0010 0000000000000000 ffffffff 00cf9300 DPL=0 DS   [-WA]
FS =0010 0000000000000000 ffffffff 00cf9300 DPL=0 DS   [-WA]
GS =0010 0000000000000000 ffffffff 00cf9300 DPL=0 DS   [-WA]
LDT=0000 0000000000000000 0000ffff 00008200 DPL=0 LDT
TR =0040 0000000000299ae0 0000006f 00208900 DPL=0 TSS64-avl
GDT=     0000000000271ce0 0000004f
IDT=     0000000000271d60 00000fff
CR0=80000013 CR2=0000000000000000 CR3=00000000001ba000 CR4=00000620
DR0=0000000000000000 DR1=0000000000000000 DR2=0000000000000000 DR3=0000000000000000 
DR6=00000000ffff0ff0 DR7=0000000000000400
CCS=0000000000000095 CCD=fffffffffd32d205 CCO=EFLAGS
EFER=0000000000000500
Servicing hardware INT=0x20
   454: v=20 e=0000 i=0 cpl=0 IP=0008:0000000000111ff2 pc=0000000000111ff2 SP=0010:00000000001b9e60 env->regs[R_EAX]=00000000002dcfff
RAX=00000000002dcfff RBX=00000000cccccccd RCX=000000000000001b RDX=00000000000003f8
RSI=0000000000000000 RDI=00000000fee00000 RBP=00000000001b9ff0 RSP=00000000001b9e60
R8 =0000000000000001 R9 =0000000000000000 R10=00000000002f7000 R11=000000000000005e
R12=0000000000000000 R13=0000000000000001 R14=0000000000000001 R15=0000000000008003
RIP=0000000000111ff2 RFL=00000293 [--S-A-C] CPL=0 II=0 A20=1 SMM=0 HLT=0
ES =0010 0000000000000000 ffffffff 00cf9300 DPL=0 DS   [-WA]
CS =0008 0000000000000000 ffffffff 00af9a00 DPL=0 CS64 [-R-]
SS =0010 0000000000000000 ffffffff 00cf9300 DPL=0 DS   [-WA]
DS =0010 0000000000000000 ffffffff 00cf9300 DPL=0 DS   [-WA]
FS =0010 0000000000000000 ffffffff 00cf9300 DPL=0 DS   [-WA]
GS =0010 0000000000000000 ffffffff 00cf9300 DPL=0 DS   [-WA]
LDT=0000 0000000000000000 0000ffff 00008200 DPL=0 LDT
TR =0040 0000000000299ae0 0000006f 00208900 DPL=0 TSS64-avl
GDT=     0000000000271ce0 0000004f
IDT=     0000000000271d60 00000fff
CR0=80000013 CR2=0000000000000000 CR3=00000000001ba000 CR4=00000620
DR0=0000000000000000 DR1=0000000000000000 DR2=0000000000000000 DR3=0000000000000000 
DR6=00000000ffff0ff0 DR7=0000000000000400
CCS=0000000000000091 CCD=fffffffffd32df7f CCO=EFLAGS
EFER=0000000000000500
Servicing hardware INT=0x20
   455: v=20 e=0000 i=0 cpl=0 IP=0008:0000000000111ff2 pc=0000000000111ff2 SP=0010:00000000001b9e60 env->regs[R_EAX]=00000000002dfc93
RAX=00000000002dfc93 RBX=00000000cccccccd RCX=000000000000001b RDX=00000000000003f8
RSI=0000000000000000 RDI=00000000fee00000 RBP=00000000001b9ff0 RSP=00000000001b9e60
R8 =0000000000000001 R9 =0000000000000000 R10=00000000002f7000 R11=000000000000005e
R12=0000000000000000 R13=0000000000000001 R14=0000000000000001 R15=0000000000008003
RIP=0000000000111ff2 RFL=00000293 [--S-A-C] CPL=0 II=0 A20=1 SMM=0 HLT=0
ES =0010 0000000000000000 ffffffff 00cf9300 DPL=0 DS   [-WA]
CS =0008 0000000000000000 ffffffff 00af9a00 DPL=0 CS64 [-R-]
SS =0010 0000000000000000 ffffffff 00cf9300 DPL=0 DS   [-WA]
DS =0010 0000000000000000 ffffffff 00cf9300 DPL=0 DS   [-WA]
FS =0010 0000000000000000 ffffffff 00cf9300 DPL=0 DS   [-WA]
GS =0010 0000000000000000 ffffffff 00cf9300 DPL=0 DS   [-WA]
LDT=0000 0000000000000000 0000ffff 00008200 DPL=0 LDT
TR =0040 0000000000299ae0 0000006f 00208900 DPL=0 TSS64-avl
GDT=     0000000000271ce0 0000004f
IDT=     0000000000271d60 00000fff
CR0=80000013 CR2=0000000000000000 CR3=00000000001ba000 CR4=00000620
DR0=0000000000000000 DR1=0000000000000000 DR2=0000000000000000 DR3=0000000000000000 
DR6=00000000ffff0ff0 DR7=0000000000000400
CCS=0000000000000091 CCD=fffffffffd330c13 CCO=EFLAGS
EFER=0000000000000500
Servicing hardware INT=0x20
   456: v=20 e=0000 i=0 cpl=0 IP=0008:0000000000111ff2 pc=0000000000111ff2 SP=0010:00000000001b9e60 env->regs[R_EAX]=00000000002e07f9
RAX=00000000002e07f9 RBX=00000000cccccccd RCX=000000000000001b RDX=00000000000003f8
RSI=0000000000000000 RDI=00000000fee00000 RBP=00000000001b9ff0 RSP=00000000001b9e60
R8 =0000000000000001 R9 =0000000000000000 R10=00000000002f7000 R11=000000000000005e
R12=0000000000000000 R13=0000000000000001 R14=0000000000000001 R15=0000000000008003
RIP=0000000000111ff2 RFL=00000293 [--S-A-C] CPL=0 II=0 A20=1 SMM=0 HLT=0
ES =0010 0000000000000000 ffffffff 00cf9300 DPL=0 DS   [-WA]
CS =0008 0000000000000000 ffffffff 00af9a00 DPL=0 CS64 [-R-]
SS =0010 0000000000000000 ffffffff 00cf9300 DPL=0 DS   [-WA]
DS =0010 0000000000000000 ffffffff 00cf9300 DPL=0 DS   [-WA]
FS =0010 0000000000000000 ffffffff 00cf9300 DPL=0 DS   [-WA]
GS =0010 0000000000000000 ffffffff 00cf9300 DPL=0 DS   [-WA]
LDT=0000 0000000000000000 0000ffff 00008200 DPL=0 LDT
TR =0040 0000000000299ae0 0000006f 00208900 DPL=0 TSS64-avl
GDT=     0000000000271ce0 0000004f
IDT=     0000000000271d60 00000fff
CR0=80000013 CR2=0000000000000000 CR3=00000000001ba000 CR4=00000620
DR0=0000000000000000 DR1=0000000000000000 DR2=0000000000000000 DR3=0000000000000000 
DR6=00000000ffff0ff0 DR7=0000000000000400
CCS=0000000000000091 CCD=fffffffffd331779 CCO=EFLAGS
EFER=0000000000000500
Servicing hardware INT=0x20
   457: v=20 e=0000 i=0 cpl=0 IP=0008:0000000000111ff2 pc=0000000000111ff2 SP=0010:00000000001b9e60 env->regs[R_EAX]=00000000002e318f
RAX=00000000002e318f RBX=00000000cccccccd RCX=000000000000001b RDX=00000000000003f8
RSI=0000000000000000 RDI=00000000fee00000 RBP=00000000001b9ff0 RSP=00000000001b9e60
R8 =0000000000000001 R9 =0000000000000000 R10=00000000002f7000 R11=000000000000005e
R12=0000000000000000 R13=0000000000000001 R14=0000000000000001 R15=0000000000008003
RIP=0000000000111ff2 RFL=00000297 [--S-APC] CPL=0 II=0 A20=1 SMM=0 HLT=0
ES =0010 0000000000000000 ffffffff 00cf9300 DPL=0 DS   [-WA]
CS =0008 0000000000000000 ffffffff 00af9a00 DPL=0 CS64 [-R-]
SS =0010 0000000000000000 ffffffff 00cf9300 DPL=0 DS   [-WA]
DS =0010 0000000000000000 ffffffff 00cf9300 DPL=0 DS   [-WA]
FS =0010 0000000000000000 ffffffff 00cf9300 DPL=0 DS   [-WA]
GS =0010 0000000000000000 ffffffff 00cf9300 DPL=0 DS   [-WA]
LDT=0000 0000000000000000 0000ffff 00008200 DPL=0 LDT
TR =0040 0000000000299ae0 0000006f 00208900 DPL=0 TSS64-avl
GDT=     0000000000271ce0 0000004f
IDT=     0000000000271d60 00000fff
CR0=80000013 CR2=0000000000000000 CR3=00000000001ba000 CR4=00000620
DR0=0000000000000000 DR1=0000000000000000 DR2=0000000000000000 DR3=0000000000000000 
DR6=00000000ffff0ff0 DR7=0000000000000400
CCS=0000000000000095 CCD=fffffffffd33410f CCO=EFLAGS
EFER=0000000000000500
Servicing hardware INT=0x20
   458: v=20 e=0000 i=0 cpl=0 IP=0008:0000000000111ff2 pc=0000000000111ff2 SP=0010:00000000001b9e60 env->regs[R_EAX]=00000000002e3f63
RAX=00000000002e3f63 RBX=00000000cccccccd RCX=000000000000001b RDX=00000000000003f8
RSI=0000000000000000 RDI=00000000fee00000 RBP=00000000001b9ff0 RSP=00000000001b9e60
R8 =0000000000000001 R9 =0000000000000000 R10=00000000002f7000 R11=000000000000005e
R12=0000000000000000 R13=0000000000000001 R14=0000000000000001 R15=0000000000008003
RIP=0000000000111ff2 RFL=00000293 [--S-A-C] CPL=0 II=0 A20=1 SMM=0 HLT=0
ES =0010 0000000000000000 ffffffff 00cf9300 DPL=0 DS   [-WA]
CS =0008 0000000000000000 ffffffff 00af9a00 DPL=0 CS64 [-R-]
SS =0010 0000000000000000 ffffffff 00cf9300 DPL=0 DS   [-WA]
DS =0010 0000000000000000 ffffffff 00cf9300 DPL=0 DS   [-WA]
FS =0010 0000000000000000 ffffffff 00cf9300 DPL=0 DS   [-WA]
GS =0010 0000000000000000 ffffffff 00cf9300 DPL=0 DS   [-WA]
LDT=0000 0000000000000000 0000ffff 00008200 DPL=0 LDT
TR =0040 0000000000299ae0 0000006f 00208900 DPL=0 TSS64-avl
GDT=     0000000000271ce0 0000004f
IDT=     0000000000271d60 00000fff
CR0=80000013 CR2=0000000000000000 CR3=00000000001ba000 CR4=00000620
DR0=0000000000000000 DR1=0000000000000000 DR2=0000000000000000 DR3=0000000000000000 
DR6=00000000ffff0ff0 DR7=0000000000000400
CCS=0000000000000091 CCD=fffffffffd334ee3 CCO=EFLAGS
EFER=0000000000000500
Servicing hardware INT=0x20
   459: v=20 e=0000 i=0 cpl=0 IP=0008:0000000000111ff2 pc=0000000000111ff2 SP=0010:00000000001b9e60 env->regs[R_EAX]=00000000002e6d93
RAX=00000000002e6d93 RBX=00000000cccccccd RCX=000000000000001b RDX=00000000000003f8
RSI=0000000000000000 RDI=00000000fee00000 RBP=00000000001b9ff0 RSP=00000000001b9e60
R8 =0000000000000001 R9 =0000000000000000 R10=00000000002f7000 R11=000000000000005e
R12=0000000000000000 R13=0000000000000001 R14=0000000000000001 R15=0000000000008003
RIP=0000000000111ff2 RFL=00000293 [--S-A-C] CPL=0 II=0 A20=1 SMM=0 HLT=0
ES =0010 0000000000000000 ffffffff 00cf9300 DPL=0 DS   [-WA]
CS =0008 0000000000000000 ffffffff 00af9a00 DPL=0 CS64 [-R-]
SS =0010 0000000000000000 ffffffff 00cf9300 DPL=0 DS   [-WA]
DS =0010 0000000000000000 ffffffff 00cf9300 DPL=0 DS   [-WA]
FS =0010 0000000000000000 ffffffff 00cf9300 DPL=0 DS   [-WA]
GS =0010 0000000000000000 ffffffff 00cf9300 DPL=0 DS   [-WA]
LDT=0000 0000000000000000 0000ffff 00008200 DPL=0 LDT
TR =0040 0000000000299ae0 0000006f 00208900 DPL=0 TSS64-avl
GDT=     0000000000271ce0 0000004f
IDT=     0000000000271d60 00000fff
CR0=80000013 CR2=0000000000000000 CR3=00000000001ba000 CR4=00000620
DR0=0000000000000000 DR1=0000000000000000 DR2=0000000000000000 DR3=0000000000000000 
DR6=00000000ffff0ff0 DR7=0000000000000400
CCS=0000000000000091 CCD=fffffffffd337d13 CCO=EFLAGS
EFER=0000000000000500
Servicing hardware INT=0x20
   460: v=20 e=0000 i=0 cpl=0 IP=0008:0000000000111ff2 pc=0000000000111ff2 SP=0010:00000000001b9e60 env->regs[R_EAX]=00000000002e7aba
RAX=00000000002e7aba RBX=00000000cccccccd RCX=000000000000001b RDX=00000000000003f8
RSI=0000000000000000 RDI=00000000fee00000 RBP=00000000001b9ff0 RSP=00000000001b9e60
R8 =0000000000000001 R9 =0000000000000000 R10=00000000002f7000 R11=000000000000005e
R12=0000000000000000 R13=0000000000000001 R14=0000000000000001 R15=0000000000008003
RIP=0000000000111ff2 RFL=00000297 [--S-APC] CPL=0 II=0 A20=1 SMM=0 HLT=0
ES =0010 0000000000000000 ffffffff 00cf9300 DPL=0 DS   [-WA]
CS =0008 0000000000000000 ffffffff 00af9a00 DPL=0 CS64 [-R-]
SS =0010 0000000000000000 ffffffff 00cf9300 DPL=0 DS   [-WA]
DS =0010 0000000000000000 ffffffff 00cf9300 DPL=0 DS   [-WA]
FS =0010 0000000000000000 ffffffff 00cf9300 DPL=0 DS   [-WA]
GS =0010 0000000000000000 ffffffff 00cf9300 DPL=0 DS   [-WA]
LDT=0000 0000000000000000 0000ffff 00008200 DPL=0 LDT
TR =0040 0000000000299ae0 0000006f 00208900 DPL=0 TSS64-avl
GDT=     0000000000271ce0 0000004f
IDT=     0000000000271d60 00000fff
CR0=80000013 CR2=0000000000000000 CR3=00000000001ba000 CR4=00000620
DR0=0000000000000000 DR1=0000000000000000 DR2=0000000000000000 DR3=0000000000000000 
DR6=00000000ffff0ff0 DR7=0000000000000400
CCS=0000000000000095 CCD=fffffffffd338a3a CCO=EFLAGS
EFER=0000000000000500
Servicing hardware INT=0x20
   461: v=20 e=0000 i=0 cpl=0 IP=0008:0000000000111ff2 pc=0000000000111ff2 SP=0010:00000000001b9e60 env->regs[R_EAX]=00000000002ea95e
RAX=00000000002ea95e RBX=00000000cccccccd RCX=000000000000001b RDX=00000000000003f8
RSI=0000000000000000 RDI=00000000fee00000 RBP=00000000001b9ff0 RSP=00000000001b9e60
R8 =0000000000000001 R9 =0000000000000000 R10=00000000002f7000 R11=000000000000005e
R12=0000000000000000 R13=0000000000000001 R14=0000000000000001 R15=0000000000008003
RIP=0000000000111ff2 RFL=00000297 [--S-APC] CPL=0 II=0 A20=1 SMM=0 HLT=0
ES =0010 0000000000000000 ffffffff 00cf9300 DPL=0 DS   [-WA]
CS =0008 0000000000000000 ffffffff 00af9a00 DPL=0 CS64 [-R-]
SS =0010 0000000000000000 ffffffff 00cf9300 DPL=0 DS   [-WA]
DS =0010 0000000000000000 ffffffff 00cf9300 DPL=0 DS   [-WA]
FS =0010 0000000000000000 ffffffff 00cf9300 DPL=0 DS   [-WA]
GS =0010 0000000000000000 ffffffff 00cf9300 DPL=0 DS   [-WA]
LDT=0000 0000000000000000 0000ffff 00008200 DPL=0 LDT
TR =0040 0000000000299ae0 0000006f 00208900 DPL=0 TSS64-avl
GDT=     0000000000271ce0 0000004f
IDT=     0000000000271d60 00000fff
CR0=80000013 CR2=0000000000000000 CR3=00000000001ba000 CR4=00000620
DR0=0000000000000000 DR1=0000000000000000 DR2=0000000000000000 DR3=0000000000000000 
DR6=00000000ffff0ff0 DR7=0000000000000400
CCS=0000000000000095 CCD=fffffffffd33b8de CCO=EFLAGS
EFER=0000000000000500
Servicing hardware INT=0x20
   462: v=20 e=0000 i=0 cpl=0 IP=0008:0000000000111ff2 pc=0000000000111ff2 SP=0010:00000000001b9e60 env->regs[R_EAX]=00000000002eb40f
RAX=00000000002eb40f RBX=00000000cccccccd RCX=000000000000001b RDX=00000000000003f8
RSI=0000000000000000 RDI=00000000fee00000 RBP=00000000001b9ff0 RSP=00000000001b9e60
R8 =0000000000000001 R9 =0000000000000000 R10=00000000002f7000 R11=000000000000005e
R12=0000000000000000 R13=0000000000000001 R14=0000000000000001 R15=0000000000008003
RIP=0000000000111ff2 RFL=00000293 [--S-A-C] CPL=0 II=0 A20=1 SMM=0 HLT=0
ES =0010 0000000000000000 ffffffff 00cf9300 DPL=0 DS   [-WA]
CS =0008 0000000000000000 ffffffff 00af9a00 DPL=0 CS64 [-R-]
SS =0010 0000000000000000 ffffffff 00cf9300 DPL=0 DS   [-WA]
DS =0010 0000000000000000 ffffffff 00cf9300 DPL=0 DS   [-WA]
FS =0010 0000000000000000 ffffffff 00cf9300 DPL=0 DS   [-WA]
GS =0010 0000000000000000 ffffffff 00cf9300 DPL=0 DS   [-WA]
LDT=0000 0000000000000000 0000ffff 00008200 DPL=0 LDT
TR =0040 0000000000299ae0 0000006f 00208900 DPL=0 TSS64-avl
GDT=     0000000000271ce0 0000004f
IDT=     0000000000271d60 00000fff
CR0=80000013 CR2=0000000000000000 CR3=00000000001ba000 CR4=00000620
DR0=0000000000000000 DR1=0000000000000000 DR2=0000000000000000 DR3=0000000000000000 
DR6=00000000ffff0ff0 DR7=0000000000000400
CCS=0000000000000091 CCD=fffffffffd33c38f CCO=EFLAGS
EFER=0000000000000500
Servicing hardware INT=0x20
   463: v=20 e=0000 i=0 cpl=0 IP=0008:0000000000111ff2 pc=0000000000111ff2 SP=0010:00000000001b9e60 env->regs[R_EAX]=00000000002ee0f6
RAX=00000000002ee0f6 RBX=00000000cccccccd RCX=000000000000001b RDX=00000000000003f8
RSI=0000000000000000 RDI=00000000fee00000 RBP=00000000001b9ff0 RSP=00000000001b9e60
R8 =0000000000000001 R9 =0000000000000000 R10=00000000002f7000 R11=000000000000005e
R12=0000000000000000 R13=0000000000000001 R14=0000000000000001 R15=0000000000008003
RIP=0000000000111ff2 RFL=00000293 [--S-A-C] CPL=0 II=0 A20=1 SMM=0 HLT=0
ES =0010 0000000000000000 ffffffff 00cf9300 DPL=0 DS   [-WA]
CS =0008 0000000000000000 ffffffff 00af9a00 DPL=0 CS64 [-R-]
SS =0010 0000000000000000 ffffffff 00cf9300 DPL=0 DS   [-WA]
DS =0010 0000000000000000 ffffffff 00cf9300 DPL=0 DS   [-WA]
FS =0010 0000000000000000 ffffffff 00cf9300 DPL=0 DS   [-WA]
GS =0010 0000000000000000 ffffffff 00cf9300 DPL=0 DS   [-WA]
LDT=0000 0000000000000000 0000ffff 00008200 DPL=0 LDT
TR =0040 0000000000299ae0 0000006f 00208900 DPL=0 TSS64-avl
GDT=     0000000000271ce0 0000004f
IDT=     0000000000271d60 00000fff
CR0=80000013 CR2=0000000000000000 CR3=00000000001ba000 CR4=00000620
DR0=0000000000000000 DR1=0000000000000000 DR2=0000000000000000 DR3=0000000000000000 
DR6=00000000ffff0ff0 DR7=0000000000000400
CCS=0000000000000091 CCD=fffffffffd33f076 CCO=EFLAGS
EFER=0000000000000500
Servicing hardware INT=0x20
   464: v=20 e=0000 i=0 cpl=0 IP=0008:0000000000111ff2 pc=0000000000111ff2 SP=0010:00000000001b9e60 env->regs[R_EAX]=00000000002eebba
RAX=00000000002eebba RBX=00000000cccccccd RCX=000000000000001b RDX=00000000000003f8
RSI=0000000000000000 RDI=00000000fee00000 RBP=00000000001b9ff0 RSP=00000000001b9e60
R8 =0000000000000001 R9 =0000000000000000 R10=00000000002f7000 R11=000000000000005e
R12=0000000000000000 R13=0000000000000001 R14=0000000000000001 R15=0000000000008003
RIP=0000000000111ff2 RFL=00000297 [--S-APC] CPL=0 II=0 A20=1 SMM=0 HLT=0
ES =0010 0000000000000000 ffffffff 00cf9300 DPL=0 DS   [-WA]
CS =0008 0000000000000000 ffffffff 00af9a00 DPL=0 CS64 [-R-]
SS =0010 0000000000000000 ffffffff 00cf9300 DPL=0 DS   [-WA]
DS =0010 0000000000000000 ffffffff 00cf9300 DPL=0 DS   [-WA]
FS =0010 0000000000000000 ffffffff 00cf9300 DPL=0 DS   [-WA]
GS =0010 0000000000000000 ffffffff 00cf9300 DPL=0 DS   [-WA]
LDT=0000 0000000000000000 0000ffff 00008200 DPL=0 LDT
TR =0040 0000000000299ae0 0000006f 00208900 DPL=0 TSS64-avl
GDT=     0000000000271ce0 0000004f
IDT=     0000000000271d60 00000fff
CR0=80000013 CR2=0000000000000000 CR3=00000000001ba000 CR4=00000620
DR0=0000000000000000 DR1=0000000000000000 DR2=0000000000000000 DR3=0000000000000000 
DR6=00000000ffff0ff0 DR7=0000000000000400
CCS=0000000000000095 CCD=fffffffffd33fb3a CCO=EFLAGS
EFER=0000000000000500
Servicing hardware INT=0x20
   465: v=20 e=0000 i=0 cpl=0 IP=0008:0000000000111ff2 pc=0000000000111ff2 SP=0010:00000000001b9e60 env->regs[R_EAX]=00000000002f1ab4
RAX=00000000002f1ab4 RBX=00000000cccccccd RCX=000000000000001b RDX=00000000000003f8
RSI=0000000000000000 RDI=00000000fee00000 RBP=00000000001b9ff0 RSP=00000000001b9e60
R8 =0000000000000001 R9 =0000000000000000 R10=00000000002f7000 R11=000000000000005e
R12=0000000000000000 R13=0000000000000001 R14=0000000000000001 R15=0000000000008003
RIP=0000000000111ff2 RFL=00000293 [--S-A-C] CPL=0 II=0 A20=1 SMM=0 HLT=0
ES =0010 0000000000000000 ffffffff 00cf9300 DPL=0 DS   [-WA]
CS =0008 0000000000000000 ffffffff 00af9a00 DPL=0 CS64 [-R-]
SS =0010 0000000000000000 ffffffff 00cf9300 DPL=0 DS   [-WA]
DS =0010 0000000000000000 ffffffff 00cf9300 DPL=0 DS   [-WA]
FS =0010 0000000000000000 ffffffff 00cf9300 DPL=0 DS   [-WA]
GS =0010 0000000000000000 ffffffff 00cf9300 DPL=0 DS   [-WA]
LDT=0000 0000000000000000 0000ffff 00008200 DPL=0 LDT
TR =0040 0000000000299ae0 0000006f 00208900 DPL=0 TSS64-avl
GDT=     0000000000271ce0 0000004f
IDT=     0000000000271d60 00000fff
CR0=80000013 CR2=0000000000000000 CR3=00000000001ba000 CR4=00000620
DR0=0000000000000000 DR1=0000000000000000 DR2=0000000000000000 DR3=0000000000000000 
DR6=00000000ffff0ff0 DR7=0000000000000400
CCS=0000000000000091 CCD=fffffffffd342a34 CCO=EFLAGS
EFER=0000000000000500
Servicing hardware INT=0x20
   466: v=20 e=0000 i=0 cpl=0 IP=0008:0000000000111ff2 pc=0000000000111ff2 SP=0010:00000000001b9e60 env->regs[R_EAX]=00000000002f2769
RAX=00000000002f2769 RBX=00000000cccccccd RCX=000000000000001b RDX=00000000000003f8
RSI=0000000000000000 RDI=00000000fee00000 RBP=00000000001b9ff0 RSP=00000000001b9e60
R8 =0000000000000001 R9 =0000000000000000 R10=00000000002f7000 R11=000000000000005e
R12=0000000000000000 R13=0000000000000001 R14=0000000000000001 R15=0000000000008003
RIP=0000000000111ff2 RFL=00000293 [--S-A-C] CPL=0 II=0 A20=1 SMM=0 HLT=0
ES =0010 0000000000000000 ffffffff 00cf9300 DPL=0 DS   [-WA]
CS =0008 0000000000000000 ffffffff 00af9a00 DPL=0 CS64 [-R-]
SS =0010 0000000000000000 ffffffff 00cf9300 DPL=0 DS   [-WA]
DS =0010 0000000000000000 ffffffff 00cf9300 DPL=0 DS   [-WA]
FS =0010 0000000000000000 ffffffff 00cf9300 DPL=0 DS   [-WA]
GS =0010 0000000000000000 ffffffff 00cf9300 DPL=0 DS   [-WA]
LDT=0000 0000000000000000 0000ffff 00008200 DPL=0 LDT
TR =0040 0000000000299ae0 0000006f 00208900 DPL=0 TSS64-avl
GDT=     0000000000271ce0 0000004f
IDT=     0000000000271d60 00000fff
CR0=80000013 CR2=0000000000000000 CR3=00000000001ba000 CR4=00000620
DR0=0000000000000000 DR1=0000000000000000 DR2=0000000000000000 DR3=0000000000000000 
DR6=00000000ffff0ff0 DR7=0000000000000400
CCS=0000000000000091 CCD=fffffffffd3436e9 CCO=EFLAGS
EFER=0000000000000500
Servicing hardware INT=0x20
   467: v=20 e=0000 i=0 cpl=0 IP=0008:0000000000111ff2 pc=0000000000111ff2 SP=0010:00000000001b9e60 env->regs[R_EAX]=00000000002f5823
RAX=00000000002f5823 RBX=00000000cccccccd RCX=000000000000001b RDX=00000000000003f8
RSI=0000000000000000 RDI=00000000fee00000 RBP=00000000001b9ff0 RSP=00000000001b9e60
R8 =0000000000000001 R9 =0000000000000000 R10=00000000002f7000 R11=000000000000005e
R12=0000000000000000 R13=0000000000000001 R14=0000000000000001 R15=0000000000008003
RIP=0000000000111ff2 RFL=00000297 [--S-APC] CPL=0 II=0 A20=1 SMM=0 HLT=0
ES =0010 0000000000000000 ffffffff 00cf9300 DPL=0 DS   [-WA]
CS =0008 0000000000000000 ffffffff 00af9a00 DPL=0 CS64 [-R-]
SS =0010 0000000000000000 ffffffff 00cf9300 DPL=0 DS   [-WA]
DS =0010 0000000000000000 ffffffff 00cf9300 DPL=0 DS   [-WA]
FS =0010 0000000000000000 ffffffff 00cf9300 DPL=0 DS   [-WA]
GS =0010 0000000000000000 ffffffff 00cf9300 DPL=0 DS   [-WA]
LDT=0000 0000000000000000 0000ffff 00008200 DPL=0 LDT
TR =0040 0000000000299ae0 0000006f 00208900 DPL=0 TSS64-avl
GDT=     0000000000271ce0 0000004f
IDT=     0000000000271d60 00000fff
CR0=80000013 CR2=0000000000000000 CR3=00000000001ba000 CR4=00000620
DR0=0000000000000000 DR1=0000000000000000 DR2=0000000000000000 DR3=0000000000000000 
DR6=00000000ffff0ff0 DR7=0000000000000400
CCS=0000000000000095 CCD=fffffffffd3467a3 CCO=EFLAGS
EFER=0000000000000500
Servicing hardware INT=0x20
   468: v=20 e=0000 i=0 cpl=0 IP=0008:0000000000111ff2 pc=0000000000111ff2 SP=0010:00000000001b9e60 env->regs[R_EAX]=00000000002f62c2
RAX=00000000002f62c2 RBX=00000000cccccccd RCX=000000000000001b RDX=00000000000003f8
RSI=0000000000000000 RDI=00000000fee00000 RBP=00000000001b9ff0 RSP=00000000001b9e60
R8 =0000000000000001 R9 =0000000000000000 R10=00000000002f7000 R11=000000000000005e
R12=0000000000000000 R13=0000000000000001 R14=0000000000000001 R15=0000000000008003
RIP=0000000000111ff2 RFL=00000297 [--S-APC] CPL=0 II=0 A20=1 SMM=0 HLT=0
ES =0010 0000000000000000 ffffffff 00cf9300 DPL=0 DS   [-WA]
CS =0008 0000000000000000 ffffffff 00af9a00 DPL=0 CS64 [-R-]
SS =0010 0000000000000000 ffffffff 00cf9300 DPL=0 DS   [-WA]
DS =0010 0000000000000000 ffffffff 00cf9300 DPL=0 DS   [-WA]
FS =0010 0000000000000000 ffffffff 00cf9300 DPL=0 DS   [-WA]
GS =0010 0000000000000000 ffffffff 00cf9300 DPL=0 DS   [-WA]
LDT=0000 0000000000000000 0000ffff 00008200 DPL=0 LDT
TR =0040 0000000000299ae0 0000006f 00208900 DPL=0 TSS64-avl
GDT=     0000000000271ce0 0000004f
IDT=     0000000000271d60 00000fff
CR0=80000013 CR2=0000000000000000 CR3=00000000001ba000 CR4=00000620
DR0=0000000000000000 DR1=0000000000000000 DR2=0000000000000000 DR3=0000000000000000 
DR6=00000000ffff0ff0 DR7=0000000000000400
CCS=0000000000000095 CCD=fffffffffd347242 CCO=EFLAGS
EFER=0000000000000500
Servicing hardware INT=0x20
   469: v=20 e=0000 i=0 cpl=0 IP=0008:0000000000111ff2 pc=0000000000111ff2 SP=0010:00000000001b9e60 env->regs[R_EAX]=00000000002f935d
RAX=00000000002f935d RBX=00000000cccccccd RCX=000000000000001b RDX=00000000000003f8
RSI=0000000000000000 RDI=00000000fee00000 RBP=00000000001b9ff0 RSP=00000000001b9e60
R8 =0000000000000001 R9 =0000000000000000 R10=00000000002f7000 R11=000000000000005e
R12=0000000000000000 R13=0000000000000001 R14=0000000000000001 R15=0000000000008003
RIP=0000000000111ff2 RFL=00000297 [--S-APC] CPL=0 II=0 A20=1 SMM=0 HLT=0
ES =0010 0000000000000000 ffffffff 00cf9300 DPL=0 DS   [-WA]
CS =0008 0000000000000000 ffffffff 00af9a00 DPL=0 CS64 [-R-]
SS =0010 0000000000000000 ffffffff 00cf9300 DPL=0 DS   [-WA]
DS =0010 0000000000000000 ffffffff 00cf9300 DPL=0 DS   [-WA]
FS =0010 0000000000000000 ffffffff 00cf9300 DPL=0 DS   [-WA]
GS =0010 0000000000000000 ffffffff 00cf9300 DPL=0 DS   [-WA]
LDT=0000 0000000000000000 0000ffff 00008200 DPL=0 LDT
TR =0040 0000000000299ae0 0000006f 00208900 DPL=0 TSS64-avl
GDT=     0000000000271ce0 0000004f
IDT=     0000000000271d60 00000fff
CR0=80000013 CR2=0000000000000000 CR3=00000000001ba000 CR4=00000620
DR0=0000000000000000 DR1=0000000000000000 DR2=0000000000000000 DR3=0000000000000000 
DR6=00000000ffff0ff0 DR7=0000000000000400
CCS=0000000000000095 CCD=fffffffffd34a2dd CCO=EFLAGS
EFER=0000000000000500
Servicing hardware INT=0x20
   470: v=20 e=0000 i=0 cpl=0 IP=0008:0000000000111ff2 pc=0000000000111ff2 SP=0010:00000000001b9e60 env->regs[R_EAX]=00000000002f9fb3
RAX=00000000002f9fb3 RBX=00000000cccccccd RCX=000000000000001b RDX=00000000000003f8
RSI=0000000000000000 RDI=00000000fee00000 RBP=00000000001b9ff0 RSP=00000000001b9e60
R8 =0000000000000001 R9 =0000000000000000 R10=00000000002f7000 R11=000000000000005e
R12=0000000000000000 R13=0000000000000001 R14=0000000000000001 R15=0000000000008003
RIP=0000000000111ff2 RFL=00000297 [--S-APC] CPL=0 II=0 A20=1 SMM=0 HLT=0
ES =0010 0000000000000000 ffffffff 00cf9300 DPL=0 DS   [-WA]
CS =0008 0000000000000000 ffffffff 00af9a00 DPL=0 CS64 [-R-]
SS =0010 0000000000000000 ffffffff 00cf9300 DPL=0 DS   [-WA]
DS =0010 0000000000000000 ffffffff 00cf9300 DPL=0 DS   [-WA]
FS =0010 0000000000000000 ffffffff 00cf9300 DPL=0 DS   [-WA]
GS =0010 0000000000000000 ffffffff 00cf9300 DPL=0 DS   [-WA]
LDT=0000 0000000000000000 0000ffff 00008200 DPL=0 LDT
TR =0040 0000000000299ae0 0000006f 00208900 DPL=0 TSS64-avl
GDT=     0000000000271ce0 0000004f
IDT=     0000000000271d60 00000fff
CR0=80000013 CR2=0000000000000000 CR3=00000000001ba000 CR4=00000620
DR0=0000000000000000 DR1=0000000000000000 DR2=0000000000000000 DR3=0000000000000000 
DR6=00000000ffff0ff0 DR7=0000000000000400
CCS=0000000000000095 CCD=fffffffffd34af33 CCO=EFLAGS
EFER=0000000000000500
Servicing hardware INT=0x20
   471: v=20 e=0000 i=0 cpl=0 IP=0008:0000000000111ff2 pc=0000000000111ff2 SP=0010:00000000001b9e60 env->regs[R_EAX]=00000000002fcff5
RAX=00000000002fcff5 RBX=00000000cccccccd RCX=000000000000001b RDX=00000000000003f8
RSI=0000000000000000 RDI=00000000fee00000 RBP=00000000001b9ff0 RSP=00000000001b9e60
R8 =0000000000000001 R9 =0000000000000000 R10=00000000002f7000 R11=000000000000005e
R12=0000000000000000 R13=0000000000000001 R14=0000000000000001 R15=0000000000008003
RIP=0000000000111ff2 RFL=00000293 [--S-A-C] CPL=0 II=0 A20=1 SMM=0 HLT=0
ES =0010 0000000000000000 ffffffff 00cf9300 DPL=0 DS   [-WA]
CS =0008 0000000000000000 ffffffff 00af9a00 DPL=0 CS64 [-R-]
SS =0010 0000000000000000 ffffffff 00cf9300 DPL=0 DS   [-WA]
DS =0010 0000000000000000 ffffffff 00cf9300 DPL=0 DS   [-WA]
FS =0010 0000000000000000 ffffffff 00cf9300 DPL=0 DS   [-WA]
GS =0010 0000000000000000 ffffffff 00cf9300 DPL=0 DS   [-WA]
LDT=0000 0000000000000000 0000ffff 00008200 DPL=0 LDT
TR =0040 0000000000299ae0 0000006f 00208900 DPL=0 TSS64-avl
GDT=     0000000000271ce0 0000004f
IDT=     0000000000271d60 00000fff
CR0=80000013 CR2=0000000000000000 CR3=00000000001ba000 CR4=00000620
DR0=0000000000000000 DR1=0000000000000000 DR2=0000000000000000 DR3=0000000000000000 
DR6=00000000ffff0ff0 DR7=0000000000000400
CCS=0000000000000091 CCD=fffffffffd34df75 CCO=EFLAGS
EFER=0000000000000500
Servicing hardware INT=0x20
   472: v=20 e=0000 i=0 cpl=0 IP=0008:0000000000111ff2 pc=0000000000111ff2 SP=0010:00000000001b9e60 env->regs[R_EAX]=00000000002fdcbd
RAX=00000000002fdcbd RBX=00000000cccccccd RCX=000000000000001b RDX=00000000000003f8
RSI=0000000000000000 RDI=00000000fee00000 RBP=00000000001b9ff0 RSP=00000000001b9e60
R8 =0000000000000001 R9 =0000000000000000 R10=00000000002f7000 R11=000000000000005e
R12=0000000000000000 R13=0000000000000001 R14=0000000000000001 R15=0000000000008003
RIP=0000000000111ff2 RFL=00000293 [--S-A-C] CPL=0 II=0 A20=1 SMM=0 HLT=0
ES =0010 0000000000000000 ffffffff 00cf9300 DPL=0 DS   [-WA]
CS =0008 0000000000000000 ffffffff 00af9a00 DPL=0 CS64 [-R-]
SS =0010 0000000000000000 ffffffff 00cf9300 DPL=0 DS   [-WA]
DS =0010 0000000000000000 ffffffff 00cf9300 DPL=0 DS   [-WA]
FS =0010 0000000000000000 ffffffff 00cf9300 DPL=0 DS   [-WA]
GS =0010 0000000000000000 ffffffff 00cf9300 DPL=0 DS   [-WA]
LDT=0000 0000000000000000 0000ffff 00008200 DPL=0 LDT
TR =0040 0000000000299ae0 0000006f 00208900 DPL=0 TSS64-avl
GDT=     0000000000271ce0 0000004f
IDT=     0000000000271d60 00000fff
CR0=80000013 CR2=0000000000000000 CR3=00000000001ba000 CR4=00000620
DR0=0000000000000000 DR1=0000000000000000 DR2=0000000000000000 DR3=0000000000000000 
DR6=00000000ffff0ff0 DR7=0000000000000400
CCS=0000000000000091 CCD=fffffffffd34ec3d CCO=EFLAGS
EFER=0000000000000500
Servicing hardware INT=0x20
   473: v=20 e=0000 i=0 cpl=0 IP=0008:0000000000111ff2 pc=0000000000111ff2 SP=0010:00000000001b9e60 env->regs[R_EAX]=0000000000300be1
RAX=0000000000300be1 RBX=00000000cccccccd RCX=000000000000001b RDX=00000000000003f8
RSI=0000000000000000 RDI=00000000fee00000 RBP=00000000001b9ff0 RSP=00000000001b9e60
R8 =0000000000000001 R9 =0000000000000000 R10=00000000002f7000 R11=000000000000005e
R12=0000000000000000 R13=0000000000000001 R14=0000000000000001 R15=0000000000008003
RIP=0000000000111ff2 RFL=00000293 [--S-A-C] CPL=0 II=0 A20=1 SMM=0 HLT=0
ES =0010 0000000000000000 ffffffff 00cf9300 DPL=0 DS   [-WA]
CS =0008 0000000000000000 ffffffff 00af9a00 DPL=0 CS64 [-R-]
SS =0010 0000000000000000 ffffffff 00cf9300 DPL=0 DS   [-WA]
DS =0010 0000000000000000 ffffffff 00cf9300 DPL=0 DS   [-WA]
FS =0010 0000000000000000 ffffffff 00cf9300 DPL=0 DS   [-WA]
GS =0010 0000000000000000 ffffffff 00cf9300 DPL=0 DS   [-WA]
LDT=0000 0000000000000000 0000ffff 00008200 DPL=0 LDT
TR =0040 0000000000299ae0 0000006f 00208900 DPL=0 TSS64-avl
GDT=     0000000000271ce0 0000004f
IDT=     0000000000271d60 00000fff
CR0=80000013 CR2=0000000000000000 CR3=00000000001ba000 CR4=00000620
DR0=0000000000000000 DR1=0000000000000000 DR2=0000000000000000 DR3=0000000000000000 
DR6=00000000ffff0ff0 DR7=0000000000000400
CCS=0000000000000091 CCD=fffffffffd351b61 CCO=EFLAGS
EFER=0000000000000500
Servicing hardware INT=0x20
   474: v=20 e=0000 i=0 cpl=0 IP=0008:0000000000111ff2 pc=0000000000111ff2 SP=0010:00000000001b9e60 env->regs[R_EAX]=000000000030166d
RAX=000000000030166d RBX=00000000cccccccd RCX=000000000000001b RDX=00000000000003f8
RSI=0000000000000000 RDI=00000000fee00000 RBP=00000000001b9ff0 RSP=00000000001b9e60
R8 =0000000000000001 R9 =0000000000000000 R10=00000000002f7000 R11=000000000000005e
R12=0000000000000000 R13=0000000000000001 R14=0000000000000001 R15=0000000000008003
RIP=0000000000111ff2 RFL=00000297 [--S-APC] CPL=0 II=0 A20=1 SMM=0 HLT=0
ES =0010 0000000000000000 ffffffff 00cf9300 DPL=0 DS   [-WA]
CS =0008 0000000000000000 ffffffff 00af9a00 DPL=0 CS64 [-R-]
SS =0010 0000000000000000 ffffffff 00cf9300 DPL=0 DS   [-WA]
DS =0010 0000000000000000 ffffffff 00cf9300 DPL=0 DS   [-WA]
FS =0010 0000000000000000 ffffffff 00cf9300 DPL=0 DS   [-WA]
GS =0010 0000000000000000 ffffffff 00cf9300 DPL=0 DS   [-WA]
LDT=0000 0000000000000000 0000ffff 00008200 DPL=0 LDT
TR =0040 0000000000299ae0 0000006f 00208900 DPL=0 TSS64-avl
GDT=     0000000000271ce0 0000004f
IDT=     0000000000271d60 00000fff
CR0=80000013 CR2=0000000000000000 CR3=00000000001ba000 CR4=00000620
DR0=0000000000000000 DR1=0000000000000000 DR2=0000000000000000 DR3=0000000000000000 
DR6=00000000ffff0ff0 DR7=0000000000000400
CCS=0000000000000095 CCD=fffffffffd3525ed CCO=EFLAGS
EFER=0000000000000500
Servicing hardware INT=0x20
   475: v=20 e=0000 i=0 cpl=0 IP=0008:0000000000111ff2 pc=0000000000111ff2 SP=0010:00000000001b9e60 env->regs[R_EAX]=000000000030478d
RAX=000000000030478d RBX=00000000cccccccd RCX=000000000000001b RDX=00000000000003f8
RSI=0000000000000000 RDI=00000000fee00000 RBP=00000000001b9ff0 RSP=00000000001b9e60
R8 =0000000000000001 R9 =0000000000000000 R10=00000000002f7000 R11=000000000000005e
R12=0000000000000000 R13=0000000000000001 R14=0000000000000001 R15=0000000000008003
RIP=0000000000111ff2 RFL=00000293 [--S-A-C] CPL=0 II=0 A20=1 SMM=0 HLT=0
ES =0010 0000000000000000 ffffffff 00cf9300 DPL=0 DS   [-WA]
CS =0008 0000000000000000 ffffffff 00af9a00 DPL=0 CS64 [-R-]
SS =0010 0000000000000000 ffffffff 00cf9300 DPL=0 DS   [-WA]
DS =0010 0000000000000000 ffffffff 00cf9300 DPL=0 DS   [-WA]
FS =0010 0000000000000000 ffffffff 00cf9300 DPL=0 DS   [-WA]
GS =0010 0000000000000000 ffffffff 00cf9300 DPL=0 DS   [-WA]
LDT=0000 0000000000000000 0000ffff 00008200 DPL=0 LDT
TR =0040 0000000000299ae0 0000006f 00208900 DPL=0 TSS64-avl
GDT=     0000000000271ce0 0000004f
IDT=     0000000000271d60 00000fff
CR0=80000013 CR2=0000000000000000 CR3=00000000001ba000 CR4=00000620
DR0=0000000000000000 DR1=0000000000000000 DR2=0000000000000000 DR3=0000000000000000 
DR6=00000000ffff0ff0 DR7=0000000000000400
CCS=0000000000000091 CCD=fffffffffd35570d CCO=EFLAGS
EFER=0000000000000500
Servicing hardware INT=0x20
   476: v=20 e=0000 i=0 cpl=0 IP=0008:0000000000111ff2 pc=0000000000111ff2 SP=0010:00000000001b9e60 env->regs[R_EAX]=00000000003056b0
RAX=00000000003056b0 RBX=00000000cccccccd RCX=000000000000001b RDX=00000000000003f8
RSI=0000000000000000 RDI=00000000fee00000 RBP=00000000001b9ff0 RSP=00000000001b9e60
R8 =0000000000000001 R9 =0000000000000000 R10=00000000002f7000 R11=000000000000005e
R12=0000000000000000 R13=0000000000000001 R14=0000000000000001 R15=0000000000008003
RIP=0000000000111ff2 RFL=00000287 [--S--PC] CPL=0 II=0 A20=1 SMM=0 HLT=0
ES =0010 0000000000000000 ffffffff 00cf9300 DPL=0 DS   [-WA]
CS =0008 0000000000000000 ffffffff 00af9a00 DPL=0 CS64 [-R-]
SS =0010 0000000000000000 ffffffff 00cf9300 DPL=0 DS   [-WA]
DS =0010 0000000000000000 ffffffff 00cf9300 DPL=0 DS   [-WA]
FS =0010 0000000000000000 ffffffff 00cf9300 DPL=0 DS   [-WA]
GS =0010 0000000000000000 ffffffff 00cf9300 DPL=0 DS   [-WA]
LDT=0000 0000000000000000 0000ffff 00008200 DPL=0 LDT
TR =0040 0000000000299ae0 0000006f 00208900 DPL=0 TSS64-avl
GDT=     0000000000271ce0 0000004f
IDT=     0000000000271d60 00000fff
CR0=80000013 CR2=0000000000000000 CR3=00000000001ba000 CR4=00000620
DR0=0000000000000000 DR1=0000000000000000 DR2=0000000000000000 DR3=0000000000000000 
DR6=00000000ffff0ff0 DR7=0000000000000400
CCS=0000000000000085 CCD=fffffffffd356630 CCO=EFLAGS
EFER=0000000000000500
Servicing hardware INT=0x20
   477: v=20 e=0000 i=0 cpl=0 IP=0008:0000000000111ff2 pc=0000000000111ff2 SP=0010:00000000001b9e60 env->regs[R_EAX]=0000000000308386
RAX=0000000000308386 RBX=00000000cccccccd RCX=000000000000001b RDX=00000000000003f8
RSI=0000000000000000 RDI=00000000fee00000 RBP=00000000001b9ff0 RSP=00000000001b9e60
R8 =0000000000000001 R9 =0000000000000000 R10=00000000002f7000 R11=000000000000005e
R12=0000000000000000 R13=0000000000000001 R14=0000000000000001 R15=0000000000008003
RIP=0000000000111ff2 RFL=00000297 [--S-APC] CPL=0 II=0 A20=1 SMM=0 HLT=0
ES =0010 0000000000000000 ffffffff 00cf9300 DPL=0 DS   [-WA]
CS =0008 0000000000000000 ffffffff 00af9a00 DPL=0 CS64 [-R-]
SS =0010 0000000000000000 ffffffff 00cf9300 DPL=0 DS   [-WA]
DS =0010 0000000000000000 ffffffff 00cf9300 DPL=0 DS   [-WA]
FS =0010 0000000000000000 ffffffff 00cf9300 DPL=0 DS   [-WA]
GS =0010 0000000000000000 ffffffff 00cf9300 DPL=0 DS   [-WA]
LDT=0000 0000000000000000 0000ffff 00008200 DPL=0 LDT
TR =0040 0000000000299ae0 0000006f 00208900 DPL=0 TSS64-avl
GDT=     0000000000271ce0 0000004f
IDT=     0000000000271d60 00000fff
CR0=80000013 CR2=0000000000000000 CR3=00000000001ba000 CR4=00000620
DR0=0000000000000000 DR1=0000000000000000 DR2=0000000000000000 DR3=0000000000000000 
DR6=00000000ffff0ff0 DR7=0000000000000400
CCS=0000000000000095 CCD=fffffffffd359306 CCO=EFLAGS
EFER=0000000000000500
Servicing hardware INT=0x20
   478: v=20 e=0000 i=0 cpl=0 IP=0008:0000000000111ff2 pc=0000000000111ff2 SP=0010:00000000001b9e60 env->regs[R_EAX]=0000000000308e57
RAX=0000000000308e57 RBX=00000000cccccccd RCX=000000000000001b RDX=00000000000003f8
RSI=0000000000000000 RDI=00000000fee00000 RBP=00000000001b9ff0 RSP=00000000001b9e60
R8 =0000000000000001 R9 =0000000000000000 R10=00000000002f7000 R11=000000000000005e
R12=0000000000000000 R13=0000000000000001 R14=0000000000000001 R15=0000000000008003
RIP=0000000000111ff2 RFL=00000297 [--S-APC] CPL=0 II=0 A20=1 SMM=0 HLT=0
ES =0010 0000000000000000 ffffffff 00cf9300 DPL=0 DS   [-WA]
CS =0008 0000000000000000 ffffffff 00af9a00 DPL=0 CS64 [-R-]
SS =0010 0000000000000000 ffffffff 00cf9300 DPL=0 DS   [-WA]
DS =0010 0000000000000000 ffffffff 00cf9300 DPL=0 DS   [-WA]
FS =0010 0000000000000000 ffffffff 00cf9300 DPL=0 DS   [-WA]
GS =0010 0000000000000000 ffffffff 00cf9300 DPL=0 DS   [-WA]
LDT=0000 0000000000000000 0000ffff 00008200 DPL=0 LDT
TR =0040 0000000000299ae0 0000006f 00208900 DPL=0 TSS64-avl
GDT=     0000000000271ce0 0000004f
IDT=     0000000000271d60 00000fff
CR0=80000013 CR2=0000000000000000 CR3=00000000001ba000 CR4=00000620
DR0=0000000000000000 DR1=0000000000000000 DR2=0000000000000000 DR3=0000000000000000 
DR6=00000000ffff0ff0 DR7=0000000000000400
CCS=0000000000000095 CCD=fffffffffd359dd7 CCO=EFLAGS
EFER=0000000000000500
Servicing hardware INT=0x20
   479: v=20 e=0000 i=0 cpl=0 IP=0008:0000000000111ff2 pc=0000000000111ff2 SP=0010:00000000001b9e60 env->regs[R_EAX]=000000000030badb
RAX=000000000030badb RBX=00000000cccccccd RCX=000000000000001b RDX=00000000000003f8
RSI=0000000000000000 RDI=00000000fee00000 RBP=00000000001b9ff0 RSP=00000000001b9e60
R8 =0000000000000001 R9 =0000000000000000 R10=00000000002f7000 R11=000000000000005e
R12=0000000000000000 R13=0000000000000001 R14=0000000000000001 R15=0000000000008003
RIP=0000000000111ff2 RFL=00000293 [--S-A-C] CPL=0 II=0 A20=1 SMM=0 HLT=0
ES =0010 0000000000000000 ffffffff 00cf9300 DPL=0 DS   [-WA]
CS =0008 0000000000000000 ffffffff 00af9a00 DPL=0 CS64 [-R-]
SS =0010 0000000000000000 ffffffff 00cf9300 DPL=0 DS   [-WA]
DS =0010 0000000000000000 ffffffff 00cf9300 DPL=0 DS   [-WA]
FS =0010 0000000000000000 ffffffff 00cf9300 DPL=0 DS   [-WA]
GS =0010 0000000000000000 ffffffff 00cf9300 DPL=0 DS   [-WA]
LDT=0000 0000000000000000 0000ffff 00008200 DPL=0 LDT
TR =0040 0000000000299ae0 0000006f 00208900 DPL=0 TSS64-avl
GDT=     0000000000271ce0 0000004f
IDT=     0000000000271d60 00000fff
CR0=80000013 CR2=0000000000000000 CR3=00000000001ba000 CR4=00000620
DR0=0000000000000000 DR1=0000000000000000 DR2=0000000000000000 DR3=0000000000000000 
DR6=00000000ffff0ff0 DR7=0000000000000400
CCS=0000000000000091 CCD=fffffffffd35ca5b CCO=EFLAGS
EFER=0000000000000500
Servicing hardware INT=0x20
   480: v=20 e=0000 i=0 cpl=0 IP=0008:0000000000111ff2 pc=0000000000111ff2 SP=0010:00000000001b9e60 env->regs[R_EAX]=000000000030c7c7
RAX=000000000030c7c7 RBX=00000000cccccccd RCX=000000000000001b RDX=00000000000003f8
RSI=0000000000000000 RDI=00000000fee00000 RBP=00000000001b9ff0 RSP=00000000001b9e60
R8 =0000000000000001 R9 =0000000000000000 R10=00000000002f7000 R11=000000000000005e
R12=0000000000000000 R13=0000000000000001 R14=0000000000000001 R15=0000000000008003
RIP=0000000000111ff2 RFL=00000297 [--S-APC] CPL=0 II=0 A20=1 SMM=0 HLT=0
ES =0010 0000000000000000 ffffffff 00cf9300 DPL=0 DS   [-WA]
CS =0008 0000000000000000 ffffffff 00af9a00 DPL=0 CS64 [-R-]
SS =0010 0000000000000000 ffffffff 00cf9300 DPL=0 DS   [-WA]
DS =0010 0000000000000000 ffffffff 00cf9300 DPL=0 DS   [-WA]
FS =0010 0000000000000000 ffffffff 00cf9300 DPL=0 DS   [-WA]
GS =0010 0000000000000000 ffffffff 00cf9300 DPL=0 DS   [-WA]
LDT=0000 0000000000000000 0000ffff 00008200 DPL=0 LDT
TR =0040 0000000000299ae0 0000006f 00208900 DPL=0 TSS64-avl
GDT=     0000000000271ce0 0000004f
IDT=     0000000000271d60 00000fff
CR0=80000013 CR2=0000000000000000 CR3=00000000001ba000 CR4=00000620
DR0=0000000000000000 DR1=0000000000000000 DR2=0000000000000000 DR3=0000000000000000 
DR6=00000000ffff0ff0 DR7=0000000000000400
CCS=0000000000000095 CCD=fffffffffd35d747 CCO=EFLAGS
EFER=0000000000000500
Servicing hardware INT=0x20
   481: v=20 e=0000 i=0 cpl=0 IP=0008:0000000000111ff2 pc=0000000000111ff2 SP=0010:00000000001b9e60 env->regs[R_EAX]=000000000030fa49
RAX=000000000030fa49 RBX=00000000cccccccd RCX=000000000000001b RDX=00000000000003f8
RSI=0000000000000000 RDI=00000000fee00000 RBP=00000000001b9ff0 RSP=00000000001b9e60
R8 =0000000000000001 R9 =0000000000000000 R10=00000000002f7000 R11=000000000000005e
R12=0000000000000000 R13=0000000000000001 R14=0000000000000001 R15=0000000000008003
RIP=0000000000111ff2 RFL=00000297 [--S-APC] CPL=0 II=0 A20=1 SMM=0 HLT=0
ES =0010 0000000000000000 ffffffff 00cf9300 DPL=0 DS   [-WA]
CS =0008 0000000000000000 ffffffff 00af9a00 DPL=0 CS64 [-R-]
SS =0010 0000000000000000 ffffffff 00cf9300 DPL=0 DS   [-WA]
DS =0010 0000000000000000 ffffffff 00cf9300 DPL=0 DS   [-WA]
FS =0010 0000000000000000 ffffffff 00cf9300 DPL=0 DS   [-WA]
GS =0010 0000000000000000 ffffffff 00cf9300 DPL=0 DS   [-WA]
LDT=0000 0000000000000000 0000ffff 00008200 DPL=0 LDT
TR =0040 0000000000299ae0 0000006f 00208900 DPL=0 TSS64-avl
GDT=     0000000000271ce0 0000004f
IDT=     0000000000271d60 00000fff
CR0=80000013 CR2=0000000000000000 CR3=00000000001ba000 CR4=00000620
DR0=0000000000000000 DR1=0000000000000000 DR2=0000000000000000 DR3=0000000000000000 
DR6=00000000ffff0ff0 DR7=0000000000000400
CCS=0000000000000095 CCD=fffffffffd3609c9 CCO=EFLAGS
EFER=0000000000000500
Servicing hardware INT=0x20
   482: v=20 e=0000 i=0 cpl=0 IP=0008:0000000000111ff2 pc=0000000000111ff2 SP=0010:00000000001b9e60 env->regs[R_EAX]=00000000003104f9
RAX=00000000003104f9 RBX=00000000cccccccd RCX=000000000000001b RDX=00000000000003f8
RSI=0000000000000000 RDI=00000000fee00000 RBP=00000000001b9ff0 RSP=00000000001b9e60
R8 =0000000000000001 R9 =0000000000000000 R10=00000000002f7000 R11=000000000000005e
R12=0000000000000000 R13=0000000000000001 R14=0000000000000001 R15=0000000000008003
RIP=0000000000111ff2 RFL=00000293 [--S-A-C] CPL=0 II=0 A20=1 SMM=0 HLT=0
ES =0010 0000000000000000 ffffffff 00cf9300 DPL=0 DS   [-WA]
CS =0008 0000000000000000 ffffffff 00af9a00 DPL=0 CS64 [-R-]
SS =0010 0000000000000000 ffffffff 00cf9300 DPL=0 DS   [-WA]
DS =0010 0000000000000000 ffffffff 00cf9300 DPL=0 DS   [-WA]
FS =0010 0000000000000000 ffffffff 00cf9300 DPL=0 DS   [-WA]
GS =0010 0000000000000000 ffffffff 00cf9300 DPL=0 DS   [-WA]
LDT=0000 0000000000000000 0000ffff 00008200 DPL=0 LDT
TR =0040 0000000000299ae0 0000006f 00208900 DPL=0 TSS64-avl
GDT=     0000000000271ce0 0000004f
IDT=     0000000000271d60 00000fff
CR0=80000013 CR2=0000000000000000 CR3=00000000001ba000 CR4=00000620
DR0=0000000000000000 DR1=0000000000000000 DR2=0000000000000000 DR3=0000000000000000 
DR6=00000000ffff0ff0 DR7=0000000000000400
CCS=0000000000000091 CCD=fffffffffd361479 CCO=EFLAGS
EFER=0000000000000500
Servicing hardware INT=0x20
   483: v=20 e=0000 i=0 cpl=0 IP=0008:0000000000111ff2 pc=0000000000111ff2 SP=0010:00000000001b9e60 env->regs[R_EAX]=0000000000313113
RAX=0000000000313113 RBX=00000000cccccccd RCX=000000000000001b RDX=00000000000003f8
RSI=0000000000000000 RDI=00000000fee00000 RBP=00000000001b9ff0 RSP=00000000001b9e60
R8 =0000000000000001 R9 =0000000000000000 R10=00000000002f7000 R11=000000000000005e
R12=0000000000000000 R13=0000000000000001 R14=0000000000000001 R15=0000000000008003
RIP=0000000000111ff2 RFL=00000297 [--S-APC] CPL=0 II=0 A20=1 SMM=0 HLT=0
ES =0010 0000000000000000 ffffffff 00cf9300 DPL=0 DS   [-WA]
CS =0008 0000000000000000 ffffffff 00af9a00 DPL=0 CS64 [-R-]
SS =0010 0000000000000000 ffffffff 00cf9300 DPL=0 DS   [-WA]
DS =0010 0000000000000000 ffffffff 00cf9300 DPL=0 DS   [-WA]
FS =0010 0000000000000000 ffffffff 00cf9300 DPL=0 DS   [-WA]
GS =0010 0000000000000000 ffffffff 00cf9300 DPL=0 DS   [-WA]
LDT=0000 0000000000000000 0000ffff 00008200 DPL=0 LDT
TR =0040 0000000000299ae0 0000006f 00208900 DPL=0 TSS64-avl
GDT=     0000000000271ce0 0000004f
IDT=     0000000000271d60 00000fff
CR0=80000013 CR2=0000000000000000 CR3=00000000001ba000 CR4=00000620
DR0=0000000000000000 DR1=0000000000000000 DR2=0000000000000000 DR3=0000000000000000 
DR6=00000000ffff0ff0 DR7=0000000000000400
CCS=0000000000000095 CCD=fffffffffd364093 CCO=EFLAGS
EFER=0000000000000500
Servicing hardware INT=0x20
   484: v=20 e=0000 i=0 cpl=0 IP=0008:0000000000111ff2 pc=0000000000111ff2 SP=0010:00000000001b9e60 env->regs[R_EAX]=0000000000313c7c
RAX=0000000000313c7c RBX=00000000cccccccd RCX=000000000000001b RDX=00000000000003f8
RSI=0000000000000000 RDI=00000000fee00000 RBP=00000000001b9ff0 RSP=00000000001b9e60
R8 =0000000000000001 R9 =0000000000000000 R10=00000000002f7000 R11=000000000000005e
R12=0000000000000000 R13=0000000000000001 R14=0000000000000001 R15=0000000000008003
RIP=0000000000111ff2 RFL=00000297 [--S-APC] CPL=0 II=0 A20=1 SMM=0 HLT=0
ES =0010 0000000000000000 ffffffff 00cf9300 DPL=0 DS   [-WA]
CS =0008 0000000000000000 ffffffff 00af9a00 DPL=0 CS64 [-R-]
SS =0010 0000000000000000 ffffffff 00cf9300 DPL=0 DS   [-WA]
DS =0010 0000000000000000 ffffffff 00cf9300 DPL=0 DS   [-WA]
FS =0010 0000000000000000 ffffffff 00cf9300 DPL=0 DS   [-WA]
GS =0010 0000000000000000 ffffffff 00cf9300 DPL=0 DS   [-WA]
LDT=0000 0000000000000000 0000ffff 00008200 DPL=0 LDT
TR =0040 0000000000299ae0 0000006f 00208900 DPL=0 TSS64-avl
GDT=     0000000000271ce0 0000004f
IDT=     0000000000271d60 00000fff
CR0=80000013 CR2=0000000000000000 CR3=00000000001ba000 CR4=00000620
DR0=0000000000000000 DR1=0000000000000000 DR2=0000000000000000 DR3=0000000000000000 
DR6=00000000ffff0ff0 DR7=0000000000000400
CCS=0000000000000095 CCD=fffffffffd364bfc CCO=EFLAGS
EFER=0000000000000500
Servicing hardware INT=0x20
   485: v=20 e=0000 i=0 cpl=0 IP=0008:0000000000111ff2 pc=0000000000111ff2 SP=0010:00000000001b9e60 env->regs[R_EAX]=0000000000316a17
RAX=0000000000316a17 RBX=00000000cccccccd RCX=000000000000001b RDX=00000000000003f8
RSI=0000000000000000 RDI=00000000fee00000 RBP=00000000001b9ff0 RSP=00000000001b9e60
R8 =0000000000000001 R9 =0000000000000000 R10=00000000002f7000 R11=000000000000005e
R12=0000000000000000 R13=0000000000000001 R14=0000000000000001 R15=0000000000008003
RIP=0000000000111ff2 RFL=00000293 [--S-A-C] CPL=0 II=0 A20=1 SMM=0 HLT=0
ES =0010 0000000000000000 ffffffff 00cf9300 DPL=0 DS   [-WA]
CS =0008 0000000000000000 ffffffff 00af9a00 DPL=0 CS64 [-R-]
SS =0010 0000000000000000 ffffffff 00cf9300 DPL=0 DS   [-WA]
DS =0010 0000000000000000 ffffffff 00cf9300 DPL=0 DS   [-WA]
FS =0010 0000000000000000 ffffffff 00cf9300 DPL=0 DS   [-WA]
GS =0010 0000000000000000 ffffffff 00cf9300 DPL=0 DS   [-WA]
LDT=0000 0000000000000000 0000ffff 00008200 DPL=0 LDT
TR =0040 0000000000299ae0 0000006f 00208900 DPL=0 TSS64-avl
GDT=     0000000000271ce0 0000004f
IDT=     0000000000271d60 00000fff
CR0=80000013 CR2=0000000000000000 CR3=00000000001ba000 CR4=00000620
DR0=0000000000000000 DR1=0000000000000000 DR2=0000000000000000 DR3=0000000000000000 
DR6=00000000ffff0ff0 DR7=0000000000000400
CCS=0000000000000091 CCD=fffffffffd367997 CCO=EFLAGS
EFER=0000000000000500
Servicing hardware INT=0x20
   486: v=20 e=0000 i=0 cpl=0 IP=0008:0000000000111ff2 pc=0000000000111ff2 SP=0010:00000000001b9e60 env->regs[R_EAX]=00000000003176ac
RAX=00000000003176ac RBX=00000000cccccccd RCX=000000000000001b RDX=00000000000003f8
RSI=0000000000000000 RDI=00000000fee00000 RBP=00000000001b9ff0 RSP=00000000001b9e60
R8 =0000000000000001 R9 =0000000000000000 R10=00000000002f7000 R11=000000000000005e
R12=0000000000000000 R13=0000000000000001 R14=0000000000000001 R15=0000000000008003
RIP=0000000000111ff2 RFL=00000293 [--S-A-C] CPL=0 II=0 A20=1 SMM=0 HLT=0
ES =0010 0000000000000000 ffffffff 00cf9300 DPL=0 DS   [-WA]
CS =0008 0000000000000000 ffffffff 00af9a00 DPL=0 CS64 [-R-]
SS =0010 0000000000000000 ffffffff 00cf9300 DPL=0 DS   [-WA]
DS =0010 0000000000000000 ffffffff 00cf9300 DPL=0 DS   [-WA]
FS =0010 0000000000000000 ffffffff 00cf9300 DPL=0 DS   [-WA]
GS =0010 0000000000000000 ffffffff 00cf9300 DPL=0 DS   [-WA]
LDT=0000 0000000000000000 0000ffff 00008200 DPL=0 LDT
TR =0040 0000000000299ae0 0000006f 00208900 DPL=0 TSS64-avl
GDT=     0000000000271ce0 0000004f
IDT=     0000000000271d60 00000fff
CR0=80000013 CR2=0000000000000000 CR3=00000000001ba000 CR4=00000620
DR0=0000000000000000 DR1=0000000000000000 DR2=0000000000000000 DR3=0000000000000000 
DR6=00000000ffff0ff0 DR7=0000000000000400
CCS=0000000000000091 CCD=fffffffffd36862c CCO=EFLAGS
EFER=0000000000000500
Servicing hardware INT=0x20
   487: v=20 e=0000 i=0 cpl=0 IP=0008:0000000000111ff2 pc=0000000000111ff2 SP=0010:00000000001b9e60 env->regs[R_EAX]=000000000031a662
RAX=000000000031a662 RBX=00000000cccccccd RCX=000000000000001b RDX=00000000000003f8
RSI=0000000000000000 RDI=00000000fee00000 RBP=00000000001b9ff0 RSP=00000000001b9e60
R8 =0000000000000001 R9 =0000000000000000 R10=00000000002f7000 R11=000000000000005e
R12=0000000000000000 R13=0000000000000001 R14=0000000000000001 R15=0000000000008003
RIP=0000000000111ff2 RFL=00000297 [--S-APC] CPL=0 II=0 A20=1 SMM=0 HLT=0
ES =0010 0000000000000000 ffffffff 00cf9300 DPL=0 DS   [-WA]
CS =0008 0000000000000000 ffffffff 00af9a00 DPL=0 CS64 [-R-]
SS =0010 0000000000000000 ffffffff 00cf9300 DPL=0 DS   [-WA]
DS =0010 0000000000000000 ffffffff 00cf9300 DPL=0 DS   [-WA]
FS =0010 0000000000000000 ffffffff 00cf9300 DPL=0 DS   [-WA]
GS =0010 0000000000000000 ffffffff 00cf9300 DPL=0 DS   [-WA]
LDT=0000 0000000000000000 0000ffff 00008200 DPL=0 LDT
TR =0040 0000000000299ae0 0000006f 00208900 DPL=0 TSS64-avl
GDT=     0000000000271ce0 0000004f
IDT=     0000000000271d60 00000fff
CR0=80000013 CR2=0000000000000000 CR3=00000000001ba000 CR4=00000620
DR0=0000000000000000 DR1=0000000000000000 DR2=0000000000000000 DR3=0000000000000000 
DR6=00000000ffff0ff0 DR7=0000000000000400
CCS=0000000000000095 CCD=fffffffffd36b5e2 CCO=EFLAGS
EFER=0000000000000500
Servicing hardware INT=0x20
   488: v=20 e=0000 i=0 cpl=0 IP=0008:0000000000111ff2 pc=0000000000111ff2 SP=0010:00000000001b9e60 env->regs[R_EAX]=000000000031b68b
RAX=000000000031b68b RBX=00000000cccccccd RCX=000000000000001b RDX=00000000000003f8
RSI=0000000000000000 RDI=00000000fee00000 RBP=00000000001b9ff0 RSP=00000000001b9e60
R8 =0000000000000001 R9 =0000000000000000 R10=00000000002f7000 R11=000000000000005e
R12=0000000000000000 R13=0000000000000001 R14=0000000000000001 R15=0000000000008003
RIP=0000000000111ff2 RFL=00000293 [--S-A-C] CPL=0 II=0 A20=1 SMM=0 HLT=0
ES =0010 0000000000000000 ffffffff 00cf9300 DPL=0 DS   [-WA]
CS =0008 0000000000000000 ffffffff 00af9a00 DPL=0 CS64 [-R-]
SS =0010 0000000000000000 ffffffff 00cf9300 DPL=0 DS   [-WA]
DS =0010 0000000000000000 ffffffff 00cf9300 DPL=0 DS   [-WA]
FS =0010 0000000000000000 ffffffff 00cf9300 DPL=0 DS   [-WA]
GS =0010 0000000000000000 ffffffff 00cf9300 DPL=0 DS   [-WA]
LDT=0000 0000000000000000 0000ffff 00008200 DPL=0 LDT
TR =0040 0000000000299ae0 0000006f 00208900 DPL=0 TSS64-avl
GDT=     0000000000271ce0 0000004f
IDT=     0000000000271d60 00000fff
CR0=80000013 CR2=0000000000000000 CR3=00000000001ba000 CR4=00000620
DR0=0000000000000000 DR1=0000000000000000 DR2=0000000000000000 DR3=0000000000000000 
DR6=00000000ffff0ff0 DR7=0000000000000400
CCS=0000000000000091 CCD=fffffffffd36c60b CCO=EFLAGS
EFER=0000000000000500
Servicing hardware INT=0x20
   489: v=20 e=0000 i=0 cpl=0 IP=0008:0000000000111ff2 pc=0000000000111ff2 SP=0010:00000000001b9e60 env->regs[R_EAX]=000000000031e02c
RAX=000000000031e02c RBX=00000000cccccccd RCX=000000000000001b RDX=00000000000003f8
RSI=0000000000000000 RDI=00000000fee00000 RBP=00000000001b9ff0 RSP=00000000001b9e60
R8 =0000000000000001 R9 =0000000000000000 R10=00000000002f7000 R11=000000000000005e
R12=0000000000000000 R13=0000000000000001 R14=0000000000000001 R15=0000000000008003
RIP=0000000000111ff2 RFL=00000297 [--S-APC] CPL=0 II=0 A20=1 SMM=0 HLT=0
ES =0010 0000000000000000 ffffffff 00cf9300 DPL=0 DS   [-WA]
CS =0008 0000000000000000 ffffffff 00af9a00 DPL=0 CS64 [-R-]
SS =0010 0000000000000000 ffffffff 00cf9300 DPL=0 DS   [-WA]
DS =0010 0000000000000000 ffffffff 00cf9300 DPL=0 DS   [-WA]
FS =0010 0000000000000000 ffffffff 00cf9300 DPL=0 DS   [-WA]
GS =0010 0000000000000000 ffffffff 00cf9300 DPL=0 DS   [-WA]
LDT=0000 0000000000000000 0000ffff 00008200 DPL=0 LDT
TR =0040 0000000000299ae0 0000006f 00208900 DPL=0 TSS64-avl
GDT=     0000000000271ce0 0000004f
IDT=     0000000000271d60 00000fff
CR0=80000013 CR2=0000000000000000 CR3=00000000001ba000 CR4=00000620
DR0=0000000000000000 DR1=0000000000000000 DR2=0000000000000000 DR3=0000000000000000 
DR6=00000000ffff0ff0 DR7=0000000000000400
CCS=0000000000000095 CCD=fffffffffd36efac CCO=EFLAGS
EFER=0000000000000500
Servicing hardware INT=0x20
   490: v=20 e=0000 i=0 cpl=0 IP=0008:0000000000111ff2 pc=0000000000111ff2 SP=0010:00000000001b9e60 env->regs[R_EAX]=000000000031ea9d
RAX=000000000031ea9d RBX=00000000cccccccd RCX=000000000000001b RDX=00000000000003f8
RSI=0000000000000000 RDI=00000000fee00000 RBP=00000000001b9ff0 RSP=00000000001b9e60
R8 =0000000000000001 R9 =0000000000000000 R10=00000000002f7000 R11=000000000000005e
R12=0000000000000000 R13=0000000000000001 R14=0000000000000001 R15=0000000000008003
RIP=0000000000111ff2 RFL=00000297 [--S-APC] CPL=0 II=0 A20=1 SMM=0 HLT=0
ES =0010 0000000000000000 ffffffff 00cf9300 DPL=0 DS   [-WA]
CS =0008 0000000000000000 ffffffff 00af9a00 DPL=0 CS64 [-R-]
SS =0010 0000000000000000 ffffffff 00cf9300 DPL=0 DS   [-WA]
DS =0010 0000000000000000 ffffffff 00cf9300 DPL=0 DS   [-WA]
FS =0010 0000000000000000 ffffffff 00cf9300 DPL=0 DS   [-WA]
GS =0010 0000000000000000 ffffffff 00cf9300 DPL=0 DS   [-WA]
LDT=0000 0000000000000000 0000ffff 00008200 DPL=0 LDT
TR =0040 0000000000299ae0 0000006f 00208900 DPL=0 TSS64-avl
GDT=     0000000000271ce0 0000004f
IDT=     0000000000271d60 00000fff
CR0=80000013 CR2=0000000000000000 CR3=00000000001ba000 CR4=00000620
DR0=0000000000000000 DR1=0000000000000000 DR2=0000000000000000 DR3=0000000000000000 
DR6=00000000ffff0ff0 DR7=0000000000000400
CCS=0000000000000095 CCD=fffffffffd36fa1d CCO=EFLAGS
EFER=0000000000000500
Servicing hardware INT=0x20
   491: v=20 e=0000 i=0 cpl=0 IP=0008:0000000000111ff2 pc=0000000000111ff2 SP=0010:00000000001b9e60 env->regs[R_EAX]=000000000032199a
RAX=000000000032199a RBX=00000000cccccccd RCX=000000000000001b RDX=00000000000003f8
RSI=0000000000000000 RDI=00000000fee00000 RBP=00000000001b9ff0 RSP=00000000001b9e60
R8 =0000000000000001 R9 =0000000000000000 R10=00000000002f7000 R11=000000000000005e
R12=0000000000000000 R13=0000000000000001 R14=0000000000000001 R15=0000000000008003
RIP=0000000000111ff2 RFL=00000293 [--S-A-C] CPL=0 II=0 A20=1 SMM=0 HLT=0
ES =0010 0000000000000000 ffffffff 00cf9300 DPL=0 DS   [-WA]
CS =0008 0000000000000000 ffffffff 00af9a00 DPL=0 CS64 [-R-]
SS =0010 0000000000000000 ffffffff 00cf9300 DPL=0 DS   [-WA]
DS =0010 0000000000000000 ffffffff 00cf9300 DPL=0 DS   [-WA]
FS =0010 0000000000000000 ffffffff 00cf9300 DPL=0 DS   [-WA]
GS =0010 0000000000000000 ffffffff 00cf9300 DPL=0 DS   [-WA]
LDT=0000 0000000000000000 0000ffff 00008200 DPL=0 LDT
TR =0040 0000000000299ae0 0000006f 00208900 DPL=0 TSS64-avl
GDT=     0000000000271ce0 0000004f
IDT=     0000000000271d60 00000fff
CR0=80000013 CR2=0000000000000000 CR3=00000000001ba000 CR4=00000620
DR0=0000000000000000 DR1=0000000000000000 DR2=0000000000000000 DR3=0000000000000000 
DR6=00000000ffff0ff0 DR7=0000000000000400
CCS=0000000000000091 CCD=fffffffffd37291a CCO=EFLAGS
EFER=0000000000000500
Servicing hardware INT=0x20
   492: v=20 e=0000 i=0 cpl=0 IP=0008:0000000000111ff2 pc=0000000000111ff2 SP=0010:00000000001b9e60 env->regs[R_EAX]=000000000032262e
RAX=000000000032262e RBX=00000000cccccccd RCX=000000000000001b RDX=00000000000003f8
RSI=0000000000000000 RDI=00000000fee00000 RBP=00000000001b9ff0 RSP=00000000001b9e60
R8 =0000000000000001 R9 =0000000000000000 R10=00000000002f7000 R11=000000000000005e
R12=0000000000000000 R13=0000000000000001 R14=0000000000000001 R15=0000000000008003
RIP=0000000000111ff2 RFL=00000293 [--S-A-C] CPL=0 II=0 A20=1 SMM=0 HLT=0
ES =0010 0000000000000000 ffffffff 00cf9300 DPL=0 DS   [-WA]
CS =0008 0000000000000000 ffffffff 00af9a00 DPL=0 CS64 [-R-]
SS =0010 0000000000000000 ffffffff 00cf9300 DPL=0 DS   [-WA]
DS =0010 0000000000000000 ffffffff 00cf9300 DPL=0 DS   [-WA]
FS =0010 0000000000000000 ffffffff 00cf9300 DPL=0 DS   [-WA]
GS =0010 0000000000000000 ffffffff 00cf9300 DPL=0 DS   [-WA]
LDT=0000 0000000000000000 0000ffff 00008200 DPL=0 LDT
TR =0040 0000000000299ae0 0000006f 00208900 DPL=0 TSS64-avl
GDT=     0000000000271ce0 0000004f
IDT=     0000000000271d60 00000fff
CR0=80000013 CR2=0000000000000000 CR3=00000000001ba000 CR4=00000620
DR0=0000000000000000 DR1=0000000000000000 DR2=0000000000000000 DR3=0000000000000000 
DR6=00000000ffff0ff0 DR7=0000000000000400
CCS=0000000000000091 CCD=fffffffffd3735ae CCO=EFLAGS
EFER=0000000000000500
Servicing hardware INT=0x20
   493: v=20 e=0000 i=0 cpl=0 IP=0008:0000000000111ff2 pc=0000000000111ff2 SP=0010:00000000001b9e60 env->regs[R_EAX]=0000000000325338
RAX=0000000000325338 RBX=00000000cccccccd RCX=000000000000001b RDX=00000000000003f8
RSI=0000000000000000 RDI=00000000fee00000 RBP=00000000001b9ff0 RSP=00000000001b9e60
R8 =0000000000000001 R9 =0000000000000000 R10=00000000002f7000 R11=000000000000005e
R12=0000000000000000 R13=0000000000000001 R14=0000000000000001 R15=0000000000008003
RIP=0000000000111ff2 RFL=00000297 [--S-APC] CPL=0 II=0 A20=1 SMM=0 HLT=0
ES =0010 0000000000000000 ffffffff 00cf9300 DPL=0 DS   [-WA]
CS =0008 0000000000000000 ffffffff 00af9a00 DPL=0 CS64 [-R-]
SS =0010 0000000000000000 ffffffff 00cf9300 DPL=0 DS   [-WA]
DS =0010 0000000000000000 ffffffff 00cf9300 DPL=0 DS   [-WA]
FS =0010 0000000000000000 ffffffff 00cf9300 DPL=0 DS   [-WA]
GS =0010 0000000000000000 ffffffff 00cf9300 DPL=0 DS   [-WA]
LDT=0000 0000000000000000 0000ffff 00008200 DPL=0 LDT
TR =0040 0000000000299ae0 0000006f 00208900 DPL=0 TSS64-avl
GDT=     0000000000271ce0 0000004f
IDT=     0000000000271d60 00000fff
CR0=80000013 CR2=0000000000000000 CR3=00000000001ba000 CR4=00000620
DR0=0000000000000000 DR1=0000000000000000 DR2=0000000000000000 DR3=0000000000000000 
DR6=00000000ffff0ff0 DR7=0000000000000400
CCS=0000000000000095 CCD=fffffffffd3762b8 CCO=EFLAGS
EFER=0000000000000500
Servicing hardware INT=0x20
   494: v=20 e=0000 i=0 cpl=0 IP=0008:0000000000111ff2 pc=0000000000111ff2 SP=0010:00000000001b9e60 env->regs[R_EAX]=0000000000325fd4
RAX=0000000000325fd4 RBX=00000000cccccccd RCX=000000000000001b RDX=00000000000003f8
RSI=0000000000000000 RDI=00000000fee00000 RBP=00000000001b9ff0 RSP=00000000001b9e60
R8 =0000000000000001 R9 =0000000000000000 R10=00000000002f7000 R11=000000000000005e
R12=0000000000000000 R13=0000000000000001 R14=0000000000000001 R15=0000000000008003
RIP=0000000000111ff2 RFL=00000293 [--S-A-C] CPL=0 II=0 A20=1 SMM=0 HLT=0
ES =0010 0000000000000000 ffffffff 00cf9300 DPL=0 DS   [-WA]
CS =0008 0000000000000000 ffffffff 00af9a00 DPL=0 CS64 [-R-]
SS =0010 0000000000000000 ffffffff 00cf9300 DPL=0 DS   [-WA]
DS =0010 0000000000000000 ffffffff 00cf9300 DPL=0 DS   [-WA]
FS =0010 0000000000000000 ffffffff 00cf9300 DPL=0 DS   [-WA]
GS =0010 0000000000000000 ffffffff 00cf9300 DPL=0 DS   [-WA]
LDT=0000 0000000000000000 0000ffff 00008200 DPL=0 LDT
TR =0040 0000000000299ae0 0000006f 00208900 DPL=0 TSS64-avl
GDT=     0000000000271ce0 0000004f
IDT=     0000000000271d60 00000fff
CR0=80000013 CR2=0000000000000000 CR3=00000000001ba000 CR4=00000620
DR0=0000000000000000 DR1=0000000000000000 DR2=0000000000000000 DR3=0000000000000000 
DR6=00000000ffff0ff0 DR7=0000000000000400
CCS=0000000000000091 CCD=fffffffffd376f54 CCO=EFLAGS
EFER=0000000000000500
Servicing hardware INT=0x20
   495: v=20 e=0000 i=0 cpl=0 IP=0008:0000000000111ff2 pc=0000000000111ff2 SP=0010:00000000001b9e60 env->regs[R_EAX]=0000000000328e46
RAX=0000000000328e46 RBX=00000000cccccccd RCX=000000000000001b RDX=00000000000003f8
RSI=0000000000000000 RDI=00000000fee00000 RBP=00000000001b9ff0 RSP=00000000001b9e60
R8 =0000000000000001 R9 =0000000000000000 R10=00000000002f7000 R11=000000000000005e
R12=0000000000000000 R13=0000000000000001 R14=0000000000000001 R15=0000000000008003
RIP=0000000000111ff2 RFL=00000297 [--S-APC] CPL=0 II=0 A20=1 SMM=0 HLT=0
ES =0010 0000000000000000 ffffffff 00cf9300 DPL=0 DS   [-WA]
CS =0008 0000000000000000 ffffffff 00af9a00 DPL=0 CS64 [-R-]
SS =0010 0000000000000000 ffffffff 00cf9300 DPL=0 DS   [-WA]
DS =0010 0000000000000000 ffffffff 00cf9300 DPL=0 DS   [-WA]
FS =0010 0000000000000000 ffffffff 00cf9300 DPL=0 DS   [-WA]
GS =0010 0000000000000000 ffffffff 00cf9300 DPL=0 DS   [-WA]
LDT=0000 0000000000000000 0000ffff 00008200 DPL=0 LDT
TR =0040 0000000000299ae0 0000006f 00208900 DPL=0 TSS64-avl
GDT=     0000000000271ce0 0000004f
IDT=     0000000000271d60 00000fff
CR0=80000013 CR2=0000000000000000 CR3=00000000001ba000 CR4=00000620
DR0=0000000000000000 DR1=0000000000000000 DR2=0000000000000000 DR3=0000000000000000 
DR6=00000000ffff0ff0 DR7=0000000000000400
CCS=0000000000000095 CCD=fffffffffd379dc6 CCO=EFLAGS
EFER=0000000000000500
Servicing hardware INT=0x20
   496: v=20 e=0000 i=0 cpl=0 IP=0008:0000000000111ff2 pc=0000000000111ff2 SP=0010:00000000001b9e60 env->regs[R_EAX]=00000000003299d7
RAX=00000000003299d7 RBX=00000000cccccccd RCX=000000000000001b RDX=00000000000003f8
RSI=0000000000000000 RDI=00000000fee00000 RBP=00000000001b9ff0 RSP=00000000001b9e60
R8 =0000000000000001 R9 =0000000000000000 R10=00000000002f7000 R11=000000000000005e
R12=0000000000000000 R13=0000000000000001 R14=0000000000000001 R15=0000000000008003
RIP=0000000000111ff2 RFL=00000293 [--S-A-C] CPL=0 II=0 A20=1 SMM=0 HLT=0
ES =0010 0000000000000000 ffffffff 00cf9300 DPL=0 DS   [-WA]
CS =0008 0000000000000000 ffffffff 00af9a00 DPL=0 CS64 [-R-]
SS =0010 0000000000000000 ffffffff 00cf9300 DPL=0 DS   [-WA]
DS =0010 0000000000000000 ffffffff 00cf9300 DPL=0 DS   [-WA]
FS =0010 0000000000000000 ffffffff 00cf9300 DPL=0 DS   [-WA]
GS =0010 0000000000000000 ffffffff 00cf9300 DPL=0 DS   [-WA]
LDT=0000 0000000000000000 0000ffff 00008200 DPL=0 LDT
TR =0040 0000000000299ae0 0000006f 00208900 DPL=0 TSS64-avl
GDT=     0000000000271ce0 0000004f
IDT=     0000000000271d60 00000fff
CR0=80000013 CR2=0000000000000000 CR3=00000000001ba000 CR4=00000620
DR0=0000000000000000 DR1=0000000000000000 DR2=0000000000000000 DR3=0000000000000000 
DR6=00000000ffff0ff0 DR7=0000000000000400
CCS=0000000000000091 CCD=fffffffffd37a957 CCO=EFLAGS
EFER=0000000000000500
Servicing hardware INT=0x20
   497: v=20 e=0000 i=0 cpl=0 IP=0008:0000000000111ff2 pc=0000000000111ff2 SP=0010:00000000001b9e60 env->regs[R_EAX]=000000000032c875
RAX=000000000032c875 RBX=00000000cccccccd RCX=000000000000001b RDX=00000000000003f8
RSI=0000000000000000 RDI=00000000fee00000 RBP=00000000001b9ff0 RSP=00000000001b9e60
R8 =0000000000000001 R9 =0000000000000000 R10=00000000002f7000 R11=000000000000005e
R12=0000000000000000 R13=0000000000000001 R14=0000000000000001 R15=0000000000008003
RIP=0000000000111ff2 RFL=00000297 [--S-APC] CPL=0 II=0 A20=1 SMM=0 HLT=0
ES =0010 0000000000000000 ffffffff 00cf9300 DPL=0 DS   [-WA]
CS =0008 0000000000000000 ffffffff 00af9a00 DPL=0 CS64 [-R-]
SS =0010 0000000000000000 ffffffff 00cf9300 DPL=0 DS   [-WA]
DS =0010 0000000000000000 ffffffff 00cf9300 DPL=0 DS   [-WA]
FS =0010 0000000000000000 ffffffff 00cf9300 DPL=0 DS   [-WA]
GS =0010 0000000000000000 ffffffff 00cf9300 DPL=0 DS   [-WA]
LDT=0000 0000000000000000 0000ffff 00008200 DPL=0 LDT
TR =0040 0000000000299ae0 0000006f 00208900 DPL=0 TSS64-avl
GDT=     0000000000271ce0 0000004f
IDT=     0000000000271d60 00000fff
CR0=80000013 CR2=0000000000000000 CR3=00000000001ba000 CR4=00000620
DR0=0000000000000000 DR1=0000000000000000 DR2=0000000000000000 DR3=0000000000000000 
DR6=00000000ffff0ff0 DR7=0000000000000400
CCS=0000000000000095 CCD=fffffffffd37d7f5 CCO=EFLAGS
EFER=0000000000000500
Servicing hardware INT=0x20
   498: v=20 e=0000 i=0 cpl=0 IP=0008:0000000000111ff2 pc=0000000000111ff2 SP=0010:00000000001b9e60 env->regs[R_EAX]=000000000032d646
RAX=000000000032d646 RBX=00000000cccccccd RCX=000000000000001b RDX=00000000000003f8
RSI=0000000000000000 RDI=00000000fee00000 RBP=00000000001b9ff0 RSP=00000000001b9e60
R8 =0000000000000001 R9 =0000000000000000 R10=00000000002f7000 R11=000000000000005e
R12=0000000000000000 R13=0000000000000001 R14=0000000000000001 R15=0000000000008003
RIP=0000000000111ff2 RFL=00000297 [--S-APC] CPL=0 II=0 A20=1 SMM=0 HLT=0
ES =0010 0000000000000000 ffffffff 00cf9300 DPL=0 DS   [-WA]
CS =0008 0000000000000000 ffffffff 00af9a00 DPL=0 CS64 [-R-]
SS =0010 0000000000000000 ffffffff 00cf9300 DPL=0 DS   [-WA]
DS =0010 0000000000000000 ffffffff 00cf9300 DPL=0 DS   [-WA]
FS =0010 0000000000000000 ffffffff 00cf9300 DPL=0 DS   [-WA]
GS =0010 0000000000000000 ffffffff 00cf9300 DPL=0 DS   [-WA]
LDT=0000 0000000000000000 0000ffff 00008200 DPL=0 LDT
TR =0040 0000000000299ae0 0000006f 00208900 DPL=0 TSS64-avl
GDT=     0000000000271ce0 0000004f
IDT=     0000000000271d60 00000fff
CR0=80000013 CR2=0000000000000000 CR3=00000000001ba000 CR4=00000620
DR0=0000000000000000 DR1=0000000000000000 DR2=0000000000000000 DR3=0000000000000000 
DR6=00000000ffff0ff0 DR7=0000000000000400
CCS=0000000000000095 CCD=fffffffffd37e5c6 CCO=EFLAGS
EFER=0000000000000500
Servicing hardware INT=0x20
   499: v=20 e=0000 i=0 cpl=0 IP=0008:0000000000111ff2 pc=0000000000111ff2 SP=0010:00000000001b9e60 env->regs[R_EAX]=000000000033045e
RAX=000000000033045e RBX=00000000cccccccd RCX=000000000000001b RDX=00000000000003f8
RSI=0000000000000000 RDI=00000000fee00000 RBP=00000000001b9ff0 RSP=00000000001b9e60
R8 =0000000000000001 R9 =0000000000000000 R10=00000000002f7000 R11=000000000000005e
R12=0000000000000000 R13=0000000000000001 R14=0000000000000001 R15=0000000000008003
RIP=0000000000111ff2 RFL=00000297 [--S-APC] CPL=0 II=0 A20=1 SMM=0 HLT=0
ES =0010 0000000000000000 ffffffff 00cf9300 DPL=0 DS   [-WA]
CS =0008 0000000000000000 ffffffff 00af9a00 DPL=0 CS64 [-R-]
SS =0010 0000000000000000 ffffffff 00cf9300 DPL=0 DS   [-WA]
DS =0010 0000000000000000 ffffffff 00cf9300 DPL=0 DS   [-WA]
FS =0010 0000000000000000 ffffffff 00cf9300 DPL=0 DS   [-WA]
GS =0010 0000000000000000 ffffffff 00cf9300 DPL=0 DS   [-WA]
LDT=0000 0000000000000000 0000ffff 00008200 DPL=0 LDT
TR =0040 0000000000299ae0 0000006f 00208900 DPL=0 TSS64-avl
GDT=     0000000000271ce0 0000004f
IDT=     0000000000271d60 00000fff
CR0=80000013 CR2=0000000000000000 CR3=00000000001ba000 CR4=00000620
DR0=0000000000000000 DR1=0000000000000000 DR2=0000000000000000 DR3=0000000000000000 
DR6=00000000ffff0ff0 DR7=0000000000000400
CCS=0000000000000095 CCD=fffffffffd3813de CCO=EFLAGS
EFER=0000000000000500
Servicing hardware INT=0x20
   500: v=20 e=0000 i=0 cpl=0 IP=0008:0000000000111ff2 pc=0000000000111ff2 SP=0010:00000000001b9e60 env->regs[R_EAX]=000000000033101e
RAX=000000000033101e RBX=00000000cccccccd RCX=000000000000001b RDX=00000000000003f8
RSI=0000000000000000 RDI=00000000fee00000 RBP=00000000001b9ff0 RSP=00000000001b9e60
R8 =0000000000000001 R9 =0000000000000000 R10=00000000002f7000 R11=000000000000005e
R12=0000000000000000 R13=0000000000000001 R14=0000000000000001 R15=0000000000008003
RIP=0000000000111ff2 RFL=00000293 [--S-A-C] CPL=0 II=0 A20=1 SMM=0 HLT=0
ES =0010 0000000000000000 ffffffff 00cf9300 DPL=0 DS   [-WA]
CS =0008 0000000000000000 ffffffff 00af9a00 DPL=0 CS64 [-R-]
SS =0010 0000000000000000 ffffffff 00cf9300 DPL=0 DS   [-WA]
DS =0010 0000000000000000 ffffffff 00cf9300 DPL=0 DS   [-WA]
FS =0010 0000000000000000 ffffffff 00cf9300 DPL=0 DS   [-WA]
GS =0010 0000000000000000 ffffffff 00cf9300 DPL=0 DS   [-WA]
LDT=0000 0000000000000000 0000ffff 00008200 DPL=0 LDT
TR =0040 0000000000299ae0 0000006f 00208900 DPL=0 TSS64-avl
GDT=     0000000000271ce0 0000004f
IDT=     0000000000271d60 00000fff
CR0=80000013 CR2=0000000000000000 CR3=00000000001ba000 CR4=00000620
DR0=0000000000000000 DR1=0000000000000000 DR2=0000000000000000 DR3=0000000000000000 
DR6=00000000ffff0ff0 DR7=0000000000000400
CCS=0000000000000091 CCD=fffffffffd381f9e CCO=EFLAGS
EFER=0000000000000500
Servicing hardware INT=0x20
   501: v=20 e=0000 i=0 cpl=0 IP=0008:0000000000111ff2 pc=0000000000111ff2 SP=0010:00000000001b9e60 env->regs[R_EAX]=0000000000333d96
RAX=0000000000333d96 RBX=00000000cccccccd RCX=000000000000001b RDX=00000000000003f8
RSI=0000000000000000 RDI=00000000fee00000 RBP=00000000001b9ff0 RSP=00000000001b9e60
R8 =0000000000000001 R9 =0000000000000000 R10=00000000002f7000 R11=000000000000005e
R12=0000000000000000 R13=0000000000000001 R14=0000000000000001 R15=0000000000008003
RIP=0000000000111ff2 RFL=00000293 [--S-A-C] CPL=0 II=0 A20=1 SMM=0 HLT=0
ES =0010 0000000000000000 ffffffff 00cf9300 DPL=0 DS   [-WA]
CS =0008 0000000000000000 ffffffff 00af9a00 DPL=0 CS64 [-R-]
SS =0010 0000000000000000 ffffffff 00cf9300 DPL=0 DS   [-WA]
DS =0010 0000000000000000 ffffffff 00cf9300 DPL=0 DS   [-WA]
FS =0010 0000000000000000 ffffffff 00cf9300 DPL=0 DS   [-WA]
GS =0010 0000000000000000 ffffffff 00cf9300 DPL=0 DS   [-WA]
LDT=0000 0000000000000000 0000ffff 00008200 DPL=0 LDT
TR =0040 0000000000299ae0 0000006f 00208900 DPL=0 TSS64-avl
GDT=     0000000000271ce0 0000004f
IDT=     0000000000271d60 00000fff
CR0=80000013 CR2=0000000000000000 CR3=00000000001ba000 CR4=00000620
DR0=0000000000000000 DR1=0000000000000000 DR2=0000000000000000 DR3=0000000000000000 
DR6=00000000ffff0ff0 DR7=0000000000000400
CCS=0000000000000091 CCD=fffffffffd384d16 CCO=EFLAGS
EFER=0000000000000500
Servicing hardware INT=0x20
   502: v=20 e=0000 i=0 cpl=0 IP=0008:0000000000111ff2 pc=0000000000111ff2 SP=0010:00000000001b9e60 env->regs[R_EAX]=0000000000335484
RAX=0000000000335484 RBX=00000000cccccccd RCX=000000000000001b RDX=00000000000003f8
RSI=0000000000000000 RDI=00000000fee00000 RBP=00000000001b9ff0 RSP=00000000001b9e60
R8 =0000000000000001 R9 =0000000000000000 R10=00000000002f7000 R11=000000000000005e
R12=0000000000000000 R13=0000000000000001 R14=0000000000000001 R15=0000000000008003
RIP=0000000000111ff2 RFL=00000293 [--S-A-C] CPL=0 II=0 A20=1 SMM=0 HLT=0
ES =0010 0000000000000000 ffffffff 00cf9300 DPL=0 DS   [-WA]
CS =0008 0000000000000000 ffffffff 00af9a00 DPL=0 CS64 [-R-]
SS =0010 0000000000000000 ffffffff 00cf9300 DPL=0 DS   [-WA]
DS =0010 0000000000000000 ffffffff 00cf9300 DPL=0 DS   [-WA]
FS =0010 0000000000000000 ffffffff 00cf9300 DPL=0 DS   [-WA]
GS =0010 0000000000000000 ffffffff 00cf9300 DPL=0 DS   [-WA]
LDT=0000 0000000000000000 0000ffff 00008200 DPL=0 LDT
TR =0040 0000000000299ae0 0000006f 00208900 DPL=0 TSS64-avl
GDT=     0000000000271ce0 0000004f
IDT=     0000000000271d60 00000fff
CR0=80000013 CR2=0000000000000000 CR3=00000000001ba000 CR4=00000620
DR0=0000000000000000 DR1=0000000000000000 DR2=0000000000000000 DR3=0000000000000000 
DR6=00000000ffff0ff0 DR7=0000000000000400
CCS=0000000000000091 CCD=fffffffffd386404 CCO=EFLAGS
EFER=0000000000000500
Servicing hardware INT=0x20
   503: v=20 e=0000 i=0 cpl=0 IP=0008:0000000000111ff2 pc=0000000000111ff2 SP=0010:00000000001b9e60 env->regs[R_EAX]=00000000003375e5
RAX=00000000003375e5 RBX=00000000cccccccd RCX=000000000000001b RDX=00000000000003f8
RSI=0000000000000000 RDI=00000000fee00000 RBP=00000000001b9ff0 RSP=00000000001b9e60
R8 =0000000000000001 R9 =0000000000000000 R10=00000000002f7000 R11=000000000000005e
R12=0000000000000000 R13=0000000000000001 R14=0000000000000001 R15=0000000000008003
RIP=0000000000111ff2 RFL=00000297 [--S-APC] CPL=0 II=0 A20=1 SMM=0 HLT=0
ES =0010 0000000000000000 ffffffff 00cf9300 DPL=0 DS   [-WA]
CS =0008 0000000000000000 ffffffff 00af9a00 DPL=0 CS64 [-R-]
SS =0010 0000000000000000 ffffffff 00cf9300 DPL=0 DS   [-WA]
DS =0010 0000000000000000 ffffffff 00cf9300 DPL=0 DS   [-WA]
FS =0010 0000000000000000 ffffffff 00cf9300 DPL=0 DS   [-WA]
GS =0010 0000000000000000 ffffffff 00cf9300 DPL=0 DS   [-WA]
LDT=0000 0000000000000000 0000ffff 00008200 DPL=0 LDT
TR =0040 0000000000299ae0 0000006f 00208900 DPL=0 TSS64-avl
GDT=     0000000000271ce0 0000004f
IDT=     0000000000271d60 00000fff
CR0=80000013 CR2=0000000000000000 CR3=00000000001ba000 CR4=00000620
DR0=0000000000000000 DR1=0000000000000000 DR2=0000000000000000 DR3=0000000000000000 
DR6=00000000ffff0ff0 DR7=0000000000000400
CCS=0000000000000095 CCD=fffffffffd388565 CCO=EFLAGS
EFER=0000000000000500
Servicing hardware INT=0x20
   504: v=20 e=0000 i=0 cpl=0 IP=0008:0000000000111ff2 pc=0000000000111ff2 SP=0010:00000000001b9e60 env->regs[R_EAX]=000000000033831a
RAX=000000000033831a RBX=00000000cccccccd RCX=000000000000001b RDX=00000000000003f8
RSI=0000000000000000 RDI=00000000fee00000 RBP=00000000001b9ff0 RSP=00000000001b9e60
R8 =0000000000000001 R9 =0000000000000000 R10=00000000002f7000 R11=000000000000005e
R12=0000000000000000 R13=0000000000000001 R14=0000000000000001 R15=0000000000008003
RIP=0000000000111ff2 RFL=00000297 [--S-APC] CPL=0 II=0 A20=1 SMM=0 HLT=0
ES =0010 0000000000000000 ffffffff 00cf9300 DPL=0 DS   [-WA]
CS =0008 0000000000000000 ffffffff 00af9a00 DPL=0 CS64 [-R-]
SS =0010 0000000000000000 ffffffff 00cf9300 DPL=0 DS   [-WA]
DS =0010 0000000000000000 ffffffff 00cf9300 DPL=0 DS   [-WA]
FS =0010 0000000000000000 ffffffff 00cf9300 DPL=0 DS   [-WA]
GS =0010 0000000000000000 ffffffff 00cf9300 DPL=0 DS   [-WA]
LDT=0000 0000000000000000 0000ffff 00008200 DPL=0 LDT
TR =0040 0000000000299ae0 0000006f 00208900 DPL=0 TSS64-avl
GDT=     0000000000271ce0 0000004f
IDT=     0000000000271d60 00000fff
CR0=80000013 CR2=0000000000000000 CR3=00000000001ba000 CR4=00000620
DR0=0000000000000000 DR1=0000000000000000 DR2=0000000000000000 DR3=0000000000000000 
DR6=00000000ffff0ff0 DR7=0000000000000400
CCS=0000000000000095 CCD=fffffffffd38929a CCO=EFLAGS
EFER=0000000000000500
Servicing hardware INT=0x20
   505: v=20 e=0000 i=0 cpl=0 IP=0008:0000000000111ff2 pc=0000000000111ff2 SP=0010:00000000001b9e60 env->regs[R_EAX]=000000000033b327
RAX=000000000033b327 RBX=00000000cccccccd RCX=000000000000001b RDX=00000000000003f8
RSI=0000000000000000 RDI=00000000fee00000 RBP=00000000001b9ff0 RSP=00000000001b9e60
R8 =0000000000000001 R9 =0000000000000000 R10=00000000002f7000 R11=000000000000005e
R12=0000000000000000 R13=0000000000000001 R14=0000000000000001 R15=0000000000008003
RIP=0000000000111ff2 RFL=00000293 [--S-A-C] CPL=0 II=0 A20=1 SMM=0 HLT=0
ES =0010 0000000000000000 ffffffff 00cf9300 DPL=0 DS   [-WA]
CS =0008 0000000000000000 ffffffff 00af9a00 DPL=0 CS64 [-R-]
SS =0010 0000000000000000 ffffffff 00cf9300 DPL=0 DS   [-WA]
DS =0010 0000000000000000 ffffffff 00cf9300 DPL=0 DS   [-WA]
FS =0010 0000000000000000 ffffffff 00cf9300 DPL=0 DS   [-WA]
GS =0010 0000000000000000 ffffffff 00cf9300 DPL=0 DS   [-WA]
LDT=0000 0000000000000000 0000ffff 00008200 DPL=0 LDT
TR =0040 0000000000299ae0 0000006f 00208900 DPL=0 TSS64-avl
GDT=     0000000000271ce0 0000004f
IDT=     0000000000271d60 00000fff
CR0=80000013 CR2=0000000000000000 CR3=00000000001ba000 CR4=00000620
DR0=0000000000000000 DR1=0000000000000000 DR2=0000000000000000 DR3=0000000000000000 
DR6=00000000ffff0ff0 DR7=0000000000000400
CCS=0000000000000091 CCD=fffffffffd38c2a7 CCO=EFLAGS
EFER=0000000000000500
Servicing hardware INT=0x20
   506: v=20 e=0000 i=0 cpl=0 IP=0008:0000000000111ff2 pc=0000000000111ff2 SP=0010:00000000001b9e60 env->regs[R_EAX]=000000000033bf97
RAX=000000000033bf97 RBX=00000000cccccccd RCX=000000000000001b RDX=00000000000003f8
RSI=0000000000000000 RDI=00000000fee00000 RBP=00000000001b9ff0 RSP=00000000001b9e60
R8 =0000000000000001 R9 =0000000000000000 R10=00000000002f7000 R11=000000000000005e
R12=0000000000000000 R13=0000000000000001 R14=0000000000000001 R15=0000000000008003
RIP=0000000000111ff2 RFL=00000297 [--S-APC] CPL=0 II=0 A20=1 SMM=0 HLT=0
ES =0010 0000000000000000 ffffffff 00cf9300 DPL=0 DS   [-WA]
CS =0008 0000000000000000 ffffffff 00af9a00 DPL=0 CS64 [-R-]
SS =0010 0000000000000000 ffffffff 00cf9300 DPL=0 DS   [-WA]
DS =0010 0000000000000000 ffffffff 00cf9300 DPL=0 DS   [-WA]
FS =0010 0000000000000000 ffffffff 00cf9300 DPL=0 DS   [-WA]
GS =0010 0000000000000000 ffffffff 00cf9300 DPL=0 DS   [-WA]
LDT=0000 0000000000000000 0000ffff 00008200 DPL=0 LDT
TR =0040 0000000000299ae0 0000006f 00208900 DPL=0 TSS64-avl
GDT=     0000000000271ce0 0000004f
IDT=     0000000000271d60 00000fff
CR0=80000013 CR2=0000000000000000 CR3=00000000001ba000 CR4=00000620
DR0=0000000000000000 DR1=0000000000000000 DR2=0000000000000000 DR3=0000000000000000 
DR6=00000000ffff0ff0 DR7=0000000000000400
CCS=0000000000000095 CCD=fffffffffd38cf17 CCO=EFLAGS
EFER=0000000000000500
Servicing hardware INT=0x20
   507: v=20 e=0000 i=0 cpl=0 IP=0008:0000000000111ff2 pc=0000000000111ff2 SP=0010:00000000001b9e60 env->regs[R_EAX]=000000000033f0ec
RAX=000000000033f0ec RBX=00000000cccccccd RCX=000000000000001b RDX=00000000000003f8
RSI=0000000000000000 RDI=00000000fee00000 RBP=00000000001b9ff0 RSP=00000000001b9e60
R8 =0000000000000001 R9 =0000000000000000 R10=00000000002f7000 R11=000000000000005e
R12=0000000000000000 R13=0000000000000001 R14=0000000000000001 R15=0000000000008003
RIP=0000000000111ff2 RFL=00000297 [--S-APC] CPL=0 II=0 A20=1 SMM=0 HLT=0
ES =0010 0000000000000000 ffffffff 00cf9300 DPL=0 DS   [-WA]
CS =0008 0000000000000000 ffffffff 00af9a00 DPL=0 CS64 [-R-]
SS =0010 0000000000000000 ffffffff 00cf9300 DPL=0 DS   [-WA]
DS =0010 0000000000000000 ffffffff 00cf9300 DPL=0 DS   [-WA]
FS =0010 0000000000000000 ffffffff 00cf9300 DPL=0 DS   [-WA]
GS =0010 0000000000000000 ffffffff 00cf9300 DPL=0 DS   [-WA]
LDT=0000 0000000000000000 0000ffff 00008200 DPL=0 LDT
TR =0040 0000000000299ae0 0000006f 00208900 DPL=0 TSS64-avl
GDT=     0000000000271ce0 0000004f
IDT=     0000000000271d60 00000fff
CR0=80000013 CR2=0000000000000000 CR3=00000000001ba000 CR4=00000620
DR0=0000000000000000 DR1=0000000000000000 DR2=0000000000000000 DR3=0000000000000000 
DR6=00000000ffff0ff0 DR7=0000000000000400
CCS=0000000000000095 CCD=fffffffffd39006c CCO=EFLAGS
EFER=0000000000000500
Servicing hardware INT=0x20
   508: v=20 e=0000 i=0 cpl=0 IP=0008:0000000000111ff2 pc=0000000000111ff2 SP=0010:00000000001b9e60 env->regs[R_EAX]=000000000033fa94
RAX=000000000033fa94 RBX=00000000cccccccd RCX=000000000000001b RDX=00000000000003f8
RSI=0000000000000000 RDI=00000000fee00000 RBP=00000000001b9ff0 RSP=00000000001b9e60
R8 =0000000000000001 R9 =0000000000000000 R10=00000000002f7000 R11=000000000000005e
R12=0000000000000000 R13=0000000000000001 R14=0000000000000001 R15=0000000000008003
RIP=0000000000111ff2 RFL=00000297 [--S-APC] CPL=0 II=0 A20=1 SMM=0 HLT=0
ES =0010 0000000000000000 ffffffff 00cf9300 DPL=0 DS   [-WA]
CS =0008 0000000000000000 ffffffff 00af9a00 DPL=0 CS64 [-R-]
SS =0010 0000000000000000 ffffffff 00cf9300 DPL=0 DS   [-WA]
DS =0010 0000000000000000 ffffffff 00cf9300 DPL=0 DS   [-WA]
FS =0010 0000000000000000 ffffffff 00cf9300 DPL=0 DS   [-WA]
GS =0010 0000000000000000 ffffffff 00cf9300 DPL=0 DS   [-WA]
LDT=0000 0000000000000000 0000ffff 00008200 DPL=0 LDT
TR =0040 0000000000299ae0 0000006f 00208900 DPL=0 TSS64-avl
GDT=     0000000000271ce0 0000004f
IDT=     0000000000271d60 00000fff
CR0=80000013 CR2=0000000000000000 CR3=00000000001ba000 CR4=00000620
DR0=0000000000000000 DR1=0000000000000000 DR2=0000000000000000 DR3=0000000000000000 
DR6=00000000ffff0ff0 DR7=0000000000000400
CCS=0000000000000095 CCD=fffffffffd390a14 CCO=EFLAGS
EFER=0000000000000500
Servicing hardware INT=0x20
   509: v=20 e=0000 i=0 cpl=0 IP=0008:0000000000111ff2 pc=0000000000111ff2 SP=0010:00000000001b9e60 env->regs[R_EAX]=00000000003427c1
RAX=00000000003427c1 RBX=00000000cccccccd RCX=000000000000001b RDX=00000000000003f8
RSI=0000000000000000 RDI=00000000fee00000 RBP=00000000001b9ff0 RSP=00000000001b9e60
R8 =0000000000000001 R9 =0000000000000000 R10=00000000002f7000 R11=000000000000005e
R12=0000000000000000 R13=0000000000000001 R14=0000000000000001 R15=0000000000008003
RIP=0000000000111ff2 RFL=00000297 [--S-APC] CPL=0 II=0 A20=1 SMM=0 HLT=0
ES =0010 0000000000000000 ffffffff 00cf9300 DPL=0 DS   [-WA]
CS =0008 0000000000000000 ffffffff 00af9a00 DPL=0 CS64 [-R-]
SS =0010 0000000000000000 ffffffff 00cf9300 DPL=0 DS   [-WA]
DS =0010 0000000000000000 ffffffff 00cf9300 DPL=0 DS   [-WA]
FS =0010 0000000000000000 ffffffff 00cf9300 DPL=0 DS   [-WA]
GS =0010 0000000000000000 ffffffff 00cf9300 DPL=0 DS   [-WA]
LDT=0000 0000000000000000 0000ffff 00008200 DPL=0 LDT
TR =0040 0000000000299ae0 0000006f 00208900 DPL=0 TSS64-avl
GDT=     0000000000271ce0 0000004f
IDT=     0000000000271d60 00000fff
CR0=80000013 CR2=0000000000000000 CR3=00000000001ba000 CR4=00000620
DR0=0000000000000000 DR1=0000000000000000 DR2=0000000000000000 DR3=0000000000000000 
DR6=00000000ffff0ff0 DR7=0000000000000400
CCS=0000000000000095 CCD=fffffffffd393741 CCO=EFLAGS
EFER=0000000000000500
Servicing hardware INT=0x20
   510: v=20 e=0000 i=0 cpl=0 IP=0008:0000000000111ff2 pc=0000000000111ff2 SP=0010:00000000001b9e60 env->regs[R_EAX]=00000000003434ba
RAX=00000000003434ba RBX=00000000cccccccd RCX=000000000000001b RDX=00000000000003f8
RSI=0000000000000000 RDI=00000000fee00000 RBP=00000000001b9ff0 RSP=00000000001b9e60
R8 =0000000000000001 R9 =0000000000000000 R10=00000000002f7000 R11=000000000000005e
R12=0000000000000000 R13=0000000000000001 R14=0000000000000001 R15=0000000000008003
RIP=0000000000111ff2 RFL=00000297 [--S-APC] CPL=0 II=0 A20=1 SMM=0 HLT=0
ES =0010 0000000000000000 ffffffff 00cf9300 DPL=0 DS   [-WA]
CS =0008 0000000000000000 ffffffff 00af9a00 DPL=0 CS64 [-R-]
SS =0010 0000000000000000 ffffffff 00cf9300 DPL=0 DS   [-WA]
DS =0010 0000000000000000 ffffffff 00cf9300 DPL=0 DS   [-WA]
FS =0010 0000000000000000 ffffffff 00cf9300 DPL=0 DS   [-WA]
GS =0010 0000000000000000 ffffffff 00cf9300 DPL=0 DS   [-WA]
LDT=0000 0000000000000000 0000ffff 00008200 DPL=0 LDT
TR =0040 0000000000299ae0 0000006f 00208900 DPL=0 TSS64-avl
GDT=     0000000000271ce0 0000004f
IDT=     0000000000271d60 00000fff
CR0=80000013 CR2=0000000000000000 CR3=00000000001ba000 CR4=00000620
DR0=0000000000000000 DR1=0000000000000000 DR2=0000000000000000 DR3=0000000000000000 
DR6=00000000ffff0ff0 DR7=0000000000000400
CCS=0000000000000095 CCD=fffffffffd39443a CCO=EFLAGS
EFER=0000000000000500
Servicing hardware INT=0x20
   511: v=20 e=0000 i=0 cpl=0 IP=0008:0000000000111ff2 pc=0000000000111ff2 SP=0010:00000000001b9e60 env->regs[R_EAX]=0000000000346359
RAX=0000000000346359 RBX=00000000cccccccd RCX=000000000000001b RDX=00000000000003f8
RSI=0000000000000000 RDI=00000000fee00000 RBP=00000000001b9ff0 RSP=00000000001b9e60
R8 =0000000000000001 R9 =0000000000000000 R10=00000000002f7000 R11=000000000000005e
R12=0000000000000000 R13=0000000000000001 R14=0000000000000001 R15=0000000000008003
RIP=0000000000111ff2 RFL=00000293 [--S-A-C] CPL=0 II=0 A20=1 SMM=0 HLT=0
ES =0010 0000000000000000 ffffffff 00cf9300 DPL=0 DS   [-WA]
CS =0008 0000000000000000 ffffffff 00af9a00 DPL=0 CS64 [-R-]
SS =0010 0000000000000000 ffffffff 00cf9300 DPL=0 DS   [-WA]
DS =0010 0000000000000000 ffffffff 00cf9300 DPL=0 DS   [-WA]
FS =0010 0000000000000000 ffffffff 00cf9300 DPL=0 DS   [-WA]
GS =0010 0000000000000000 ffffffff 00cf9300 DPL=0 DS   [-WA]
LDT=0000 0000000000000000 0000ffff 00008200 DPL=0 LDT
TR =0040 0000000000299ae0 0000006f 00208900 DPL=0 TSS64-avl
GDT=     0000000000271ce0 0000004f
IDT=     0000000000271d60 00000fff
CR0=80000013 CR2=0000000000000000 CR3=00000000001ba000 CR4=00000620
DR0=0000000000000000 DR1=0000000000000000 DR2=0000000000000000 DR3=0000000000000000 
DR6=00000000ffff0ff0 DR7=0000000000000400
CCS=0000000000000091 CCD=fffffffffd3972d9 CCO=EFLAGS
EFER=0000000000000500
Servicing hardware INT=0x20
   512: v=20 e=0000 i=0 cpl=0 IP=0008:0000000000111ff2 pc=0000000000111ff2 SP=0010:00000000001b9e60 env->regs[R_EAX]=0000000000346e21
RAX=0000000000346e21 RBX=00000000cccccccd RCX=000000000000001b RDX=00000000000003f8
RSI=0000000000000000 RDI=00000000fee00000 RBP=00000000001b9ff0 RSP=00000000001b9e60
R8 =0000000000000001 R9 =0000000000000000 R10=00000000002f7000 R11=000000000000005e
R12=0000000000000000 R13=0000000000000001 R14=0000000000000001 R15=0000000000008003
RIP=0000000000111ff2 RFL=00000293 [--S-A-C] CPL=0 II=0 A20=1 SMM=0 HLT=0
ES =0010 0000000000000000 ffffffff 00cf9300 DPL=0 DS   [-WA]
CS =0008 0000000000000000 ffffffff 00af9a00 DPL=0 CS64 [-R-]
SS =0010 0000000000000000 ffffffff 00cf9300 DPL=0 DS   [-WA]
DS =0010 0000000000000000 ffffffff 00cf9300 DPL=0 DS   [-WA]
FS =0010 0000000000000000 ffffffff 00cf9300 DPL=0 DS   [-WA]
GS =0010 0000000000000000 ffffffff 00cf9300 DPL=0 DS   [-WA]
LDT=0000 0000000000000000 0000ffff 00008200 DPL=0 LDT
TR =0040 0000000000299ae0 0000006f 00208900 DPL=0 TSS64-avl
GDT=     0000000000271ce0 0000004f
IDT=     0000000000271d60 00000fff
CR0=80000013 CR2=0000000000000000 CR3=00000000001ba000 CR4=00000620
DR0=0000000000000000 DR1=0000000000000000 DR2=0000000000000000 DR3=0000000000000000 
DR6=00000000ffff0ff0 DR7=0000000000000400
CCS=0000000000000091 CCD=fffffffffd397da1 CCO=EFLAGS
EFER=0000000000000500
Servicing hardware INT=0x20
   513: v=20 e=0000 i=0 cpl=0 IP=0008:0000000000111ff2 pc=0000000000111ff2 SP=0010:00000000001b9e60 env->regs[R_EAX]=0000000000349a89
RAX=0000000000349a89 RBX=00000000cccccccd RCX=000000000000001b RDX=00000000000003f8
RSI=0000000000000000 RDI=00000000fee00000 RBP=00000000001b9ff0 RSP=00000000001b9e60
R8 =0000000000000001 R9 =0000000000000000 R10=00000000002f7000 R11=000000000000005e
R12=0000000000000000 R13=0000000000000001 R14=0000000000000001 R15=0000000000008003
RIP=0000000000111ff2 RFL=00000297 [--S-APC] CPL=0 II=0 A20=1 SMM=0 HLT=0
ES =0010 0000000000000000 ffffffff 00cf9300 DPL=0 DS   [-WA]
CS =0008 0000000000000000 ffffffff 00af9a00 DPL=0 CS64 [-R-]
SS =0010 0000000000000000 ffffffff 00cf9300 DPL=0 DS   [-WA]
DS =0010 0000000000000000 ffffffff 00cf9300 DPL=0 DS   [-WA]
FS =0010 0000000000000000 ffffffff 00cf9300 DPL=0 DS   [-WA]
GS =0010 0000000000000000 ffffffff 00cf9300 DPL=0 DS   [-WA]
LDT=0000 0000000000000000 0000ffff 00008200 DPL=0 LDT
TR =0040 0000000000299ae0 0000006f 00208900 DPL=0 TSS64-avl
GDT=     0000000000271ce0 0000004f
IDT=     0000000000271d60 00000fff
CR0=80000013 CR2=0000000000000000 CR3=00000000001ba000 CR4=00000620
DR0=0000000000000000 DR1=0000000000000000 DR2=0000000000000000 DR3=0000000000000000 
DR6=00000000ffff0ff0 DR7=0000000000000400
CCS=0000000000000095 CCD=fffffffffd39aa09 CCO=EFLAGS
EFER=0000000000000500
Servicing hardware INT=0x20
   514: v=20 e=0000 i=0 cpl=0 IP=0008:0000000000111ff2 pc=0000000000111ff2 SP=0010:00000000001b9e60 env->regs[R_EAX]=000000000034a6a0
RAX=000000000034a6a0 RBX=00000000cccccccd RCX=000000000000001b RDX=00000000000003f8
RSI=0000000000000000 RDI=00000000fee00000 RBP=00000000001b9ff0 RSP=00000000001b9e60
R8 =0000000000000001 R9 =0000000000000000 R10=00000000002f7000 R11=000000000000005e
R12=0000000000000000 R13=0000000000000001 R14=0000000000000001 R15=0000000000008003
RIP=0000000000111ff2 RFL=00000283 [--S---C] CPL=0 II=0 A20=1 SMM=0 HLT=0
ES =0010 0000000000000000 ffffffff 00cf9300 DPL=0 DS   [-WA]
CS =0008 0000000000000000 ffffffff 00af9a00 DPL=0 CS64 [-R-]
SS =0010 0000000000000000 ffffffff 00cf9300 DPL=0 DS   [-WA]
DS =0010 0000000000000000 ffffffff 00cf9300 DPL=0 DS   [-WA]
FS =0010 0000000000000000 ffffffff 00cf9300 DPL=0 DS   [-WA]
GS =0010 0000000000000000 ffffffff 00cf9300 DPL=0 DS   [-WA]
LDT=0000 0000000000000000 0000ffff 00008200 DPL=0 LDT
TR =0040 0000000000299ae0 0000006f 00208900 DPL=0 TSS64-avl
GDT=     0000000000271ce0 0000004f
IDT=     0000000000271d60 00000fff
CR0=80000013 CR2=0000000000000000 CR3=00000000001ba000 CR4=00000620
DR0=0000000000000000 DR1=0000000000000000 DR2=0000000000000000 DR3=0000000000000000 
DR6=00000000ffff0ff0 DR7=0000000000000400
CCS=0000000000000081 CCD=fffffffffd39b620 CCO=EFLAGS
EFER=0000000000000500
Servicing hardware INT=0x20
   515: v=20 e=0000 i=0 cpl=0 IP=0008:0000000000111ff2 pc=0000000000111ff2 SP=0010:00000000001b9e60 env->regs[R_EAX]=000000000034d45f
RAX=000000000034d45f RBX=00000000cccccccd RCX=000000000000001b RDX=00000000000003f8
RSI=0000000000000000 RDI=00000000fee00000 RBP=00000000001b9ff0 RSP=00000000001b9e60
R8 =0000000000000001 R9 =0000000000000000 R10=00000000002f7000 R11=000000000000005e
R12=0000000000000000 R13=0000000000000001 R14=0000000000000001 R15=0000000000008003
RIP=0000000000111ff2 RFL=00000293 [--S-A-C] CPL=0 II=0 A20=1 SMM=0 HLT=0
ES =0010 0000000000000000 ffffffff 00cf9300 DPL=0 DS   [-WA]
CS =0008 0000000000000000 ffffffff 00af9a00 DPL=0 CS64 [-R-]
SS =0010 0000000000000000 ffffffff 00cf9300 DPL=0 DS   [-WA]
DS =0010 0000000000000000 ffffffff 00cf9300 DPL=0 DS   [-WA]
FS =0010 0000000000000000 ffffffff 00cf9300 DPL=0 DS   [-WA]
GS =0010 0000000000000000 ffffffff 00cf9300 DPL=0 DS   [-WA]
LDT=0000 0000000000000000 0000ffff 00008200 DPL=0 LDT
TR =0040 0000000000299ae0 0000006f 00208900 DPL=0 TSS64-avl
GDT=     0000000000271ce0 0000004f
IDT=     0000000000271d60 00000fff
CR0=80000013 CR2=0000000000000000 CR3=00000000001ba000 CR4=00000620
DR0=0000000000000000 DR1=0000000000000000 DR2=0000000000000000 DR3=0000000000000000 
DR6=00000000ffff0ff0 DR7=0000000000000400
CCS=0000000000000091 CCD=fffffffffd39e3df CCO=EFLAGS
EFER=0000000000000500
Servicing hardware INT=0x20
   516: v=20 e=0000 i=0 cpl=0 IP=0008:0000000000111ff2 pc=0000000000111ff2 SP=0010:00000000001b9e60 env->regs[R_EAX]=000000000034de28
RAX=000000000034de28 RBX=00000000cccccccd RCX=000000000000001b RDX=00000000000003f8
RSI=0000000000000000 RDI=00000000fee00000 RBP=00000000001b9ff0 RSP=00000000001b9e60
R8 =0000000000000001 R9 =0000000000000000 R10=00000000002f7000 R11=000000000000005e
R12=0000000000000000 R13=0000000000000001 R14=0000000000000001 R15=0000000000008003
RIP=0000000000111ff2 RFL=00000293 [--S-A-C] CPL=0 II=0 A20=1 SMM=0 HLT=0
ES =0010 0000000000000000 ffffffff 00cf9300 DPL=0 DS   [-WA]
CS =0008 0000000000000000 ffffffff 00af9a00 DPL=0 CS64 [-R-]
SS =0010 0000000000000000 ffffffff 00cf9300 DPL=0 DS   [-WA]
DS =0010 0000000000000000 ffffffff 00cf9300 DPL=0 DS   [-WA]
FS =0010 0000000000000000 ffffffff 00cf9300 DPL=0 DS   [-WA]
GS =0010 0000000000000000 ffffffff 00cf9300 DPL=0 DS   [-WA]
LDT=0000 0000000000000000 0000ffff 00008200 DPL=0 LDT
TR =0040 0000000000299ae0 0000006f 00208900 DPL=0 TSS64-avl
GDT=     0000000000271ce0 0000004f
IDT=     0000000000271d60 00000fff
CR0=80000013 CR2=0000000000000000 CR3=00000000001ba000 CR4=00000620
DR0=0000000000000000 DR1=0000000000000000 DR2=0000000000000000 DR3=0000000000000000 
DR6=00000000ffff0ff0 DR7=0000000000000400
CCS=0000000000000091 CCD=fffffffffd39eda8 CCO=EFLAGS
EFER=0000000000000500
Servicing hardware INT=0x20
   517: v=20 e=0000 i=0 cpl=0 IP=0008:0000000000111ff2 pc=0000000000111ff2 SP=0010:00000000001b9e60 env->regs[R_EAX]=0000000000350e2f
RAX=0000000000350e2f RBX=00000000cccccccd RCX=000000000000001b RDX=00000000000003f8
RSI=0000000000000000 RDI=00000000fee00000 RBP=00000000001b9ff0 RSP=00000000001b9e60
R8 =0000000000000001 R9 =0000000000000000 R10=00000000002f7000 R11=000000000000005e
R12=0000000000000000 R13=0000000000000001 R14=0000000000000001 R15=0000000000008003
RIP=0000000000111ff2 RFL=00000297 [--S-APC] CPL=0 II=0 A20=1 SMM=0 HLT=0
ES =0010 0000000000000000 ffffffff 00cf9300 DPL=0 DS   [-WA]
CS =0008 0000000000000000 ffffffff 00af9a00 DPL=0 CS64 [-R-]
SS =0010 0000000000000000 ffffffff 00cf9300 DPL=0 DS   [-WA]
DS =0010 0000000000000000 ffffffff 00cf9300 DPL=0 DS   [-WA]
FS =0010 0000000000000000 ffffffff 00cf9300 DPL=0 DS   [-WA]
GS =0010 0000000000000000 ffffffff 00cf9300 DPL=0 DS   [-WA]
LDT=0000 0000000000000000 0000ffff 00008200 DPL=0 LDT
TR =0040 0000000000299ae0 0000006f 00208900 DPL=0 TSS64-avl
GDT=     0000000000271ce0 0000004f
IDT=     0000000000271d60 00000fff
CR0=80000013 CR2=0000000000000000 CR3=00000000001ba000 CR4=00000620
DR0=0000000000000000 DR1=0000000000000000 DR2=0000000000000000 DR3=0000000000000000 
DR6=00000000ffff0ff0 DR7=0000000000000400
CCS=0000000000000095 CCD=fffffffffd3a1daf CCO=EFLAGS
EFER=0000000000000500
Servicing hardware INT=0x20
   518: v=20 e=0000 i=0 cpl=0 IP=0008:0000000000111ff2 pc=0000000000111ff2 SP=0010:00000000001b9e60 env->regs[R_EAX]=0000000000351a06
RAX=0000000000351a06 RBX=00000000cccccccd RCX=000000000000001b RDX=00000000000003f8
RSI=0000000000000000 RDI=00000000fee00000 RBP=00000000001b9ff0 RSP=00000000001b9e60
R8 =0000000000000001 R9 =0000000000000000 R10=00000000002f7000 R11=000000000000005e
R12=0000000000000000 R13=0000000000000001 R14=0000000000000001 R15=0000000000008003
RIP=0000000000111ff2 RFL=00000293 [--S-A-C] CPL=0 II=0 A20=1 SMM=0 HLT=0
ES =0010 0000000000000000 ffffffff 00cf9300 DPL=0 DS   [-WA]
CS =0008 0000000000000000 ffffffff 00af9a00 DPL=0 CS64 [-R-]
SS =0010 0000000000000000 ffffffff 00cf9300 DPL=0 DS   [-WA]
DS =0010 0000000000000000 ffffffff 00cf9300 DPL=0 DS   [-WA]
FS =0010 0000000000000000 ffffffff 00cf9300 DPL=0 DS   [-WA]
GS =0010 0000000000000000 ffffffff 00cf9300 DPL=0 DS   [-WA]
LDT=0000 0000000000000000 0000ffff 00008200 DPL=0 LDT
TR =0040 0000000000299ae0 0000006f 00208900 DPL=0 TSS64-avl
GDT=     0000000000271ce0 0000004f
IDT=     0000000000271d60 00000fff
CR0=80000013 CR2=0000000000000000 CR3=00000000001ba000 CR4=00000620
DR0=0000000000000000 DR1=0000000000000000 DR2=0000000000000000 DR3=0000000000000000 
DR6=00000000ffff0ff0 DR7=0000000000000400
CCS=0000000000000091 CCD=fffffffffd3a2986 CCO=EFLAGS
EFER=0000000000000500
Servicing hardware INT=0x20
   519: v=20 e=0000 i=0 cpl=0 IP=0008:0000000000111ff2 pc=0000000000111ff2 SP=0010:00000000001b9e60 env->regs[R_EAX]=000000000035471e
RAX=000000000035471e RBX=00000000cccccccd RCX=000000000000001b RDX=00000000000003f8
RSI=0000000000000000 RDI=00000000fee00000 RBP=00000000001b9ff0 RSP=00000000001b9e60
R8 =0000000000000001 R9 =0000000000000000 R10=00000000002f7000 R11=000000000000005e
R12=0000000000000000 R13=0000000000000001 R14=0000000000000001 R15=0000000000008003
RIP=0000000000111ff2 RFL=00000293 [--S-A-C] CPL=0 II=0 A20=1 SMM=0 HLT=0
ES =0010 0000000000000000 ffffffff 00cf9300 DPL=0 DS   [-WA]
CS =0008 0000000000000000 ffffffff 00af9a00 DPL=0 CS64 [-R-]
SS =0010 0000000000000000 ffffffff 00cf9300 DPL=0 DS   [-WA]
DS =0010 0000000000000000 ffffffff 00cf9300 DPL=0 DS   [-WA]
FS =0010 0000000000000000 ffffffff 00cf9300 DPL=0 DS   [-WA]
GS =0010 0000000000000000 ffffffff 00cf9300 DPL=0 DS   [-WA]
LDT=0000 0000000000000000 0000ffff 00008200 DPL=0 LDT
TR =0040 0000000000299ae0 0000006f 00208900 DPL=0 TSS64-avl
GDT=     0000000000271ce0 0000004f
IDT=     0000000000271d60 00000fff
CR0=80000013 CR2=0000000000000000 CR3=00000000001ba000 CR4=00000620
DR0=0000000000000000 DR1=0000000000000000 DR2=0000000000000000 DR3=0000000000000000 
DR6=00000000ffff0ff0 DR7=0000000000000400
CCS=0000000000000091 CCD=fffffffffd3a569e CCO=EFLAGS
EFER=0000000000000500
Servicing hardware INT=0x20
   520: v=20 e=0000 i=0 cpl=0 IP=0008:0000000000111ff2 pc=0000000000111ff2 SP=0010:00000000001b9e60 env->regs[R_EAX]=00000000003550ed
RAX=00000000003550ed RBX=00000000cccccccd RCX=000000000000001b RDX=00000000000003f8
RSI=0000000000000000 RDI=00000000fee00000 RBP=00000000001b9ff0 RSP=00000000001b9e60
R8 =0000000000000001 R9 =0000000000000000 R10=00000000002f7000 R11=000000000000005e
R12=0000000000000000 R13=0000000000000001 R14=0000000000000001 R15=0000000000008003
RIP=0000000000111ff2 RFL=00000293 [--S-A-C] CPL=0 II=0 A20=1 SMM=0 HLT=0
ES =0010 0000000000000000 ffffffff 00cf9300 DPL=0 DS   [-WA]
CS =0008 0000000000000000 ffffffff 00af9a00 DPL=0 CS64 [-R-]
SS =0010 0000000000000000 ffffffff 00cf9300 DPL=0 DS   [-WA]
DS =0010 0000000000000000 ffffffff 00cf9300 DPL=0 DS   [-WA]
FS =0010 0000000000000000 ffffffff 00cf9300 DPL=0 DS   [-WA]
GS =0010 0000000000000000 ffffffff 00cf9300 DPL=0 DS   [-WA]
LDT=0000 0000000000000000 0000ffff 00008200 DPL=0 LDT
TR =0040 0000000000299ae0 0000006f 00208900 DPL=0 TSS64-avl
GDT=     0000000000271ce0 0000004f
IDT=     0000000000271d60 00000fff
CR0=80000013 CR2=0000000000000000 CR3=00000000001ba000 CR4=00000620
DR0=0000000000000000 DR1=0000000000000000 DR2=0000000000000000 DR3=0000000000000000 
DR6=00000000ffff0ff0 DR7=0000000000000400
CCS=0000000000000091 CCD=fffffffffd3a606d CCO=EFLAGS
EFER=0000000000000500
Servicing hardware INT=0x20
   521: v=20 e=0000 i=0 cpl=0 IP=0008:0000000000111ff2 pc=0000000000111ff2 SP=0010:00000000001b9e60 env->regs[R_EAX]=0000000000357ed4
RAX=0000000000357ed4 RBX=00000000cccccccd RCX=000000000000001b RDX=00000000000003f8
RSI=0000000000000000 RDI=00000000fee00000 RBP=00000000001b9ff0 RSP=00000000001b9e60
R8 =0000000000000001 R9 =0000000000000000 R10=00000000002f7000 R11=000000000000005e
R12=0000000000000000 R13=0000000000000001 R14=0000000000000001 R15=0000000000008003
RIP=0000000000111ff2 RFL=00000293 [--S-A-C] CPL=0 II=0 A20=1 SMM=0 HLT=0
ES =0010 0000000000000000 ffffffff 00cf9300 DPL=0 DS   [-WA]
CS =0008 0000000000000000 ffffffff 00af9a00 DPL=0 CS64 [-R-]
SS =0010 0000000000000000 ffffffff 00cf9300 DPL=0 DS   [-WA]
DS =0010 0000000000000000 ffffffff 00cf9300 DPL=0 DS   [-WA]
FS =0010 0000000000000000 ffffffff 00cf9300 DPL=0 DS   [-WA]
GS =0010 0000000000000000 ffffffff 00cf9300 DPL=0 DS   [-WA]
LDT=0000 0000000000000000 0000ffff 00008200 DPL=0 LDT
TR =0040 0000000000299ae0 0000006f 00208900 DPL=0 TSS64-avl
GDT=     0000000000271ce0 0000004f
IDT=     0000000000271d60 00000fff
CR0=80000013 CR2=0000000000000000 CR3=00000000001ba000 CR4=00000620
DR0=0000000000000000 DR1=0000000000000000 DR2=0000000000000000 DR3=0000000000000000 
DR6=00000000ffff0ff0 DR7=0000000000000400
CCS=0000000000000091 CCD=fffffffffd3a8e54 CCO=EFLAGS
EFER=0000000000000500
Servicing hardware INT=0x20
   522: v=20 e=0000 i=0 cpl=0 IP=0008:0000000000111ff2 pc=0000000000111ff2 SP=0010:00000000001b9e60 env->regs[R_EAX]=0000000000358b70
RAX=0000000000358b70 RBX=00000000cccccccd RCX=000000000000001b RDX=00000000000003f8
RSI=0000000000000000 RDI=00000000fee00000 RBP=00000000001b9ff0 RSP=00000000001b9e60
R8 =0000000000000001 R9 =0000000000000000 R10=00000000002f7000 R11=000000000000005e
R12=0000000000000000 R13=0000000000000001 R14=0000000000000001 R15=0000000000008003
RIP=0000000000111ff2 RFL=00000287 [--S--PC] CPL=0 II=0 A20=1 SMM=0 HLT=0
ES =0010 0000000000000000 ffffffff 00cf9300 DPL=0 DS   [-WA]
CS =0008 0000000000000000 ffffffff 00af9a00 DPL=0 CS64 [-R-]
SS =0010 0000000000000000 ffffffff 00cf9300 DPL=0 DS   [-WA]
DS =0010 0000000000000000 ffffffff 00cf9300 DPL=0 DS   [-WA]
FS =0010 0000000000000000 ffffffff 00cf9300 DPL=0 DS   [-WA]
GS =0010 0000000000000000 ffffffff 00cf9300 DPL=0 DS   [-WA]
LDT=0000 0000000000000000 0000ffff 00008200 DPL=0 LDT
TR =0040 0000000000299ae0 0000006f 00208900 DPL=0 TSS64-avl
GDT=     0000000000271ce0 0000004f
IDT=     0000000000271d60 00000fff
CR0=80000013 CR2=0000000000000000 CR3=00000000001ba000 CR4=00000620
DR0=0000000000000000 DR1=0000000000000000 DR2=0000000000000000 DR3=0000000000000000 
DR6=00000000ffff0ff0 DR7=0000000000000400
CCS=0000000000000085 CCD=fffffffffd3a9af0 CCO=EFLAGS
EFER=0000000000000500
Servicing hardware INT=0x20
   523: v=20 e=0000 i=0 cpl=0 IP=0008:0000000000111ff2 pc=0000000000111ff2 SP=0010:00000000001b9e60 env->regs[R_EAX]=000000000035ba33
RAX=000000000035ba33 RBX=00000000cccccccd RCX=000000000000001b RDX=00000000000003f8
RSI=0000000000000000 RDI=00000000fee00000 RBP=00000000001b9ff0 RSP=00000000001b9e60
R8 =0000000000000001 R9 =0000000000000000 R10=00000000002f7000 R11=000000000000005e
R12=0000000000000000 R13=0000000000000001 R14=0000000000000001 R15=0000000000008003
RIP=0000000000111ff2 RFL=00000293 [--S-A-C] CPL=0 II=0 A20=1 SMM=0 HLT=0
ES =0010 0000000000000000 ffffffff 00cf9300 DPL=0 DS   [-WA]
CS =0008 0000000000000000 ffffffff 00af9a00 DPL=0 CS64 [-R-]
SS =0010 0000000000000000 ffffffff 00cf9300 DPL=0 DS   [-WA]
DS =0010 0000000000000000 ffffffff 00cf9300 DPL=0 DS   [-WA]
FS =0010 0000000000000000 ffffffff 00cf9300 DPL=0 DS   [-WA]
GS =0010 0000000000000000 ffffffff 00cf9300 DPL=0 DS   [-WA]
LDT=0000 0000000000000000 0000ffff 00008200 DPL=0 LDT
TR =0040 0000000000299ae0 0000006f 00208900 DPL=0 TSS64-avl
GDT=     0000000000271ce0 0000004f
IDT=     0000000000271d60 00000fff
CR0=80000013 CR2=0000000000000000 CR3=00000000001ba000 CR4=00000620
DR0=0000000000000000 DR1=0000000000000000 DR2=0000000000000000 DR3=0000000000000000 
DR6=00000000ffff0ff0 DR7=0000000000000400
CCS=0000000000000091 CCD=fffffffffd3ac9b3 CCO=EFLAGS
EFER=0000000000000500
Servicing hardware INT=0x20
   524: v=20 e=0000 i=0 cpl=0 IP=0008:0000000000111ff2 pc=0000000000111ff2 SP=0010:00000000001b9e60 env->regs[R_EAX]=000000000035c7aa
RAX=000000000035c7aa RBX=00000000cccccccd RCX=000000000000001b RDX=00000000000003f8
RSI=0000000000000000 RDI=00000000fee00000 RBP=00000000001b9ff0 RSP=00000000001b9e60
R8 =0000000000000001 R9 =0000000000000000 R10=00000000002f7000 R11=000000000000005e
R12=0000000000000000 R13=0000000000000001 R14=0000000000000001 R15=0000000000008003
RIP=0000000000111ff2 RFL=00000293 [--S-A-C] CPL=0 II=0 A20=1 SMM=0 HLT=0
ES =0010 0000000000000000 ffffffff 00cf9300 DPL=0 DS   [-WA]
CS =0008 0000000000000000 ffffffff 00af9a00 DPL=0 CS64 [-R-]
SS =0010 0000000000000000 ffffffff 00cf9300 DPL=0 DS   [-WA]
DS =0010 0000000000000000 ffffffff 00cf9300 DPL=0 DS   [-WA]
FS =0010 0000000000000000 ffffffff 00cf9300 DPL=0 DS   [-WA]
GS =0010 0000000000000000 ffffffff 00cf9300 DPL=0 DS   [-WA]
LDT=0000 0000000000000000 0000ffff 00008200 DPL=0 LDT
TR =0040 0000000000299ae0 0000006f 00208900 DPL=0 TSS64-avl
GDT=     0000000000271ce0 0000004f
IDT=     0000000000271d60 00000fff
CR0=80000013 CR2=0000000000000000 CR3=00000000001ba000 CR4=00000620
DR0=0000000000000000 DR1=0000000000000000 DR2=0000000000000000 DR3=0000000000000000 
DR6=00000000ffff0ff0 DR7=0000000000000400
CCS=0000000000000091 CCD=fffffffffd3ad72a CCO=EFLAGS
EFER=0000000000000500
Servicing hardware INT=0x20
   525: v=20 e=0000 i=0 cpl=0 IP=0008:0000000000111ff2 pc=0000000000111ff2 SP=0010:00000000001b9e60 env->regs[R_EAX]=000000000035f4e2
RAX=000000000035f4e2 RBX=00000000cccccccd RCX=000000000000001b RDX=00000000000003f8
RSI=0000000000000000 RDI=00000000fee00000 RBP=00000000001b9ff0 RSP=00000000001b9e60
R8 =0000000000000001 R9 =0000000000000000 R10=00000000002f7000 R11=000000000000005e
R12=0000000000000000 R13=0000000000000001 R14=0000000000000001 R15=0000000000008003
RIP=0000000000111ff2 RFL=00000293 [--S-A-C] CPL=0 II=0 A20=1 SMM=0 HLT=0
ES =0010 0000000000000000 ffffffff 00cf9300 DPL=0 DS   [-WA]
CS =0008 0000000000000000 ffffffff 00af9a00 DPL=0 CS64 [-R-]
SS =0010 0000000000000000 ffffffff 00cf9300 DPL=0 DS   [-WA]
DS =0010 0000000000000000 ffffffff 00cf9300 DPL=0 DS   [-WA]
FS =0010 0000000000000000 ffffffff 00cf9300 DPL=0 DS   [-WA]
GS =0010 0000000000000000 ffffffff 00cf9300 DPL=0 DS   [-WA]
LDT=0000 0000000000000000 0000ffff 00008200 DPL=0 LDT
TR =0040 0000000000299ae0 0000006f 00208900 DPL=0 TSS64-avl
GDT=     0000000000271ce0 0000004f
IDT=     0000000000271d60 00000fff
CR0=80000013 CR2=0000000000000000 CR3=00000000001ba000 CR4=00000620
DR0=0000000000000000 DR1=0000000000000000 DR2=0000000000000000 DR3=0000000000000000 
DR6=00000000ffff0ff0 DR7=0000000000000400
CCS=0000000000000091 CCD=fffffffffd3b0462 CCO=EFLAGS
EFER=0000000000000500
Servicing hardware INT=0x20
   526: v=20 e=0000 i=0 cpl=0 IP=0008:0000000000111ff2 pc=0000000000111ff2 SP=0010:00000000001b9e60 env->regs[R_EAX]=000000000036037f
RAX=000000000036037f RBX=00000000cccccccd RCX=000000000000001b RDX=00000000000003f8
RSI=0000000000000000 RDI=00000000fee00000 RBP=00000000001b9ff0 RSP=00000000001b9e60
R8 =0000000000000001 R9 =0000000000000000 R10=00000000002f7000 R11=000000000000005e
R12=0000000000000000 R13=0000000000000001 R14=0000000000000001 R15=0000000000008003
RIP=0000000000111ff2 RFL=00000297 [--S-APC] CPL=0 II=0 A20=1 SMM=0 HLT=0
ES =0010 0000000000000000 ffffffff 00cf9300 DPL=0 DS   [-WA]
CS =0008 0000000000000000 ffffffff 00af9a00 DPL=0 CS64 [-R-]
SS =0010 0000000000000000 ffffffff 00cf9300 DPL=0 DS   [-WA]
DS =0010 0000000000000000 ffffffff 00cf9300 DPL=0 DS   [-WA]
FS =0010 0000000000000000 ffffffff 00cf9300 DPL=0 DS   [-WA]
GS =0010 0000000000000000 ffffffff 00cf9300 DPL=0 DS   [-WA]
LDT=0000 0000000000000000 0000ffff 00008200 DPL=0 LDT
TR =0040 0000000000299ae0 0000006f 00208900 DPL=0 TSS64-avl
GDT=     0000000000271ce0 0000004f
IDT=     0000000000271d60 00000fff
CR0=80000013 CR2=0000000000000000 CR3=00000000001ba000 CR4=00000620
DR0=0000000000000000 DR1=0000000000000000 DR2=0000000000000000 DR3=0000000000000000 
DR6=00000000ffff0ff0 DR7=0000000000000400
CCS=0000000000000095 CCD=fffffffffd3b12ff CCO=EFLAGS
EFER=0000000000000500
Servicing hardware INT=0x20
   527: v=20 e=0000 i=0 cpl=0 IP=0008:0000000000111ff2 pc=0000000000111ff2 SP=0010:00000000001b9e60 env->regs[R_EAX]=000000000036302b
RAX=000000000036302b RBX=00000000cccccccd RCX=000000000000001b RDX=00000000000003f8
RSI=0000000000000000 RDI=00000000fee00000 RBP=00000000001b9ff0 RSP=00000000001b9e60
R8 =0000000000000001 R9 =0000000000000000 R10=00000000002f7000 R11=000000000000005e
R12=0000000000000000 R13=0000000000000001 R14=0000000000000001 R15=0000000000008003
RIP=0000000000111ff2 RFL=00000293 [--S-A-C] CPL=0 II=0 A20=1 SMM=0 HLT=0
ES =0010 0000000000000000 ffffffff 00cf9300 DPL=0 DS   [-WA]
CS =0008 0000000000000000 ffffffff 00af9a00 DPL=0 CS64 [-R-]
SS =0010 0000000000000000 ffffffff 00cf9300 DPL=0 DS   [-WA]
DS =0010 0000000000000000 ffffffff 00cf9300 DPL=0 DS   [-WA]
FS =0010 0000000000000000 ffffffff 00cf9300 DPL=0 DS   [-WA]
GS =0010 0000000000000000 ffffffff 00cf9300 DPL=0 DS   [-WA]
LDT=0000 0000000000000000 0000ffff 00008200 DPL=0 LDT
TR =0040 0000000000299ae0 0000006f 00208900 DPL=0 TSS64-avl
GDT=     0000000000271ce0 0000004f
IDT=     0000000000271d60 00000fff
CR0=80000013 CR2=0000000000000000 CR3=00000000001ba000 CR4=00000620
DR0=0000000000000000 DR1=0000000000000000 DR2=0000000000000000 DR3=0000000000000000 
DR6=00000000ffff0ff0 DR7=0000000000000400
CCS=0000000000000091 CCD=fffffffffd3b3fab CCO=EFLAGS
EFER=0000000000000500
Servicing hardware INT=0x20
   528: v=20 e=0000 i=0 cpl=0 IP=0008:0000000000111ff2 pc=0000000000111ff2 SP=0010:00000000001b9e60 env->regs[R_EAX]=0000000000363c75
RAX=0000000000363c75 RBX=00000000cccccccd RCX=000000000000001b RDX=00000000000003f8
RSI=0000000000000000 RDI=00000000fee00000 RBP=00000000001b9ff0 RSP=00000000001b9e60
R8 =0000000000000001 R9 =0000000000000000 R10=00000000002f7000 R11=000000000000005e
R12=0000000000000000 R13=0000000000000001 R14=0000000000000001 R15=0000000000008003
RIP=0000000000111ff2 RFL=00000297 [--S-APC] CPL=0 II=0 A20=1 SMM=0 HLT=0
ES =0010 0000000000000000 ffffffff 00cf9300 DPL=0 DS   [-WA]
CS =0008 0000000000000000 ffffffff 00af9a00 DPL=0 CS64 [-R-]
SS =0010 0000000000000000 ffffffff 00cf9300 DPL=0 DS   [-WA]
DS =0010 0000000000000000 ffffffff 00cf9300 DPL=0 DS   [-WA]
FS =0010 0000000000000000 ffffffff 00cf9300 DPL=0 DS   [-WA]
GS =0010 0000000000000000 ffffffff 00cf9300 DPL=0 DS   [-WA]
LDT=0000 0000000000000000 0000ffff 00008200 DPL=0 LDT
TR =0040 0000000000299ae0 0000006f 00208900 DPL=0 TSS64-avl
GDT=     0000000000271ce0 0000004f
IDT=     0000000000271d60 00000fff
CR0=80000013 CR2=0000000000000000 CR3=00000000001ba000 CR4=00000620
DR0=0000000000000000 DR1=0000000000000000 DR2=0000000000000000 DR3=0000000000000000 
DR6=00000000ffff0ff0 DR7=0000000000000400
CCS=0000000000000095 CCD=fffffffffd3b4bf5 CCO=EFLAGS
EFER=0000000000000500
Servicing hardware INT=0x20
   529: v=20 e=0000 i=0 cpl=0 IP=0008:0000000000111ff2 pc=0000000000111ff2 SP=0010:00000000001b9e60 env->regs[R_EAX]=000000000036695e
RAX=000000000036695e RBX=00000000cccccccd RCX=000000000000001b RDX=00000000000003f8
RSI=0000000000000000 RDI=00000000fee00000 RBP=00000000001b9ff0 RSP=00000000001b9e60
R8 =0000000000000001 R9 =0000000000000000 R10=00000000002f7000 R11=000000000000005e
R12=0000000000000000 R13=0000000000000001 R14=0000000000000001 R15=0000000000008003
RIP=0000000000111ff2 RFL=00000297 [--S-APC] CPL=0 II=0 A20=1 SMM=0 HLT=0
ES =0010 0000000000000000 ffffffff 00cf9300 DPL=0 DS   [-WA]
CS =0008 0000000000000000 ffffffff 00af9a00 DPL=0 CS64 [-R-]
SS =0010 0000000000000000 ffffffff 00cf9300 DPL=0 DS   [-WA]
DS =0010 0000000000000000 ffffffff 00cf9300 DPL=0 DS   [-WA]
FS =0010 0000000000000000 ffffffff 00cf9300 DPL=0 DS   [-WA]
GS =0010 0000000000000000 ffffffff 00cf9300 DPL=0 DS   [-WA]
LDT=0000 0000000000000000 0000ffff 00008200 DPL=0 LDT
TR =0040 0000000000299ae0 0000006f 00208900 DPL=0 TSS64-avl
GDT=     0000000000271ce0 0000004f
IDT=     0000000000271d60 00000fff
CR0=80000013 CR2=0000000000000000 CR3=00000000001ba000 CR4=00000620
DR0=0000000000000000 DR1=0000000000000000 DR2=0000000000000000 DR3=0000000000000000 
DR6=00000000ffff0ff0 DR7=0000000000000400
CCS=0000000000000095 CCD=fffffffffd3b78de CCO=EFLAGS
EFER=0000000000000500
Servicing hardware INT=0x20
   530: v=20 e=0000 i=0 cpl=0 IP=0008:0000000000111ff2 pc=0000000000111ff2 SP=0010:00000000001b9e60 env->regs[R_EAX]=0000000000368030
RAX=0000000000368030 RBX=00000000cccccccd RCX=000000000000001b RDX=00000000000003f8
RSI=0000000000000000 RDI=00000000fee00000 RBP=00000000001b9ff0 RSP=00000000001b9e60
R8 =0000000000000001 R9 =0000000000000000 R10=00000000002f7000 R11=000000000000005e
R12=0000000000000000 R13=0000000000000001 R14=0000000000000001 R15=0000000000008003
RIP=0000000000111ff2 RFL=00000283 [--S---C] CPL=0 II=0 A20=1 SMM=0 HLT=0
ES =0010 0000000000000000 ffffffff 00cf9300 DPL=0 DS   [-WA]
CS =0008 0000000000000000 ffffffff 00af9a00 DPL=0 CS64 [-R-]
SS =0010 0000000000000000 ffffffff 00cf9300 DPL=0 DS   [-WA]
DS =0010 0000000000000000 ffffffff 00cf9300 DPL=0 DS   [-WA]
FS =0010 0000000000000000 ffffffff 00cf9300 DPL=0 DS   [-WA]
GS =0010 0000000000000000 ffffffff 00cf9300 DPL=0 DS   [-WA]
LDT=0000 0000000000000000 0000ffff 00008200 DPL=0 LDT
TR =0040 0000000000299ae0 0000006f 00208900 DPL=0 TSS64-avl
GDT=     0000000000271ce0 0000004f
IDT=     0000000000271d60 00000fff
CR0=80000013 CR2=0000000000000000 CR3=00000000001ba000 CR4=00000620
DR0=0000000000000000 DR1=0000000000000000 DR2=0000000000000000 DR3=0000000000000000 
DR6=00000000ffff0ff0 DR7=0000000000000400
CCS=0000000000000081 CCD=fffffffffd3b8fb0 CCO=EFLAGS
EFER=0000000000000500
Servicing hardware INT=0x20
   531: v=20 e=0000 i=0 cpl=0 IP=0008:0000000000111ff2 pc=0000000000111ff2 SP=0010:00000000001b9e60 env->regs[R_EAX]=000000000036a2a5
RAX=000000000036a2a5 RBX=00000000cccccccd RCX=000000000000001b RDX=00000000000003f8
RSI=0000000000000000 RDI=00000000fee00000 RBP=00000000001b9ff0 RSP=00000000001b9e60
R8 =0000000000000001 R9 =0000000000000000 R10=00000000002f7000 R11=000000000000005e
R12=0000000000000000 R13=0000000000000001 R14=0000000000000001 R15=0000000000008003
RIP=0000000000111ff2 RFL=00000293 [--S-A-C] CPL=0 II=0 A20=1 SMM=0 HLT=0
ES =0010 0000000000000000 ffffffff 00cf9300 DPL=0 DS   [-WA]
CS =0008 0000000000000000 ffffffff 00af9a00 DPL=0 CS64 [-R-]
SS =0010 0000000000000000 ffffffff 00cf9300 DPL=0 DS   [-WA]
DS =0010 0000000000000000 ffffffff 00cf9300 DPL=0 DS   [-WA]
FS =0010 0000000000000000 ffffffff 00cf9300 DPL=0 DS   [-WA]
GS =0010 0000000000000000 ffffffff 00cf9300 DPL=0 DS   [-WA]
LDT=0000 0000000000000000 0000ffff 00008200 DPL=0 LDT
TR =0040 0000000000299ae0 0000006f 00208900 DPL=0 TSS64-avl
GDT=     0000000000271ce0 0000004f
IDT=     0000000000271d60 00000fff
CR0=80000013 CR2=0000000000000000 CR3=00000000001ba000 CR4=00000620
DR0=0000000000000000 DR1=0000000000000000 DR2=0000000000000000 DR3=0000000000000000 
DR6=00000000ffff0ff0 DR7=0000000000000400
CCS=0000000000000091 CCD=fffffffffd3bb225 CCO=EFLAGS
EFER=0000000000000500
Servicing hardware INT=0x20
   532: v=20 e=0000 i=0 cpl=0 IP=0008:0000000000111ff2 pc=0000000000111ff2 SP=0010:00000000001b9e60 env->regs[R_EAX]=000000000036ac8d
RAX=000000000036ac8d RBX=00000000cccccccd RCX=000000000000001b RDX=00000000000003f8
RSI=0000000000000000 RDI=00000000fee00000 RBP=00000000001b9ff0 RSP=00000000001b9e60
R8 =0000000000000001 R9 =0000000000000000 R10=00000000002f7000 R11=000000000000005e
R12=0000000000000000 R13=0000000000000001 R14=0000000000000001 R15=0000000000008003
RIP=0000000000111ff2 RFL=00000293 [--S-A-C] CPL=0 II=0 A20=1 SMM=0 HLT=0
ES =0010 0000000000000000 ffffffff 00cf9300 DPL=0 DS   [-WA]
CS =0008 0000000000000000 ffffffff 00af9a00 DPL=0 CS64 [-R-]
SS =0010 0000000000000000 ffffffff 00cf9300 DPL=0 DS   [-WA]
DS =0010 0000000000000000 ffffffff 00cf9300 DPL=0 DS   [-WA]
FS =0010 0000000000000000 ffffffff 00cf9300 DPL=0 DS   [-WA]
GS =0010 0000000000000000 ffffffff 00cf9300 DPL=0 DS   [-WA]
LDT=0000 0000000000000000 0000ffff 00008200 DPL=0 LDT
TR =0040 0000000000299ae0 0000006f 00208900 DPL=0 TSS64-avl
GDT=     0000000000271ce0 0000004f
IDT=     0000000000271d60 00000fff
CR0=80000013 CR2=0000000000000000 CR3=00000000001ba000 CR4=00000620
DR0=0000000000000000 DR1=0000000000000000 DR2=0000000000000000 DR3=0000000000000000 
DR6=00000000ffff0ff0 DR7=0000000000000400
CCS=0000000000000091 CCD=fffffffffd3bbc0d CCO=EFLAGS
EFER=0000000000000500
Servicing hardware INT=0x20
   533: v=20 e=0000 i=0 cpl=0 IP=0008:0000000000111ff2 pc=0000000000111ff2 SP=0010:00000000001b9e60 env->regs[R_EAX]=000000000036dbfc
RAX=000000000036dbfc RBX=00000000cccccccd RCX=000000000000001b RDX=00000000000003f8
RSI=0000000000000000 RDI=00000000fee00000 RBP=00000000001b9ff0 RSP=00000000001b9e60
R8 =0000000000000001 R9 =0000000000000000 R10=00000000002f7000 R11=000000000000005e
R12=0000000000000000 R13=0000000000000001 R14=0000000000000001 R15=0000000000008003
RIP=0000000000111ff2 RFL=00000293 [--S-A-C] CPL=0 II=0 A20=1 SMM=0 HLT=0
ES =0010 0000000000000000 ffffffff 00cf9300 DPL=0 DS   [-WA]
CS =0008 0000000000000000 ffffffff 00af9a00 DPL=0 CS64 [-R-]
SS =0010 0000000000000000 ffffffff 00cf9300 DPL=0 DS   [-WA]
DS =0010 0000000000000000 ffffffff 00cf9300 DPL=0 DS   [-WA]
FS =0010 0000000000000000 ffffffff 00cf9300 DPL=0 DS   [-WA]
GS =0010 0000000000000000 ffffffff 00cf9300 DPL=0 DS   [-WA]
LDT=0000 0000000000000000 0000ffff 00008200 DPL=0 LDT
TR =0040 0000000000299ae0 0000006f 00208900 DPL=0 TSS64-avl
GDT=     0000000000271ce0 0000004f
IDT=     0000000000271d60 00000fff
CR0=80000013 CR2=0000000000000000 CR3=00000000001ba000 CR4=00000620
DR0=0000000000000000 DR1=0000000000000000 DR2=0000000000000000 DR3=0000000000000000 
DR6=00000000ffff0ff0 DR7=0000000000000400
CCS=0000000000000091 CCD=fffffffffd3beb7c CCO=EFLAGS
EFER=0000000000000500
Servicing hardware INT=0x20
   534: v=20 e=0000 i=0 cpl=0 IP=0008:0000000000111ff2 pc=0000000000111ff2 SP=0010:00000000001b9e60 env->regs[R_EAX]=000000000036e946
RAX=000000000036e946 RBX=00000000cccccccd RCX=000000000000001b RDX=00000000000003f8
RSI=0000000000000000 RDI=00000000fee00000 RBP=00000000001b9ff0 RSP=00000000001b9e60
R8 =0000000000000001 R9 =0000000000000000 R10=00000000002f7000 R11=000000000000005e
R12=0000000000000000 R13=0000000000000001 R14=0000000000000001 R15=0000000000008003
RIP=0000000000111ff2 RFL=00000297 [--S-APC] CPL=0 II=0 A20=1 SMM=0 HLT=0
ES =0010 0000000000000000 ffffffff 00cf9300 DPL=0 DS   [-WA]
CS =0008 0000000000000000 ffffffff 00af9a00 DPL=0 CS64 [-R-]
SS =0010 0000000000000000 ffffffff 00cf9300 DPL=0 DS   [-WA]
DS =0010 0000000000000000 ffffffff 00cf9300 DPL=0 DS   [-WA]
FS =0010 0000000000000000 ffffffff 00cf9300 DPL=0 DS   [-WA]
GS =0010 0000000000000000 ffffffff 00cf9300 DPL=0 DS   [-WA]
LDT=0000 0000000000000000 0000ffff 00008200 DPL=0 LDT
TR =0040 0000000000299ae0 0000006f 00208900 DPL=0 TSS64-avl
GDT=     0000000000271ce0 0000004f
IDT=     0000000000271d60 00000fff
CR0=80000013 CR2=0000000000000000 CR3=00000000001ba000 CR4=00000620
DR0=0000000000000000 DR1=0000000000000000 DR2=0000000000000000 DR3=0000000000000000 
DR6=00000000ffff0ff0 DR7=0000000000000400
CCS=0000000000000095 CCD=fffffffffd3bf8c6 CCO=EFLAGS
EFER=0000000000000500
Servicing hardware INT=0x20
   535: v=20 e=0000 i=0 cpl=0 IP=0008:0000000000111ff2 pc=0000000000111ff2 SP=0010:00000000001b9e60 env->regs[R_EAX]=0000000000371a30
RAX=0000000000371a30 RBX=00000000cccccccd RCX=000000000000001b RDX=00000000000003f8
RSI=0000000000000000 RDI=00000000fee00000 RBP=00000000001b9ff0 RSP=00000000001b9e60
R8 =0000000000000001 R9 =0000000000000000 R10=00000000002f7000 R11=000000000000005e
R12=0000000000000000 R13=0000000000000001 R14=0000000000000001 R15=0000000000008003
RIP=0000000000111ff2 RFL=00000283 [--S---C] CPL=0 II=0 A20=1 SMM=0 HLT=0
ES =0010 0000000000000000 ffffffff 00cf9300 DPL=0 DS   [-WA]
CS =0008 0000000000000000 ffffffff 00af9a00 DPL=0 CS64 [-R-]
SS =0010 0000000000000000 ffffffff 00cf9300 DPL=0 DS   [-WA]
DS =0010 0000000000000000 ffffffff 00cf9300 DPL=0 DS   [-WA]
FS =0010 0000000000000000 ffffffff 00cf9300 DPL=0 DS   [-WA]
GS =0010 0000000000000000 ffffffff 00cf9300 DPL=0 DS   [-WA]
LDT=0000 0000000000000000 0000ffff 00008200 DPL=0 LDT
TR =0040 0000000000299ae0 0000006f 00208900 DPL=0 TSS64-avl
GDT=     0000000000271ce0 0000004f
IDT=     0000000000271d60 00000fff
CR0=80000013 CR2=0000000000000000 CR3=00000000001ba000 CR4=00000620
DR0=0000000000000000 DR1=0000000000000000 DR2=0000000000000000 DR3=0000000000000000 
DR6=00000000ffff0ff0 DR7=0000000000000400
CCS=0000000000000081 CCD=fffffffffd3c29b0 CCO=EFLAGS
EFER=0000000000000500
Servicing hardware INT=0x20
   536: v=20 e=0000 i=0 cpl=0 IP=0008:0000000000111ff2 pc=0000000000111ff2 SP=0010:00000000001b9e60 env->regs[R_EAX]=0000000000372526
RAX=0000000000372526 RBX=00000000cccccccd RCX=000000000000001b RDX=00000000000003f8
RSI=0000000000000000 RDI=00000000fee00000 RBP=00000000001b9ff0 RSP=00000000001b9e60
R8 =0000000000000001 R9 =0000000000000000 R10=00000000002f7000 R11=000000000000005e
R12=0000000000000000 R13=0000000000000001 R14=0000000000000001 R15=0000000000008003
RIP=0000000000111ff2 RFL=00000297 [--S-APC] CPL=0 II=0 A20=1 SMM=0 HLT=0
ES =0010 0000000000000000 ffffffff 00cf9300 DPL=0 DS   [-WA]
CS =0008 0000000000000000 ffffffff 00af9a00 DPL=0 CS64 [-R-]
SS =0010 0000000000000000 ffffffff 00cf9300 DPL=0 DS   [-WA]
DS =0010 0000000000000000 ffffffff 00cf9300 DPL=0 DS   [-WA]
FS =0010 0000000000000000 ffffffff 00cf9300 DPL=0 DS   [-WA]
GS =0010 0000000000000000 ffffffff 00cf9300 DPL=0 DS   [-WA]
LDT=0000 0000000000000000 0000ffff 00008200 DPL=0 LDT
TR =0040 0000000000299ae0 0000006f 00208900 DPL=0 TSS64-avl
GDT=     0000000000271ce0 0000004f
IDT=     0000000000271d60 00000fff
CR0=80000013 CR2=0000000000000000 CR3=00000000001ba000 CR4=00000620
DR0=0000000000000000 DR1=0000000000000000 DR2=0000000000000000 DR3=0000000000000000 
DR6=00000000ffff0ff0 DR7=0000000000000400
CCS=0000000000000095 CCD=fffffffffd3c34a6 CCO=EFLAGS
EFER=0000000000000500
Servicing hardware INT=0x20
   537: v=20 e=0000 i=0 cpl=0 IP=0008:0000000000111ff2 pc=0000000000111ff2 SP=0010:00000000001b9e60 env->regs[R_EAX]=0000000000375379
RAX=0000000000375379 RBX=00000000cccccccd RCX=000000000000001b RDX=00000000000003f8
RSI=0000000000000000 RDI=00000000fee00000 RBP=00000000001b9ff0 RSP=00000000001b9e60
R8 =0000000000000001 R9 =0000000000000000 R10=00000000002f7000 R11=000000000000005e
R12=0000000000000000 R13=0000000000000001 R14=0000000000000001 R15=0000000000008003
RIP=0000000000111ff2 RFL=00000297 [--S-APC] CPL=0 II=0 A20=1 SMM=0 HLT=0
ES =0010 0000000000000000 ffffffff 00cf9300 DPL=0 DS   [-WA]
CS =0008 0000000000000000 ffffffff 00af9a00 DPL=0 CS64 [-R-]
SS =0010 0000000000000000 ffffffff 00cf9300 DPL=0 DS   [-WA]
DS =0010 0000000000000000 ffffffff 00cf9300 DPL=0 DS   [-WA]
FS =0010 0000000000000000 ffffffff 00cf9300 DPL=0 DS   [-WA]
GS =0010 0000000000000000 ffffffff 00cf9300 DPL=0 DS   [-WA]
LDT=0000 0000000000000000 0000ffff 00008200 DPL=0 LDT
TR =0040 0000000000299ae0 0000006f 00208900 DPL=0 TSS64-avl
GDT=     0000000000271ce0 0000004f
IDT=     0000000000271d60 00000fff
CR0=80000013 CR2=0000000000000000 CR3=00000000001ba000 CR4=00000620
DR0=0000000000000000 DR1=0000000000000000 DR2=0000000000000000 DR3=0000000000000000 
DR6=00000000ffff0ff0 DR7=0000000000000400
CCS=0000000000000095 CCD=fffffffffd3c62f9 CCO=EFLAGS
EFER=0000000000000500
Servicing hardware INT=0x20
   538: v=20 e=0000 i=0 cpl=0 IP=0008:0000000000111ff2 pc=0000000000111ff2 SP=0010:00000000001b9e60 env->regs[R_EAX]=0000000000375dda
RAX=0000000000375dda RBX=00000000cccccccd RCX=000000000000001b RDX=00000000000003f8
RSI=0000000000000000 RDI=00000000fee00000 RBP=00000000001b9ff0 RSP=00000000001b9e60
R8 =0000000000000001 R9 =0000000000000000 R10=00000000002f7000 R11=000000000000005e
R12=0000000000000000 R13=0000000000000001 R14=0000000000000001 R15=0000000000008003
RIP=0000000000111ff2 RFL=00000297 [--S-APC] CPL=0 II=0 A20=1 SMM=0 HLT=0
ES =0010 0000000000000000 ffffffff 00cf9300 DPL=0 DS   [-WA]
CS =0008 0000000000000000 ffffffff 00af9a00 DPL=0 CS64 [-R-]
SS =0010 0000000000000000 ffffffff 00cf9300 DPL=0 DS   [-WA]
DS =0010 0000000000000000 ffffffff 00cf9300 DPL=0 DS   [-WA]
FS =0010 0000000000000000 ffffffff 00cf9300 DPL=0 DS   [-WA]
GS =0010 0000000000000000 ffffffff 00cf9300 DPL=0 DS   [-WA]
LDT=0000 0000000000000000 0000ffff 00008200 DPL=0 LDT
TR =0040 0000000000299ae0 0000006f 00208900 DPL=0 TSS64-avl
GDT=     0000000000271ce0 0000004f
IDT=     0000000000271d60 00000fff
CR0=80000013 CR2=0000000000000000 CR3=00000000001ba000 CR4=00000620
DR0=0000000000000000 DR1=0000000000000000 DR2=0000000000000000 DR3=0000000000000000 
DR6=00000000ffff0ff0 DR7=0000000000000400
CCS=0000000000000095 CCD=fffffffffd3c6d5a CCO=EFLAGS
EFER=0000000000000500
Servicing hardware INT=0x20
   539: v=20 e=0000 i=0 cpl=0 IP=0008:0000000000111ff2 pc=0000000000111ff2 SP=0010:00000000001b9e60 env->regs[R_EAX]=0000000000378c7d
RAX=0000000000378c7d RBX=00000000cccccccd RCX=000000000000001b RDX=00000000000003f8
RSI=0000000000000000 RDI=00000000fee00000 RBP=00000000001b9ff0 RSP=00000000001b9e60
R8 =0000000000000001 R9 =0000000000000000 R10=00000000002f7000 R11=000000000000005e
R12=0000000000000000 R13=0000000000000001 R14=0000000000000001 R15=0000000000008003
RIP=0000000000111ff2 RFL=00000293 [--S-A-C] CPL=0 II=0 A20=1 SMM=0 HLT=0
ES =0010 0000000000000000 ffffffff 00cf9300 DPL=0 DS   [-WA]
CS =0008 0000000000000000 ffffffff 00af9a00 DPL=0 CS64 [-R-]
SS =0010 0000000000000000 ffffffff 00cf9300 DPL=0 DS   [-WA]
DS =0010 0000000000000000 ffffffff 00cf9300 DPL=0 DS   [-WA]
FS =0010 0000000000000000 ffffffff 00cf9300 DPL=0 DS   [-WA]
GS =0010 0000000000000000 ffffffff 00cf9300 DPL=0 DS   [-WA]
LDT=0000 0000000000000000 0000ffff 00008200 DPL=0 LDT
TR =0040 0000000000299ae0 0000006f 00208900 DPL=0 TSS64-avl
GDT=     0000000000271ce0 0000004f
IDT=     0000000000271d60 00000fff
CR0=80000013 CR2=0000000000000000 CR3=00000000001ba000 CR4=00000620
DR0=0000000000000000 DR1=0000000000000000 DR2=0000000000000000 DR3=0000000000000000 
DR6=00000000ffff0ff0 DR7=0000000000000400
CCS=0000000000000091 CCD=fffffffffd3c9bfd CCO=EFLAGS
EFER=0000000000000500
Servicing hardware INT=0x20
   540: v=20 e=0000 i=0 cpl=0 IP=0008:0000000000111ff2 pc=0000000000111ff2 SP=0010:00000000001b9e60 env->regs[R_EAX]=000000000037994d
RAX=000000000037994d RBX=00000000cccccccd RCX=000000000000001b RDX=00000000000003f8
RSI=0000000000000000 RDI=00000000fee00000 RBP=00000000001b9ff0 RSP=00000000001b9e60
R8 =0000000000000001 R9 =0000000000000000 R10=00000000002f7000 R11=000000000000005e
R12=0000000000000000 R13=0000000000000001 R14=0000000000000001 R15=0000000000008003
RIP=0000000000111ff2 RFL=00000293 [--S-A-C] CPL=0 II=0 A20=1 SMM=0 HLT=0
ES =0010 0000000000000000 ffffffff 00cf9300 DPL=0 DS   [-WA]
CS =0008 0000000000000000 ffffffff 00af9a00 DPL=0 CS64 [-R-]
SS =0010 0000000000000000 ffffffff 00cf9300 DPL=0 DS   [-WA]
DS =0010 0000000000000000 ffffffff 00cf9300 DPL=0 DS   [-WA]
FS =0010 0000000000000000 ffffffff 00cf9300 DPL=0 DS   [-WA]
GS =0010 0000000000000000 ffffffff 00cf9300 DPL=0 DS   [-WA]
LDT=0000 0000000000000000 0000ffff 00008200 DPL=0 LDT
TR =0040 0000000000299ae0 0000006f 00208900 DPL=0 TSS64-avl
GDT=     0000000000271ce0 0000004f
IDT=     0000000000271d60 00000fff
CR0=80000013 CR2=0000000000000000 CR3=00000000001ba000 CR4=00000620
DR0=0000000000000000 DR1=0000000000000000 DR2=0000000000000000 DR3=0000000000000000 
DR6=00000000ffff0ff0 DR7=0000000000000400
CCS=0000000000000091 CCD=fffffffffd3ca8cd CCO=EFLAGS
EFER=0000000000000500
Servicing hardware INT=0x20
   541: v=20 e=0000 i=0 cpl=0 IP=0008:0000000000111ff2 pc=0000000000111ff2 SP=0010:00000000001b9e60 env->regs[R_EAX]=000000000037ca35
RAX=000000000037ca35 RBX=00000000cccccccd RCX=000000000000001b RDX=00000000000003f8
RSI=0000000000000000 RDI=00000000fee00000 RBP=00000000001b9ff0 RSP=00000000001b9e60
R8 =0000000000000001 R9 =0000000000000000 R10=00000000002f7000 R11=000000000000005e
R12=0000000000000000 R13=0000000000000001 R14=0000000000000001 R15=0000000000008003
RIP=0000000000111ff2 RFL=00000293 [--S-A-C] CPL=0 II=0 A20=1 SMM=0 HLT=0
ES =0010 0000000000000000 ffffffff 00cf9300 DPL=0 DS   [-WA]
CS =0008 0000000000000000 ffffffff 00af9a00 DPL=0 CS64 [-R-]
SS =0010 0000000000000000 ffffffff 00cf9300 DPL=0 DS   [-WA]
DS =0010 0000000000000000 ffffffff 00cf9300 DPL=0 DS   [-WA]
FS =0010 0000000000000000 ffffffff 00cf9300 DPL=0 DS   [-WA]
GS =0010 0000000000000000 ffffffff 00cf9300 DPL=0 DS   [-WA]
LDT=0000 0000000000000000 0000ffff 00008200 DPL=0 LDT
TR =0040 0000000000299ae0 0000006f 00208900 DPL=0 TSS64-avl
GDT=     0000000000271ce0 0000004f
IDT=     0000000000271d60 00000fff
CR0=80000013 CR2=0000000000000000 CR3=00000000001ba000 CR4=00000620
DR0=0000000000000000 DR1=0000000000000000 DR2=0000000000000000 DR3=0000000000000000 
DR6=00000000ffff0ff0 DR7=0000000000000400
CCS=0000000000000091 CCD=fffffffffd3cd9b5 CCO=EFLAGS
EFER=0000000000000500
Servicing hardware INT=0x20
   542: v=20 e=0000 i=0 cpl=0 IP=0008:0000000000111ff2 pc=0000000000111ff2 SP=0010:00000000001b9e60 env->regs[R_EAX]=000000000037d531
RAX=000000000037d531 RBX=00000000cccccccd RCX=000000000000001b RDX=00000000000003f8
RSI=0000000000000000 RDI=00000000fee00000 RBP=00000000001b9ff0 RSP=00000000001b9e60
R8 =0000000000000001 R9 =0000000000000000 R10=00000000002f7000 R11=000000000000005e
R12=0000000000000000 R13=0000000000000001 R14=0000000000000001 R15=0000000000008003
RIP=0000000000111ff2 RFL=00000297 [--S-APC] CPL=0 II=0 A20=1 SMM=0 HLT=0
ES =0010 0000000000000000 ffffffff 00cf9300 DPL=0 DS   [-WA]
CS =0008 0000000000000000 ffffffff 00af9a00 DPL=0 CS64 [-R-]
SS =0010 0000000000000000 ffffffff 00cf9300 DPL=0 DS   [-WA]
DS =0010 0000000000000000 ffffffff 00cf9300 DPL=0 DS   [-WA]
FS =0010 0000000000000000 ffffffff 00cf9300 DPL=0 DS   [-WA]
GS =0010 0000000000000000 ffffffff 00cf9300 DPL=0 DS   [-WA]
LDT=0000 0000000000000000 0000ffff 00008200 DPL=0 LDT
TR =0040 0000000000299ae0 0000006f 00208900 DPL=0 TSS64-avl
GDT=     0000000000271ce0 0000004f
IDT=     0000000000271d60 00000fff
CR0=80000013 CR2=0000000000000000 CR3=00000000001ba000 CR4=00000620
DR0=0000000000000000 DR1=0000000000000000 DR2=0000000000000000 DR3=0000000000000000 
DR6=00000000ffff0ff0 DR7=0000000000000400
CCS=0000000000000095 CCD=fffffffffd3ce4b1 CCO=EFLAGS
EFER=0000000000000500
Servicing hardware INT=0x20
   543: v=20 e=0000 i=0 cpl=0 IP=0008:0000000000111ff2 pc=0000000000111ff2 SP=0010:00000000001b9e60 env->regs[R_EAX]=000000000038010b
RAX=000000000038010b RBX=00000000cccccccd RCX=000000000000001b RDX=00000000000003f8
RSI=0000000000000000 RDI=00000000fee00000 RBP=00000000001b9ff0 RSP=00000000001b9e60
R8 =0000000000000001 R9 =0000000000000000 R10=00000000002f7000 R11=000000000000005e
R12=0000000000000000 R13=0000000000000001 R14=0000000000000001 R15=0000000000008003
RIP=0000000000111ff2 RFL=00000297 [--S-APC] CPL=0 II=0 A20=1 SMM=0 HLT=0
ES =0010 0000000000000000 ffffffff 00cf9300 DPL=0 DS   [-WA]
CS =0008 0000000000000000 ffffffff 00af9a00 DPL=0 CS64 [-R-]
SS =0010 0000000000000000 ffffffff 00cf9300 DPL=0 DS   [-WA]
DS =0010 0000000000000000 ffffffff 00cf9300 DPL=0 DS   [-WA]
FS =0010 0000000000000000 ffffffff 00cf9300 DPL=0 DS   [-WA]
GS =0010 0000000000000000 ffffffff 00cf9300 DPL=0 DS   [-WA]
LDT=0000 0000000000000000 0000ffff 00008200 DPL=0 LDT
TR =0040 0000000000299ae0 0000006f 00208900 DPL=0 TSS64-avl
GDT=     0000000000271ce0 0000004f
IDT=     0000000000271d60 00000fff
CR0=80000013 CR2=0000000000000000 CR3=00000000001ba000 CR4=00000620
DR0=0000000000000000 DR1=0000000000000000 DR2=0000000000000000 DR3=0000000000000000 
DR6=00000000ffff0ff0 DR7=0000000000000400
CCS=0000000000000095 CCD=fffffffffd3d108b CCO=EFLAGS
EFER=0000000000000500
Servicing hardware INT=0x20
   544: v=20 e=0000 i=0 cpl=0 IP=0008:0000000000111ff2 pc=0000000000111ff2 SP=0010:00000000001b9e60 env->regs[R_EAX]=0000000000380d63
RAX=0000000000380d63 RBX=00000000cccccccd RCX=000000000000001b RDX=00000000000003f8
RSI=0000000000000000 RDI=00000000fee00000 RBP=00000000001b9ff0 RSP=00000000001b9e60
R8 =0000000000000001 R9 =0000000000000000 R10=00000000002f7000 R11=000000000000005e
R12=0000000000000000 R13=0000000000000001 R14=0000000000000001 R15=0000000000008003
RIP=0000000000111ff2 RFL=00000293 [--S-A-C] CPL=0 II=0 A20=1 SMM=0 HLT=0
ES =0010 0000000000000000 ffffffff 00cf9300 DPL=0 DS   [-WA]
CS =0008 0000000000000000 ffffffff 00af9a00 DPL=0 CS64 [-R-]
SS =0010 0000000000000000 ffffffff 00cf9300 DPL=0 DS   [-WA]
DS =0010 0000000000000000 ffffffff 00cf9300 DPL=0 DS   [-WA]
FS =0010 0000000000000000 ffffffff 00cf9300 DPL=0 DS   [-WA]
GS =0010 0000000000000000 ffffffff 00cf9300 DPL=0 DS   [-WA]
LDT=0000 0000000000000000 0000ffff 00008200 DPL=0 LDT
TR =0040 0000000000299ae0 0000006f 00208900 DPL=0 TSS64-avl
GDT=     0000000000271ce0 0000004f
IDT=     0000000000271d60 00000fff
CR0=80000013 CR2=0000000000000000 CR3=00000000001ba000 CR4=00000620
DR0=0000000000000000 DR1=0000000000000000 DR2=0000000000000000 DR3=0000000000000000 
DR6=00000000ffff0ff0 DR7=0000000000000400
CCS=0000000000000091 CCD=fffffffffd3d1ce3 CCO=EFLAGS
EFER=0000000000000500
Servicing hardware INT=0x20
   545: v=20 e=0000 i=0 cpl=0 IP=0008:0000000000111ff2 pc=0000000000111ff2 SP=0010:00000000001b9e60 env->regs[R_EAX]=0000000000383c86
RAX=0000000000383c86 RBX=00000000cccccccd RCX=000000000000001b RDX=00000000000003f8
RSI=0000000000000000 RDI=00000000fee00000 RBP=00000000001b9ff0 RSP=00000000001b9e60
R8 =0000000000000001 R9 =0000000000000000 R10=00000000002f7000 R11=000000000000005e
R12=0000000000000000 R13=0000000000000001 R14=0000000000000001 R15=0000000000008003
RIP=0000000000111ff2 RFL=00000297 [--S-APC] CPL=0 II=0 A20=1 SMM=0 HLT=0
ES =0010 0000000000000000 ffffffff 00cf9300 DPL=0 DS   [-WA]
CS =0008 0000000000000000 ffffffff 00af9a00 DPL=0 CS64 [-R-]
SS =0010 0000000000000000 ffffffff 00cf9300 DPL=0 DS   [-WA]
DS =0010 0000000000000000 ffffffff 00cf9300 DPL=0 DS   [-WA]
FS =0010 0000000000000000 ffffffff 00cf9300 DPL=0 DS   [-WA]
GS =0010 0000000000000000 ffffffff 00cf9300 DPL=0 DS   [-WA]
LDT=0000 0000000000000000 0000ffff 00008200 DPL=0 LDT
TR =0040 0000000000299ae0 0000006f 00208900 DPL=0 TSS64-avl
GDT=     0000000000271ce0 0000004f
IDT=     0000000000271d60 00000fff
CR0=80000013 CR2=0000000000000000 CR3=00000000001ba000 CR4=00000620
DR0=0000000000000000 DR1=0000000000000000 DR2=0000000000000000 DR3=0000000000000000 
DR6=00000000ffff0ff0 DR7=0000000000000400
CCS=0000000000000095 CCD=fffffffffd3d4c06 CCO=EFLAGS
EFER=0000000000000500
Servicing hardware INT=0x20
   546: v=20 e=0000 i=0 cpl=0 IP=0008:0000000000111ff2 pc=0000000000111ff2 SP=0010:00000000001b9e60 env->regs[R_EAX]=0000000000384a62
RAX=0000000000384a62 RBX=00000000cccccccd RCX=000000000000001b RDX=00000000000003f8
RSI=0000000000000000 RDI=00000000fee00000 RBP=00000000001b9ff0 RSP=00000000001b9e60
R8 =0000000000000001 R9 =0000000000000000 R10=00000000002f7000 R11=000000000000005e
R12=0000000000000000 R13=0000000000000001 R14=0000000000000001 R15=0000000000008003
RIP=0000000000111ff2 RFL=00000297 [--S-APC] CPL=0 II=0 A20=1 SMM=0 HLT=0
ES =0010 0000000000000000 ffffffff 00cf9300 DPL=0 DS   [-WA]
CS =0008 0000000000000000 ffffffff 00af9a00 DPL=0 CS64 [-R-]
SS =0010 0000000000000000 ffffffff 00cf9300 DPL=0 DS   [-WA]
DS =0010 0000000000000000 ffffffff 00cf9300 DPL=0 DS   [-WA]
FS =0010 0000000000000000 ffffffff 00cf9300 DPL=0 DS   [-WA]
GS =0010 0000000000000000 ffffffff 00cf9300 DPL=0 DS   [-WA]
LDT=0000 0000000000000000 0000ffff 00008200 DPL=0 LDT
TR =0040 0000000000299ae0 0000006f 00208900 DPL=0 TSS64-avl
GDT=     0000000000271ce0 0000004f
IDT=     0000000000271d60 00000fff
CR0=80000013 CR2=0000000000000000 CR3=00000000001ba000 CR4=00000620
DR0=0000000000000000 DR1=0000000000000000 DR2=0000000000000000 DR3=0000000000000000 
DR6=00000000ffff0ff0 DR7=0000000000000400
CCS=0000000000000095 CCD=fffffffffd3d59e2 CCO=EFLAGS
EFER=0000000000000500
Servicing hardware INT=0x20
   547: v=20 e=0000 i=0 cpl=0 IP=0008:0000000000111ff2 pc=0000000000111ff2 SP=0010:00000000001b9e60 env->regs[R_EAX]=0000000000387a85
RAX=0000000000387a85 RBX=00000000cccccccd RCX=000000000000001b RDX=00000000000003f8
RSI=0000000000000000 RDI=00000000fee00000 RBP=00000000001b9ff0 RSP=00000000001b9e60
R8 =0000000000000001 R9 =0000000000000000 R10=00000000002f7000 R11=000000000000005e
R12=0000000000000000 R13=0000000000000001 R14=0000000000000001 R15=0000000000008003
RIP=0000000000111ff2 RFL=00000297 [--S-APC] CPL=0 II=0 A20=1 SMM=0 HLT=0
ES =0010 0000000000000000 ffffffff 00cf9300 DPL=0 DS   [-WA]
CS =0008 0000000000000000 ffffffff 00af9a00 DPL=0 CS64 [-R-]
SS =0010 0000000000000000 ffffffff 00cf9300 DPL=0 DS   [-WA]
DS =0010 0000000000000000 ffffffff 00cf9300 DPL=0 DS   [-WA]
FS =0010 0000000000000000 ffffffff 00cf9300 DPL=0 DS   [-WA]
GS =0010 0000000000000000 ffffffff 00cf9300 DPL=0 DS   [-WA]
LDT=0000 0000000000000000 0000ffff 00008200 DPL=0 LDT
TR =0040 0000000000299ae0 0000006f 00208900 DPL=0 TSS64-avl
GDT=     0000000000271ce0 0000004f
IDT=     0000000000271d60 00000fff
CR0=80000013 CR2=0000000000000000 CR3=00000000001ba000 CR4=00000620
DR0=0000000000000000 DR1=0000000000000000 DR2=0000000000000000 DR3=0000000000000000 
DR6=00000000ffff0ff0 DR7=0000000000000400
CCS=0000000000000095 CCD=fffffffffd3d8a05 CCO=EFLAGS
EFER=0000000000000500
Servicing hardware INT=0x20
   548: v=20 e=0000 i=0 cpl=0 IP=0008:0000000000111ff2 pc=0000000000111ff2 SP=0010:00000000001b9e60 env->regs[R_EAX]=0000000000388734
RAX=0000000000388734 RBX=00000000cccccccd RCX=000000000000001b RDX=00000000000003f8
RSI=0000000000000000 RDI=00000000fee00000 RBP=00000000001b9ff0 RSP=00000000001b9e60
R8 =0000000000000001 R9 =0000000000000000 R10=00000000002f7000 R11=000000000000005e
R12=0000000000000000 R13=0000000000000001 R14=0000000000000001 R15=0000000000008003
RIP=0000000000111ff2 RFL=00000297 [--S-APC] CPL=0 II=0 A20=1 SMM=0 HLT=0
ES =0010 0000000000000000 ffffffff 00cf9300 DPL=0 DS   [-WA]
CS =0008 0000000000000000 ffffffff 00af9a00 DPL=0 CS64 [-R-]
SS =0010 0000000000000000 ffffffff 00cf9300 DPL=0 DS   [-WA]
DS =0010 0000000000000000 ffffffff 00cf9300 DPL=0 DS   [-WA]
FS =0010 0000000000000000 ffffffff 00cf9300 DPL=0 DS   [-WA]
GS =0010 0000000000000000 ffffffff 00cf9300 DPL=0 DS   [-WA]
LDT=0000 0000000000000000 0000ffff 00008200 DPL=0 LDT
TR =0040 0000000000299ae0 0000006f 00208900 DPL=0 TSS64-avl
GDT=     0000000000271ce0 0000004f
IDT=     0000000000271d60 00000fff
CR0=80000013 CR2=0000000000000000 CR3=00000000001ba000 CR4=00000620
DR0=0000000000000000 DR1=0000000000000000 DR2=0000000000000000 DR3=0000000000000000 
DR6=00000000ffff0ff0 DR7=0000000000000400
CCS=0000000000000095 CCD=fffffffffd3d96b4 CCO=EFLAGS
EFER=0000000000000500
Servicing hardware INT=0x20
   549: v=20 e=0000 i=0 cpl=0 IP=0008:0000000000111ff2 pc=0000000000111ff2 SP=0010:00000000001b9e60 env->regs[R_EAX]=000000000038b50c
RAX=000000000038b50c RBX=00000000cccccccd RCX=000000000000001b RDX=00000000000003f8
RSI=0000000000000000 RDI=00000000fee00000 RBP=00000000001b9ff0 RSP=00000000001b9e60
R8 =0000000000000001 R9 =0000000000000000 R10=00000000002f7000 R11=000000000000005e
R12=0000000000000000 R13=0000000000000001 R14=0000000000000001 R15=0000000000008003
RIP=0000000000111ff2 RFL=00000293 [--S-A-C] CPL=0 II=0 A20=1 SMM=0 HLT=0
ES =0010 0000000000000000 ffffffff 00cf9300 DPL=0 DS   [-WA]
CS =0008 0000000000000000 ffffffff 00af9a00 DPL=0 CS64 [-R-]
SS =0010 0000000000000000 ffffffff 00cf9300 DPL=0 DS   [-WA]
DS =0010 0000000000000000 ffffffff 00cf9300 DPL=0 DS   [-WA]
FS =0010 0000000000000000 ffffffff 00cf9300 DPL=0 DS   [-WA]
GS =0010 0000000000000000 ffffffff 00cf9300 DPL=0 DS   [-WA]
LDT=0000 0000000000000000 0000ffff 00008200 DPL=0 LDT
TR =0040 0000000000299ae0 0000006f 00208900 DPL=0 TSS64-avl
GDT=     0000000000271ce0 0000004f
IDT=     0000000000271d60 00000fff
CR0=80000013 CR2=0000000000000000 CR3=00000000001ba000 CR4=00000620
DR0=0000000000000000 DR1=0000000000000000 DR2=0000000000000000 DR3=0000000000000000 
DR6=00000000ffff0ff0 DR7=0000000000000400
CCS=0000000000000091 CCD=fffffffffd3dc48c CCO=EFLAGS
EFER=0000000000000500
Servicing hardware INT=0x20
   550: v=20 e=0000 i=0 cpl=0 IP=0008:0000000000111ff2 pc=0000000000111ff2 SP=0010:00000000001b9e60 env->regs[R_EAX]=000000000038c0c0
RAX=000000000038c0c0 RBX=00000000cccccccd RCX=000000000000001b RDX=00000000000003f8
RSI=0000000000000000 RDI=00000000fee00000 RBP=00000000001b9ff0 RSP=00000000001b9e60
R8 =0000000000000001 R9 =0000000000000000 R10=00000000002f7000 R11=000000000000005e
R12=0000000000000000 R13=0000000000000001 R14=0000000000000001 R15=0000000000008003
RIP=0000000000111ff2 RFL=00000283 [--S---C] CPL=0 II=0 A20=1 SMM=0 HLT=0
ES =0010 0000000000000000 ffffffff 00cf9300 DPL=0 DS   [-WA]
CS =0008 0000000000000000 ffffffff 00af9a00 DPL=0 CS64 [-R-]
SS =0010 0000000000000000 ffffffff 00cf9300 DPL=0 DS   [-WA]
DS =0010 0000000000000000 ffffffff 00cf9300 DPL=0 DS   [-WA]
FS =0010 0000000000000000 ffffffff 00cf9300 DPL=0 DS   [-WA]
GS =0010 0000000000000000 ffffffff 00cf9300 DPL=0 DS   [-WA]
LDT=0000 0000000000000000 0000ffff 00008200 DPL=0 LDT
TR =0040 0000000000299ae0 0000006f 00208900 DPL=0 TSS64-avl
GDT=     0000000000271ce0 0000004f
IDT=     0000000000271d60 00000fff
CR0=80000013 CR2=0000000000000000 CR3=00000000001ba000 CR4=00000620
DR0=0000000000000000 DR1=0000000000000000 DR2=0000000000000000 DR3=0000000000000000 
DR6=00000000ffff0ff0 DR7=0000000000000400
CCS=0000000000000081 CCD=fffffffffd3dd040 CCO=EFLAGS
EFER=0000000000000500
Servicing hardware INT=0x20
   551: v=20 e=0000 i=0 cpl=0 IP=0008:0000000000111ff2 pc=0000000000111ff2 SP=0010:00000000001b9e60 env->regs[R_EAX]=000000000038f008
RAX=000000000038f008 RBX=00000000cccccccd RCX=000000000000001b RDX=00000000000003f8
RSI=0000000000000000 RDI=00000000fee00000 RBP=00000000001b9ff0 RSP=00000000001b9e60
R8 =0000000000000001 R9 =0000000000000000 R10=00000000002f7000 R11=000000000000005e
R12=0000000000000000 R13=0000000000000001 R14=0000000000000001 R15=0000000000008003
RIP=0000000000111ff2 RFL=00000297 [--S-APC] CPL=0 II=0 A20=1 SMM=0 HLT=0
ES =0010 0000000000000000 ffffffff 00cf9300 DPL=0 DS   [-WA]
CS =0008 0000000000000000 ffffffff 00af9a00 DPL=0 CS64 [-R-]
SS =0010 0000000000000000 ffffffff 00cf9300 DPL=0 DS   [-WA]
DS =0010 0000000000000000 ffffffff 00cf9300 DPL=0 DS   [-WA]
FS =0010 0000000000000000 ffffffff 00cf9300 DPL=0 DS   [-WA]
GS =0010 0000000000000000 ffffffff 00cf9300 DPL=0 DS   [-WA]
LDT=0000 0000000000000000 0000ffff 00008200 DPL=0 LDT
TR =0040 0000000000299ae0 0000006f 00208900 DPL=0 TSS64-avl
GDT=     0000000000271ce0 0000004f
IDT=     0000000000271d60 00000fff
CR0=80000013 CR2=0000000000000000 CR3=00000000001ba000 CR4=00000620
DR0=0000000000000000 DR1=0000000000000000 DR2=0000000000000000 DR3=0000000000000000 
DR6=00000000ffff0ff0 DR7=0000000000000400
CCS=0000000000000095 CCD=fffffffffd3dff88 CCO=EFLAGS
EFER=0000000000000500
Servicing hardware INT=0x20
   552: v=20 e=0000 i=0 cpl=0 IP=0008:0000000000111ff2 pc=0000000000111ff2 SP=0010:00000000001b9e60 env->regs[R_EAX]=000000000038fdd4
RAX=000000000038fdd4 RBX=00000000cccccccd RCX=000000000000001b RDX=00000000000003f8
RSI=0000000000000000 RDI=00000000fee00000 RBP=00000000001b9ff0 RSP=00000000001b9e60
R8 =0000000000000001 R9 =0000000000000000 R10=00000000002f7000 R11=000000000000005e
R12=0000000000000000 R13=0000000000000001 R14=0000000000000001 R15=0000000000008003
RIP=0000000000111ff2 RFL=00000293 [--S-A-C] CPL=0 II=0 A20=1 SMM=0 HLT=0
ES =0010 0000000000000000 ffffffff 00cf9300 DPL=0 DS   [-WA]
CS =0008 0000000000000000 ffffffff 00af9a00 DPL=0 CS64 [-R-]
SS =0010 0000000000000000 ffffffff 00cf9300 DPL=0 DS   [-WA]
DS =0010 0000000000000000 ffffffff 00cf9300 DPL=0 DS   [-WA]
FS =0010 0000000000000000 ffffffff 00cf9300 DPL=0 DS   [-WA]
GS =0010 0000000000000000 ffffffff 00cf9300 DPL=0 DS   [-WA]
LDT=0000 0000000000000000 0000ffff 00008200 DPL=0 LDT
TR =0040 0000000000299ae0 0000006f 00208900 DPL=0 TSS64-avl
GDT=     0000000000271ce0 0000004f
IDT=     0000000000271d60 00000fff
CR0=80000013 CR2=0000000000000000 CR3=00000000001ba000 CR4=00000620
DR0=0000000000000000 DR1=0000000000000000 DR2=0000000000000000 DR3=0000000000000000 
DR6=00000000ffff0ff0 DR7=0000000000000400
CCS=0000000000000091 CCD=fffffffffd3e0d54 CCO=EFLAGS
EFER=0000000000000500
Servicing hardware INT=0x20
   553: v=20 e=0000 i=0 cpl=0 IP=0008:0000000000111ff2 pc=0000000000111ff2 SP=0010:00000000001b9e60 env->regs[R_EAX]=0000000000392a86
RAX=0000000000392a86 RBX=00000000cccccccd RCX=000000000000001b RDX=00000000000003f8
RSI=0000000000000000 RDI=00000000fee00000 RBP=00000000001b9ff0 RSP=00000000001b9e60
R8 =0000000000000001 R9 =0000000000000000 R10=00000000002f7000 R11=000000000000005e
R12=0000000000000000 R13=0000000000000001 R14=0000000000000001 R15=0000000000008003
RIP=0000000000111ff2 RFL=00000297 [--S-APC] CPL=0 II=0 A20=1 SMM=0 HLT=0
ES =0010 0000000000000000 ffffffff 00cf9300 DPL=0 DS   [-WA]
CS =0008 0000000000000000 ffffffff 00af9a00 DPL=0 CS64 [-R-]
SS =0010 0000000000000000 ffffffff 00cf9300 DPL=0 DS   [-WA]
DS =0010 0000000000000000 ffffffff 00cf9300 DPL=0 DS   [-WA]
FS =0010 0000000000000000 ffffffff 00cf9300 DPL=0 DS   [-WA]
GS =0010 0000000000000000 ffffffff 00cf9300 DPL=0 DS   [-WA]
LDT=0000 0000000000000000 0000ffff 00008200 DPL=0 LDT
TR =0040 0000000000299ae0 0000006f 00208900 DPL=0 TSS64-avl
GDT=     0000000000271ce0 0000004f
IDT=     0000000000271d60 00000fff
CR0=80000013 CR2=0000000000000000 CR3=00000000001ba000 CR4=00000620
DR0=0000000000000000 DR1=0000000000000000 DR2=0000000000000000 DR3=0000000000000000 
DR6=00000000ffff0ff0 DR7=0000000000000400
CCS=0000000000000095 CCD=fffffffffd3e3a06 CCO=EFLAGS
EFER=0000000000000500
Servicing hardware INT=0x20
   554: v=20 e=0000 i=0 cpl=0 IP=0008:0000000000111ff2 pc=0000000000111ff2 SP=0010:00000000001b9e60 env->regs[R_EAX]=0000000000393749
RAX=0000000000393749 RBX=00000000cccccccd RCX=000000000000001b RDX=00000000000003f8
RSI=0000000000000000 RDI=00000000fee00000 RBP=00000000001b9ff0 RSP=00000000001b9e60
R8 =0000000000000001 R9 =0000000000000000 R10=00000000002f7000 R11=000000000000005e
R12=0000000000000000 R13=0000000000000001 R14=0000000000000001 R15=0000000000008003
RIP=0000000000111ff2 RFL=00000297 [--S-APC] CPL=0 II=0 A20=1 SMM=0 HLT=0
ES =0010 0000000000000000 ffffffff 00cf9300 DPL=0 DS   [-WA]
CS =0008 0000000000000000 ffffffff 00af9a00 DPL=0 CS64 [-R-]
SS =0010 0000000000000000 ffffffff 00cf9300 DPL=0 DS   [-WA]
DS =0010 0000000000000000 ffffffff 00cf9300 DPL=0 DS   [-WA]
FS =0010 0000000000000000 ffffffff 00cf9300 DPL=0 DS   [-WA]
GS =0010 0000000000000000 ffffffff 00cf9300 DPL=0 DS   [-WA]
LDT=0000 0000000000000000 0000ffff 00008200 DPL=0 LDT
TR =0040 0000000000299ae0 0000006f 00208900 DPL=0 TSS64-avl
GDT=     0000000000271ce0 0000004f
IDT=     0000000000271d60 00000fff
CR0=80000013 CR2=0000000000000000 CR3=00000000001ba000 CR4=00000620
DR0=0000000000000000 DR1=0000000000000000 DR2=0000000000000000 DR3=0000000000000000 
DR6=00000000ffff0ff0 DR7=0000000000000400
CCS=0000000000000095 CCD=fffffffffd3e46c9 CCO=EFLAGS
EFER=0000000000000500
Servicing hardware INT=0x20
   555: v=20 e=0000 i=0 cpl=0 IP=0008:0000000000111ff2 pc=0000000000111ff2 SP=0010:00000000001b9e60 env->regs[R_EAX]=0000000000396ba3
RAX=0000000000396ba3 RBX=00000000cccccccd RCX=000000000000001b RDX=00000000000003f8
RSI=0000000000000000 RDI=00000000fee00000 RBP=00000000001b9ff0 RSP=00000000001b9e60
R8 =0000000000000001 R9 =0000000000000000 R10=00000000002f7000 R11=000000000000005e
R12=0000000000000000 R13=0000000000000001 R14=0000000000000001 R15=0000000000008003
RIP=0000000000111ff2 RFL=00000293 [--S-A-C] CPL=0 II=0 A20=1 SMM=0 HLT=0
ES =0010 0000000000000000 ffffffff 00cf9300 DPL=0 DS   [-WA]
CS =0008 0000000000000000 ffffffff 00af9a00 DPL=0 CS64 [-R-]
SS =0010 0000000000000000 ffffffff 00cf9300 DPL=0 DS   [-WA]
DS =0010 0000000000000000 ffffffff 00cf9300 DPL=0 DS   [-WA]
FS =0010 0000000000000000 ffffffff 00cf9300 DPL=0 DS   [-WA]
GS =0010 0000000000000000 ffffffff 00cf9300 DPL=0 DS   [-WA]
LDT=0000 0000000000000000 0000ffff 00008200 DPL=0 LDT
TR =0040 0000000000299ae0 0000006f 00208900 DPL=0 TSS64-avl
GDT=     0000000000271ce0 0000004f
IDT=     0000000000271d60 00000fff
CR0=80000013 CR2=0000000000000000 CR3=00000000001ba000 CR4=00000620
DR0=0000000000000000 DR1=0000000000000000 DR2=0000000000000000 DR3=0000000000000000 
DR6=00000000ffff0ff0 DR7=0000000000000400
CCS=0000000000000091 CCD=fffffffffd3e7b23 CCO=EFLAGS
EFER=0000000000000500
Servicing hardware INT=0x20
   556: v=20 e=0000 i=0 cpl=0 IP=0008:0000000000111ff2 pc=0000000000111ff2 SP=0010:00000000001b9e60 env->regs[R_EAX]=000000000039773a
RAX=000000000039773a RBX=00000000cccccccd RCX=000000000000001b RDX=00000000000003f8
RSI=0000000000000000 RDI=00000000fee00000 RBP=00000000001b9ff0 RSP=00000000001b9e60
R8 =0000000000000001 R9 =0000000000000000 R10=00000000002f7000 R11=000000000000005e
R12=0000000000000000 R13=0000000000000001 R14=0000000000000001 R15=0000000000008003
RIP=0000000000111ff2 RFL=00000293 [--S-A-C] CPL=0 II=0 A20=1 SMM=0 HLT=0
ES =0010 0000000000000000 ffffffff 00cf9300 DPL=0 DS   [-WA]
CS =0008 0000000000000000 ffffffff 00af9a00 DPL=0 CS64 [-R-]
SS =0010 0000000000000000 ffffffff 00cf9300 DPL=0 DS   [-WA]
DS =0010 0000000000000000 ffffffff 00cf9300 DPL=0 DS   [-WA]
FS =0010 0000000000000000 ffffffff 00cf9300 DPL=0 DS   [-WA]
GS =0010 0000000000000000 ffffffff 00cf9300 DPL=0 DS   [-WA]
LDT=0000 0000000000000000 0000ffff 00008200 DPL=0 LDT
TR =0040 0000000000299ae0 0000006f 00208900 DPL=0 TSS64-avl
GDT=     0000000000271ce0 0000004f
IDT=     0000000000271d60 00000fff
CR0=80000013 CR2=0000000000000000 CR3=00000000001ba000 CR4=00000620
DR0=0000000000000000 DR1=0000000000000000 DR2=0000000000000000 DR3=0000000000000000 
DR6=00000000ffff0ff0 DR7=0000000000000400
CCS=0000000000000091 CCD=fffffffffd3e86ba CCO=EFLAGS
EFER=0000000000000500
Servicing hardware INT=0x20
   557: v=20 e=0000 i=0 cpl=0 IP=0008:0000000000111ff2 pc=0000000000111ff2 SP=0010:00000000001b9e60 env->regs[R_EAX]=000000000039a0f1
RAX=000000000039a0f1 RBX=00000000cccccccd RCX=000000000000001b RDX=00000000000003f8
RSI=0000000000000000 RDI=00000000fee00000 RBP=00000000001b9ff0 RSP=00000000001b9e60
R8 =0000000000000001 R9 =0000000000000000 R10=00000000002f7000 R11=000000000000005e
R12=0000000000000000 R13=0000000000000001 R14=0000000000000001 R15=0000000000008003
RIP=0000000000111ff2 RFL=00000297 [--S-APC] CPL=0 II=0 A20=1 SMM=0 HLT=0
ES =0010 0000000000000000 ffffffff 00cf9300 DPL=0 DS   [-WA]
CS =0008 0000000000000000 ffffffff 00af9a00 DPL=0 CS64 [-R-]
SS =0010 0000000000000000 ffffffff 00cf9300 DPL=0 DS   [-WA]
DS =0010 0000000000000000 ffffffff 00cf9300 DPL=0 DS   [-WA]
FS =0010 0000000000000000 ffffffff 00cf9300 DPL=0 DS   [-WA]
GS =0010 0000000000000000 ffffffff 00cf9300 DPL=0 DS   [-WA]
LDT=0000 0000000000000000 0000ffff 00008200 DPL=0 LDT
TR =0040 0000000000299ae0 0000006f 00208900 DPL=0 TSS64-avl
GDT=     0000000000271ce0 0000004f
IDT=     0000000000271d60 00000fff
CR0=80000013 CR2=0000000000000000 CR3=00000000001ba000 CR4=00000620
DR0=0000000000000000 DR1=0000000000000000 DR2=0000000000000000 DR3=0000000000000000 
DR6=00000000ffff0ff0 DR7=0000000000000400
CCS=0000000000000095 CCD=fffffffffd3eb071 CCO=EFLAGS
EFER=0000000000000500
Servicing hardware INT=0x20
   558: v=20 e=0000 i=0 cpl=0 IP=0008:0000000000111ff2 pc=0000000000111ff2 SP=0010:00000000001b9e60 env->regs[R_EAX]=000000000039ac57
RAX=000000000039ac57 RBX=00000000cccccccd RCX=000000000000001b RDX=00000000000003f8
RSI=0000000000000000 RDI=00000000fee00000 RBP=00000000001b9ff0 RSP=00000000001b9e60
R8 =0000000000000001 R9 =0000000000000000 R10=00000000002f7000 R11=000000000000005e
R12=0000000000000000 R13=0000000000000001 R14=0000000000000001 R15=0000000000008003
RIP=0000000000111ff2 RFL=00000297 [--S-APC] CPL=0 II=0 A20=1 SMM=0 HLT=0
ES =0010 0000000000000000 ffffffff 00cf9300 DPL=0 DS   [-WA]
CS =0008 0000000000000000 ffffffff 00af9a00 DPL=0 CS64 [-R-]
SS =0010 0000000000000000 ffffffff 00cf9300 DPL=0 DS   [-WA]
DS =0010 0000000000000000 ffffffff 00cf9300 DPL=0 DS   [-WA]
FS =0010 0000000000000000 ffffffff 00cf9300 DPL=0 DS   [-WA]
GS =0010 0000000000000000 ffffffff 00cf9300 DPL=0 DS   [-WA]
LDT=0000 0000000000000000 0000ffff 00008200 DPL=0 LDT
TR =0040 0000000000299ae0 0000006f 00208900 DPL=0 TSS64-avl
GDT=     0000000000271ce0 0000004f
IDT=     0000000000271d60 00000fff
CR0=80000013 CR2=0000000000000000 CR3=00000000001ba000 CR4=00000620
DR0=0000000000000000 DR1=0000000000000000 DR2=0000000000000000 DR3=0000000000000000 
DR6=00000000ffff0ff0 DR7=0000000000000400
CCS=0000000000000095 CCD=fffffffffd3ebbd7 CCO=EFLAGS
EFER=0000000000000500
Servicing hardware INT=0x20
   559: v=20 e=0000 i=0 cpl=0 IP=0008:0000000000111ff2 pc=0000000000111ff2 SP=0010:00000000001b9e60 env->regs[R_EAX]=000000000039d68c
RAX=000000000039d68c RBX=00000000cccccccd RCX=000000000000001b RDX=00000000000003f8
RSI=0000000000000000 RDI=00000000fee00000 RBP=00000000001b9ff0 RSP=00000000001b9e60
R8 =0000000000000001 R9 =0000000000000000 R10=00000000002f7000 R11=000000000000005e
R12=0000000000000000 R13=0000000000000001 R14=0000000000000001 R15=0000000000008003
RIP=0000000000111ff2 RFL=00000297 [--S-APC] CPL=0 II=0 A20=1 SMM=0 HLT=0
ES =0010 0000000000000000 ffffffff 00cf9300 DPL=0 DS   [-WA]
CS =0008 0000000000000000 ffffffff 00af9a00 DPL=0 CS64 [-R-]
SS =0010 0000000000000000 ffffffff 00cf9300 DPL=0 DS   [-WA]
DS =0010 0000000000000000 ffffffff 00cf9300 DPL=0 DS   [-WA]
FS =0010 0000000000000000 ffffffff 00cf9300 DPL=0 DS   [-WA]
GS =0010 0000000000000000 ffffffff 00cf9300 DPL=0 DS   [-WA]
LDT=0000 0000000000000000 0000ffff 00008200 DPL=0 LDT
TR =0040 0000000000299ae0 0000006f 00208900 DPL=0 TSS64-avl
GDT=     0000000000271ce0 0000004f
IDT=     0000000000271d60 00000fff
CR0=80000013 CR2=0000000000000000 CR3=00000000001ba000 CR4=00000620
DR0=0000000000000000 DR1=0000000000000000 DR2=0000000000000000 DR3=0000000000000000 
DR6=00000000ffff0ff0 DR7=0000000000000400
CCS=0000000000000095 CCD=fffffffffd3ee60c CCO=EFLAGS
EFER=0000000000000500
Servicing hardware INT=0x20
   560: v=20 e=0000 i=0 cpl=0 IP=0008:0000000000111ff2 pc=0000000000111ff2 SP=0010:00000000001b9e60 env->regs[R_EAX]=000000000039e20c
RAX=000000000039e20c RBX=00000000cccccccd RCX=000000000000001b RDX=00000000000003f8
RSI=0000000000000000 RDI=00000000fee00000 RBP=00000000001b9ff0 RSP=00000000001b9e60
R8 =0000000000000001 R9 =0000000000000000 R10=00000000002f7000 R11=000000000000005e
R12=0000000000000000 R13=0000000000000001 R14=0000000000000001 R15=0000000000008003
RIP=0000000000111ff2 RFL=00000293 [--S-A-C] CPL=0 II=0 A20=1 SMM=0 HLT=0
ES =0010 0000000000000000 ffffffff 00cf9300 DPL=0 DS   [-WA]
CS =0008 0000000000000000 ffffffff 00af9a00 DPL=0 CS64 [-R-]
SS =0010 0000000000000000 ffffffff 00cf9300 DPL=0 DS   [-WA]
DS =0010 0000000000000000 ffffffff 00cf9300 DPL=0 DS   [-WA]
FS =0010 0000000000000000 ffffffff 00cf9300 DPL=0 DS   [-WA]
GS =0010 0000000000000000 ffffffff 00cf9300 DPL=0 DS   [-WA]
LDT=0000 0000000000000000 0000ffff 00008200 DPL=0 LDT
TR =0040 0000000000299ae0 0000006f 00208900 DPL=0 TSS64-avl
GDT=     0000000000271ce0 0000004f
IDT=     0000000000271d60 00000fff
CR0=80000013 CR2=0000000000000000 CR3=00000000001ba000 CR4=00000620
DR0=0000000000000000 DR1=0000000000000000 DR2=0000000000000000 DR3=0000000000000000 
DR6=00000000ffff0ff0 DR7=0000000000000400
CCS=0000000000000091 CCD=fffffffffd3ef18c CCO=EFLAGS
EFER=0000000000000500
Servicing hardware INT=0x20
   561: v=20 e=0000 i=0 cpl=0 IP=0008:0000000000111ff2 pc=0000000000111ff2 SP=0010:00000000001b9e60 env->regs[R_EAX]=00000000003a0fd5
RAX=00000000003a0fd5 RBX=00000000cccccccd RCX=000000000000001b RDX=00000000000003f8
RSI=0000000000000000 RDI=00000000fee00000 RBP=00000000001b9ff0 RSP=00000000001b9e60
R8 =0000000000000001 R9 =0000000000000000 R10=00000000002f7000 R11=000000000000005e
R12=0000000000000000 R13=0000000000000001 R14=0000000000000001 R15=0000000000008003
RIP=0000000000111ff2 RFL=00000297 [--S-APC] CPL=0 II=0 A20=1 SMM=0 HLT=0
ES =0010 0000000000000000 ffffffff 00cf9300 DPL=0 DS   [-WA]
CS =0008 0000000000000000 ffffffff 00af9a00 DPL=0 CS64 [-R-]
SS =0010 0000000000000000 ffffffff 00cf9300 DPL=0 DS   [-WA]
DS =0010 0000000000000000 ffffffff 00cf9300 DPL=0 DS   [-WA]
FS =0010 0000000000000000 ffffffff 00cf9300 DPL=0 DS   [-WA]
GS =0010 0000000000000000 ffffffff 00cf9300 DPL=0 DS   [-WA]
LDT=0000 0000000000000000 0000ffff 00008200 DPL=0 LDT
TR =0040 0000000000299ae0 0000006f 00208900 DPL=0 TSS64-avl
GDT=     0000000000271ce0 0000004f
IDT=     0000000000271d60 00000fff
CR0=80000013 CR2=0000000000000000 CR3=00000000001ba000 CR4=00000620
DR0=0000000000000000 DR1=0000000000000000 DR2=0000000000000000 DR3=0000000000000000 
DR6=00000000ffff0ff0 DR7=0000000000000400
CCS=0000000000000095 CCD=fffffffffd3f1f55 CCO=EFLAGS
EFER=0000000000000500
Servicing hardware INT=0x20
   562: v=20 e=0000 i=0 cpl=0 IP=0008:0000000000111ff2 pc=0000000000111ff2 SP=0010:00000000001b9e60 env->regs[R_EAX]=00000000003a1cc6
RAX=00000000003a1cc6 RBX=00000000cccccccd RCX=000000000000001b RDX=00000000000003f8
RSI=0000000000000000 RDI=00000000fee00000 RBP=00000000001b9ff0 RSP=00000000001b9e60
R8 =0000000000000001 R9 =0000000000000000 R10=00000000002f7000 R11=000000000000005e
R12=0000000000000000 R13=0000000000000001 R14=0000000000000001 R15=0000000000008003
RIP=0000000000111ff2 RFL=00000293 [--S-A-C] CPL=0 II=0 A20=1 SMM=0 HLT=0
ES =0010 0000000000000000 ffffffff 00cf9300 DPL=0 DS   [-WA]
CS =0008 0000000000000000 ffffffff 00af9a00 DPL=0 CS64 [-R-]
SS =0010 0000000000000000 ffffffff 00cf9300 DPL=0 DS   [-WA]
DS =0010 0000000000000000 ffffffff 00cf9300 DPL=0 DS   [-WA]
FS =0010 0000000000000000 ffffffff 00cf9300 DPL=0 DS   [-WA]
GS =0010 0000000000000000 ffffffff 00cf9300 DPL=0 DS   [-WA]
LDT=0000 0000000000000000 0000ffff 00008200 DPL=0 LDT
TR =0040 0000000000299ae0 0000006f 00208900 DPL=0 TSS64-avl
GDT=     0000000000271ce0 0000004f
IDT=     0000000000271d60 00000fff
CR0=80000013 CR2=0000000000000000 CR3=00000000001ba000 CR4=00000620
DR0=0000000000000000 DR1=0000000000000000 DR2=0000000000000000 DR3=0000000000000000 
DR6=00000000ffff0ff0 DR7=0000000000000400
CCS=0000000000000091 CCD=fffffffffd3f2c46 CCO=EFLAGS
EFER=0000000000000500
Servicing hardware INT=0x20
   563: v=20 e=0000 i=0 cpl=0 IP=0008:0000000000111ff2 pc=0000000000111ff2 SP=0010:00000000001b9e60 env->regs[R_EAX]=00000000003a4c3d
RAX=00000000003a4c3d RBX=00000000cccccccd RCX=000000000000001b RDX=00000000000003f8
RSI=0000000000000000 RDI=00000000fee00000 RBP=00000000001b9ff0 RSP=00000000001b9e60
R8 =0000000000000001 R9 =0000000000000000 R10=00000000002f7000 R11=000000000000005e
R12=0000000000000000 R13=0000000000000001 R14=0000000000000001 R15=0000000000008003
RIP=0000000000111ff2 RFL=00000297 [--S-APC] CPL=0 II=0 A20=1 SMM=0 HLT=0
ES =0010 0000000000000000 ffffffff 00cf9300 DPL=0 DS   [-WA]
CS =0008 0000000000000000 ffffffff 00af9a00 DPL=0 CS64 [-R-]
SS =0010 0000000000000000 ffffffff 00cf9300 DPL=0 DS   [-WA]
DS =0010 0000000000000000 ffffffff 00cf9300 DPL=0 DS   [-WA]
FS =0010 0000000000000000 ffffffff 00cf9300 DPL=0 DS   [-WA]
GS =0010 0000000000000000 ffffffff 00cf9300 DPL=0 DS   [-WA]
LDT=0000 0000000000000000 0000ffff 00008200 DPL=0 LDT
TR =0040 0000000000299ae0 0000006f 00208900 DPL=0 TSS64-avl
GDT=     0000000000271ce0 0000004f
IDT=     0000000000271d60 00000fff
CR0=80000013 CR2=0000000000000000 CR3=00000000001ba000 CR4=00000620
DR0=0000000000000000 DR1=0000000000000000 DR2=0000000000000000 DR3=0000000000000000 
DR6=00000000ffff0ff0 DR7=0000000000000400
CCS=0000000000000095 CCD=fffffffffd3f5bbd CCO=EFLAGS
EFER=0000000000000500
Servicing hardware INT=0x20
   564: v=20 e=0000 i=0 cpl=0 IP=0008:0000000000111ff2 pc=0000000000111ff2 SP=0010:00000000001b9e60 env->regs[R_EAX]=00000000003a59e3
RAX=00000000003a59e3 RBX=00000000cccccccd RCX=000000000000001b RDX=00000000000003f8
RSI=0000000000000000 RDI=00000000fee00000 RBP=00000000001b9ff0 RSP=00000000001b9e60
R8 =0000000000000001 R9 =0000000000000000 R10=00000000002f7000 R11=000000000000005e
R12=0000000000000000 R13=0000000000000001 R14=0000000000000001 R15=0000000000008003
RIP=0000000000111ff2 RFL=00000297 [--S-APC] CPL=0 II=0 A20=1 SMM=0 HLT=0
ES =0010 0000000000000000 ffffffff 00cf9300 DPL=0 DS   [-WA]
CS =0008 0000000000000000 ffffffff 00af9a00 DPL=0 CS64 [-R-]
SS =0010 0000000000000000 ffffffff 00cf9300 DPL=0 DS   [-WA]
DS =0010 0000000000000000 ffffffff 00cf9300 DPL=0 DS   [-WA]
FS =0010 0000000000000000 ffffffff 00cf9300 DPL=0 DS   [-WA]
GS =0010 0000000000000000 ffffffff 00cf9300 DPL=0 DS   [-WA]
LDT=0000 0000000000000000 0000ffff 00008200 DPL=0 LDT
TR =0040 0000000000299ae0 0000006f 00208900 DPL=0 TSS64-avl
GDT=     0000000000271ce0 0000004f
IDT=     0000000000271d60 00000fff
CR0=80000013 CR2=0000000000000000 CR3=00000000001ba000 CR4=00000620
DR0=0000000000000000 DR1=0000000000000000 DR2=0000000000000000 DR3=0000000000000000 
DR6=00000000ffff0ff0 DR7=0000000000000400
CCS=0000000000000095 CCD=fffffffffd3f6963 CCO=EFLAGS
EFER=0000000000000500
Servicing hardware INT=0x20
   565: v=20 e=0000 i=0 cpl=0 IP=0008:0000000000111ff2 pc=0000000000111ff2 SP=0010:00000000001b9e60 env->regs[R_EAX]=00000000003a875f
RAX=00000000003a875f RBX=00000000cccccccd RCX=000000000000001b RDX=00000000000003f8
RSI=0000000000000000 RDI=00000000fee00000 RBP=00000000001b9ff0 RSP=00000000001b9e60
R8 =0000000000000001 R9 =0000000000000000 R10=00000000002f7000 R11=000000000000005e
R12=0000000000000000 R13=0000000000000001 R14=0000000000000001 R15=0000000000008003
RIP=0000000000111ff2 RFL=00000293 [--S-A-C] CPL=0 II=0 A20=1 SMM=0 HLT=0
ES =0010 0000000000000000 ffffffff 00cf9300 DPL=0 DS   [-WA]
CS =0008 0000000000000000 ffffffff 00af9a00 DPL=0 CS64 [-R-]
SS =0010 0000000000000000 ffffffff 00cf9300 DPL=0 DS   [-WA]
DS =0010 0000000000000000 ffffffff 00cf9300 DPL=0 DS   [-WA]
FS =0010 0000000000000000 ffffffff 00cf9300 DPL=0 DS   [-WA]
GS =0010 0000000000000000 ffffffff 00cf9300 DPL=0 DS   [-WA]
LDT=0000 0000000000000000 0000ffff 00008200 DPL=0 LDT
TR =0040 0000000000299ae0 0000006f 00208900 DPL=0 TSS64-avl
GDT=     0000000000271ce0 0000004f
IDT=     0000000000271d60 00000fff
CR0=80000013 CR2=0000000000000000 CR3=00000000001ba000 CR4=00000620
DR0=0000000000000000 DR1=0000000000000000 DR2=0000000000000000 DR3=0000000000000000 
DR6=00000000ffff0ff0 DR7=0000000000000400
CCS=0000000000000091 CCD=fffffffffd3f96df CCO=EFLAGS
EFER=0000000000000500
Servicing hardware INT=0x20
   566: v=20 e=0000 i=0 cpl=0 IP=0008:0000000000111ff2 pc=0000000000111ff2 SP=0010:00000000001b9e60 env->regs[R_EAX]=00000000003a9625
RAX=00000000003a9625 RBX=00000000cccccccd RCX=000000000000001b RDX=00000000000003f8
RSI=0000000000000000 RDI=00000000fee00000 RBP=00000000001b9ff0 RSP=00000000001b9e60
R8 =0000000000000001 R9 =0000000000000000 R10=00000000002f7000 R11=000000000000005e
R12=0000000000000000 R13=0000000000000001 R14=0000000000000001 R15=0000000000008003
RIP=0000000000111ff2 RFL=00000297 [--S-APC] CPL=0 II=0 A20=1 SMM=0 HLT=0
ES =0010 0000000000000000 ffffffff 00cf9300 DPL=0 DS   [-WA]
CS =0008 0000000000000000 ffffffff 00af9a00 DPL=0 CS64 [-R-]
SS =0010 0000000000000000 ffffffff 00cf9300 DPL=0 DS   [-WA]
DS =0010 0000000000000000 ffffffff 00cf9300 DPL=0 DS   [-WA]
FS =0010 0000000000000000 ffffffff 00cf9300 DPL=0 DS   [-WA]
GS =0010 0000000000000000 ffffffff 00cf9300 DPL=0 DS   [-WA]
LDT=0000 0000000000000000 0000ffff 00008200 DPL=0 LDT
TR =0040 0000000000299ae0 0000006f 00208900 DPL=0 TSS64-avl
GDT=     0000000000271ce0 0000004f
IDT=     0000000000271d60 00000fff
CR0=80000013 CR2=0000000000000000 CR3=00000000001ba000 CR4=00000620
DR0=0000000000000000 DR1=0000000000000000 DR2=0000000000000000 DR3=0000000000000000 
DR6=00000000ffff0ff0 DR7=0000000000000400
CCS=0000000000000095 CCD=fffffffffd3fa5a5 CCO=EFLAGS
EFER=0000000000000500
Servicing hardware INT=0x20
   567: v=20 e=0000 i=0 cpl=0 IP=0008:0000000000111ff2 pc=0000000000111ff2 SP=0010:00000000001b9e60 env->regs[R_EAX]=00000000003ac4fc
RAX=00000000003ac4fc RBX=00000000cccccccd RCX=000000000000001b RDX=00000000000003f8
RSI=0000000000000000 RDI=00000000fee00000 RBP=00000000001b9ff0 RSP=00000000001b9e60
R8 =0000000000000001 R9 =0000000000000000 R10=00000000002f7000 R11=000000000000005e
R12=0000000000000000 R13=0000000000000001 R14=0000000000000001 R15=0000000000008003
RIP=0000000000111ff2 RFL=00000293 [--S-A-C] CPL=0 II=0 A20=1 SMM=0 HLT=0
ES =0010 0000000000000000 ffffffff 00cf9300 DPL=0 DS   [-WA]
CS =0008 0000000000000000 ffffffff 00af9a00 DPL=0 CS64 [-R-]
SS =0010 0000000000000000 ffffffff 00cf9300 DPL=0 DS   [-WA]
DS =0010 0000000000000000 ffffffff 00cf9300 DPL=0 DS   [-WA]
FS =0010 0000000000000000 ffffffff 00cf9300 DPL=0 DS   [-WA]
GS =0010 0000000000000000 ffffffff 00cf9300 DPL=0 DS   [-WA]
LDT=0000 0000000000000000 0000ffff 00008200 DPL=0 LDT
TR =0040 0000000000299ae0 0000006f 00208900 DPL=0 TSS64-avl
GDT=     0000000000271ce0 0000004f
IDT=     0000000000271d60 00000fff
CR0=80000013 CR2=0000000000000000 CR3=00000000001ba000 CR4=00000620
DR0=0000000000000000 DR1=0000000000000000 DR2=0000000000000000 DR3=0000000000000000 
DR6=00000000ffff0ff0 DR7=0000000000000400
CCS=0000000000000091 CCD=fffffffffd3fd47c CCO=EFLAGS
EFER=0000000000000500
Servicing hardware INT=0x20
   568: v=20 e=0000 i=0 cpl=0 IP=0008:0000000000111ff2 pc=0000000000111ff2 SP=0010:00000000001b9e60 env->regs[R_EAX]=00000000003adf1b
RAX=00000000003adf1b RBX=00000000cccccccd RCX=000000000000001b RDX=00000000000003f8
RSI=0000000000000000 RDI=00000000fee00000 RBP=00000000001b9ff0 RSP=00000000001b9e60
R8 =0000000000000001 R9 =0000000000000000 R10=00000000002f7000 R11=000000000000005e
R12=0000000000000000 R13=0000000000000001 R14=0000000000000001 R15=0000000000008003
RIP=0000000000111ff2 RFL=00000293 [--S-A-C] CPL=0 II=0 A20=1 SMM=0 HLT=0
ES =0010 0000000000000000 ffffffff 00cf9300 DPL=0 DS   [-WA]
CS =0008 0000000000000000 ffffffff 00af9a00 DPL=0 CS64 [-R-]
SS =0010 0000000000000000 ffffffff 00cf9300 DPL=0 DS   [-WA]
DS =0010 0000000000000000 ffffffff 00cf9300 DPL=0 DS   [-WA]
FS =0010 0000000000000000 ffffffff 00cf9300 DPL=0 DS   [-WA]
GS =0010 0000000000000000 ffffffff 00cf9300 DPL=0 DS   [-WA]
LDT=0000 0000000000000000 0000ffff 00008200 DPL=0 LDT
TR =0040 0000000000299ae0 0000006f 00208900 DPL=0 TSS64-avl
GDT=     0000000000271ce0 0000004f
IDT=     0000000000271d60 00000fff
CR0=80000013 CR2=0000000000000000 CR3=00000000001ba000 CR4=00000620
DR0=0000000000000000 DR1=0000000000000000 DR2=0000000000000000 DR3=0000000000000000 
DR6=00000000ffff0ff0 DR7=0000000000000400
CCS=0000000000000091 CCD=fffffffffd3fee9b CCO=EFLAGS
EFER=0000000000000500
Servicing hardware INT=0x20
   569: v=20 e=0000 i=0 cpl=0 IP=0008:0000000000111ff2 pc=0000000000111ff2 SP=0010:00000000001b9e60 env->regs[R_EAX]=00000000003affbf
RAX=00000000003affbf RBX=00000000cccccccd RCX=000000000000001b RDX=00000000000003f8
RSI=0000000000000000 RDI=00000000fee00000 RBP=00000000001b9ff0 RSP=00000000001b9e60
R8 =0000000000000001 R9 =0000000000000000 R10=00000000002f7000 R11=000000000000005e
R12=0000000000000000 R13=0000000000000001 R14=0000000000000001 R15=0000000000008003
RIP=0000000000111ff2 RFL=00000297 [--S-APC] CPL=0 II=0 A20=1 SMM=0 HLT=0
ES =0010 0000000000000000 ffffffff 00cf9300 DPL=0 DS   [-WA]
CS =0008 0000000000000000 ffffffff 00af9a00 DPL=0 CS64 [-R-]
SS =0010 0000000000000000 ffffffff 00cf9300 DPL=0 DS   [-WA]
DS =0010 0000000000000000 ffffffff 00cf9300 DPL=0 DS   [-WA]
FS =0010 0000000000000000 ffffffff 00cf9300 DPL=0 DS   [-WA]
GS =0010 0000000000000000 ffffffff 00cf9300 DPL=0 DS   [-WA]
LDT=0000 0000000000000000 0000ffff 00008200 DPL=0 LDT
TR =0040 0000000000299ae0 0000006f 00208900 DPL=0 TSS64-avl
GDT=     0000000000271ce0 0000004f
IDT=     0000000000271d60 00000fff
CR0=80000013 CR2=0000000000000000 CR3=00000000001ba000 CR4=00000620
DR0=0000000000000000 DR1=0000000000000000 DR2=0000000000000000 DR3=0000000000000000 
DR6=00000000ffff0ff0 DR7=0000000000000400
CCS=0000000000000095 CCD=fffffffffd400f3f CCO=EFLAGS
EFER=0000000000000500
Servicing hardware INT=0x20
   570: v=20 e=0000 i=0 cpl=0 IP=0008:0000000000111ff2 pc=0000000000111ff2 SP=0010:00000000001b9e60 env->regs[R_EAX]=00000000003b115f
RAX=00000000003b115f RBX=00000000cccccccd RCX=000000000000001b RDX=00000000000003f8
RSI=0000000000000000 RDI=00000000fee00000 RBP=00000000001b9ff0 RSP=00000000001b9e60
R8 =0000000000000001 R9 =0000000000000000 R10=00000000002f7000 R11=000000000000005e
R12=0000000000000000 R13=0000000000000001 R14=0000000000000001 R15=0000000000008003
RIP=0000000000111ff2 RFL=00000293 [--S-A-C] CPL=0 II=0 A20=1 SMM=0 HLT=0
ES =0010 0000000000000000 ffffffff 00cf9300 DPL=0 DS   [-WA]
CS =0008 0000000000000000 ffffffff 00af9a00 DPL=0 CS64 [-R-]
SS =0010 0000000000000000 ffffffff 00cf9300 DPL=0 DS   [-WA]
DS =0010 0000000000000000 ffffffff 00cf9300 DPL=0 DS   [-WA]
FS =0010 0000000000000000 ffffffff 00cf9300 DPL=0 DS   [-WA]
GS =0010 0000000000000000 ffffffff 00cf9300 DPL=0 DS   [-WA]
LDT=0000 0000000000000000 0000ffff 00008200 DPL=0 LDT
TR =0040 0000000000299ae0 0000006f 00208900 DPL=0 TSS64-avl
GDT=     0000000000271ce0 0000004f
IDT=     0000000000271d60 00000fff
CR0=80000013 CR2=0000000000000000 CR3=00000000001ba000 CR4=00000620
DR0=0000000000000000 DR1=0000000000000000 DR2=0000000000000000 DR3=0000000000000000 
DR6=00000000ffff0ff0 DR7=0000000000000400
CCS=0000000000000091 CCD=fffffffffd4020df CCO=EFLAGS
EFER=0000000000000500
Servicing hardware INT=0x20
   571: v=20 e=0000 i=0 cpl=0 IP=0008:0000000000111ff2 pc=0000000000111ff2 SP=0010:00000000001b9e60 env->regs[R_EAX]=00000000003b396b
RAX=00000000003b396b RBX=00000000cccccccd RCX=000000000000001b RDX=00000000000003f8
RSI=0000000000000000 RDI=00000000fee00000 RBP=00000000001b9ff0 RSP=00000000001b9e60
R8 =0000000000000001 R9 =0000000000000000 R10=00000000002f7000 R11=000000000000005e
R12=0000000000000000 R13=0000000000000001 R14=0000000000000001 R15=0000000000008003
RIP=0000000000111ff2 RFL=00000297 [--S-APC] CPL=0 II=0 A20=1 SMM=0 HLT=0
ES =0010 0000000000000000 ffffffff 00cf9300 DPL=0 DS   [-WA]
CS =0008 0000000000000000 ffffffff 00af9a00 DPL=0 CS64 [-R-]
SS =0010 0000000000000000 ffffffff 00cf9300 DPL=0 DS   [-WA]
DS =0010 0000000000000000 ffffffff 00cf9300 DPL=0 DS   [-WA]
FS =0010 0000000000000000 ffffffff 00cf9300 DPL=0 DS   [-WA]
GS =0010 0000000000000000 ffffffff 00cf9300 DPL=0 DS   [-WA]
LDT=0000 0000000000000000 0000ffff 00008200 DPL=0 LDT
TR =0040 0000000000299ae0 0000006f 00208900 DPL=0 TSS64-avl
GDT=     0000000000271ce0 0000004f
IDT=     0000000000271d60 00000fff
CR0=80000013 CR2=0000000000000000 CR3=00000000001ba000 CR4=00000620
DR0=0000000000000000 DR1=0000000000000000 DR2=0000000000000000 DR3=0000000000000000 
DR6=00000000ffff0ff0 DR7=0000000000000400
CCS=0000000000000095 CCD=fffffffffd4048eb CCO=EFLAGS
EFER=0000000000000500
Servicing hardware INT=0x20
   572: v=20 e=0000 i=0 cpl=0 IP=0008:0000000000111ff2 pc=0000000000111ff2 SP=0010:00000000001b9e60 env->regs[R_EAX]=00000000003b450a
RAX=00000000003b450a RBX=00000000cccccccd RCX=000000000000001b RDX=00000000000003f8
RSI=0000000000000000 RDI=00000000fee00000 RBP=00000000001b9ff0 RSP=00000000001b9e60
R8 =0000000000000001 R9 =0000000000000000 R10=00000000002f7000 R11=000000000000005e
R12=0000000000000000 R13=0000000000000001 R14=0000000000000001 R15=0000000000008003
RIP=0000000000111ff2 RFL=00000293 [--S-A-C] CPL=0 II=0 A20=1 SMM=0 HLT=0
ES =0010 0000000000000000 ffffffff 00cf9300 DPL=0 DS   [-WA]
CS =0008 0000000000000000 ffffffff 00af9a00 DPL=0 CS64 [-R-]
SS =0010 0000000000000000 ffffffff 00cf9300 DPL=0 DS   [-WA]
DS =0010 0000000000000000 ffffffff 00cf9300 DPL=0 DS   [-WA]
FS =0010 0000000000000000 ffffffff 00cf9300 DPL=0 DS   [-WA]
GS =0010 0000000000000000 ffffffff 00cf9300 DPL=0 DS   [-WA]
LDT=0000 0000000000000000 0000ffff 00008200 DPL=0 LDT
TR =0040 0000000000299ae0 0000006f 00208900 DPL=0 TSS64-avl
GDT=     0000000000271ce0 0000004f
IDT=     0000000000271d60 00000fff
CR0=80000013 CR2=0000000000000000 CR3=00000000001ba000 CR4=00000620
DR0=0000000000000000 DR1=0000000000000000 DR2=0000000000000000 DR3=0000000000000000 
DR6=00000000ffff0ff0 DR7=0000000000000400
CCS=0000000000000091 CCD=fffffffffd40548a CCO=EFLAGS
EFER=0000000000000500
Servicing hardware INT=0x20
   573: v=20 e=0000 i=0 cpl=0 IP=0008:0000000000111ff2 pc=0000000000111ff2 SP=0010:00000000001b9e60 env->regs[R_EAX]=00000000003b75c5
RAX=00000000003b75c5 RBX=00000000cccccccd RCX=000000000000001b RDX=00000000000003f8
RSI=0000000000000000 RDI=00000000fee00000 RBP=00000000001b9ff0 RSP=00000000001b9e60
R8 =0000000000000001 R9 =0000000000000000 R10=00000000002f7000 R11=000000000000005e
R12=0000000000000000 R13=0000000000000001 R14=0000000000000001 R15=0000000000008003
RIP=0000000000111ff2 RFL=00000293 [--S-A-C] CPL=0 II=0 A20=1 SMM=0 HLT=0
ES =0010 0000000000000000 ffffffff 00cf9300 DPL=0 DS   [-WA]
CS =0008 0000000000000000 ffffffff 00af9a00 DPL=0 CS64 [-R-]
SS =0010 0000000000000000 ffffffff 00cf9300 DPL=0 DS   [-WA]
DS =0010 0000000000000000 ffffffff 00cf9300 DPL=0 DS   [-WA]
FS =0010 0000000000000000 ffffffff 00cf9300 DPL=0 DS   [-WA]
GS =0010 0000000000000000 ffffffff 00cf9300 DPL=0 DS   [-WA]
LDT=0000 0000000000000000 0000ffff 00008200 DPL=0 LDT
TR =0040 0000000000299ae0 0000006f 00208900 DPL=0 TSS64-avl
GDT=     0000000000271ce0 0000004f
IDT=     0000000000271d60 00000fff
CR0=80000013 CR2=0000000000000000 CR3=00000000001ba000 CR4=00000620
DR0=0000000000000000 DR1=0000000000000000 DR2=0000000000000000 DR3=0000000000000000 
DR6=00000000ffff0ff0 DR7=0000000000000400
CCS=0000000000000091 CCD=fffffffffd408545 CCO=EFLAGS
EFER=0000000000000500
Servicing hardware INT=0x20
   574: v=20 e=0000 i=0 cpl=0 IP=0008:0000000000111ff2 pc=0000000000111ff2 SP=0010:00000000001b9e60 env->regs[R_EAX]=00000000003b8326
RAX=00000000003b8326 RBX=00000000cccccccd RCX=000000000000001b RDX=00000000000003f8
RSI=0000000000000000 RDI=00000000fee00000 RBP=00000000001b9ff0 RSP=00000000001b9e60
R8 =0000000000000001 R9 =0000000000000000 R10=00000000002f7000 R11=000000000000005e
R12=0000000000000000 R13=0000000000000001 R14=0000000000000001 R15=0000000000008003
RIP=0000000000111ff2 RFL=00000297 [--S-APC] CPL=0 II=0 A20=1 SMM=0 HLT=0
ES =0010 0000000000000000 ffffffff 00cf9300 DPL=0 DS   [-WA]
CS =0008 0000000000000000 ffffffff 00af9a00 DPL=0 CS64 [-R-]
SS =0010 0000000000000000 ffffffff 00cf9300 DPL=0 DS   [-WA]
DS =0010 0000000000000000 ffffffff 00cf9300 DPL=0 DS   [-WA]
FS =0010 0000000000000000 ffffffff 00cf9300 DPL=0 DS   [-WA]
GS =0010 0000000000000000 ffffffff 00cf9300 DPL=0 DS   [-WA]
LDT=0000 0000000000000000 0000ffff 00008200 DPL=0 LDT
TR =0040 0000000000299ae0 0000006f 00208900 DPL=0 TSS64-avl
GDT=     0000000000271ce0 0000004f
IDT=     0000000000271d60 00000fff
CR0=80000013 CR2=0000000000000000 CR3=00000000001ba000 CR4=00000620
DR0=0000000000000000 DR1=0000000000000000 DR2=0000000000000000 DR3=0000000000000000 
DR6=00000000ffff0ff0 DR7=0000000000000400
CCS=0000000000000095 CCD=fffffffffd4092a6 CCO=EFLAGS
EFER=0000000000000500
Servicing hardware INT=0x20
   575: v=20 e=0000 i=0 cpl=0 IP=0008:0000000000111ff2 pc=0000000000111ff2 SP=0010:00000000001b9e60 env->regs[R_EAX]=00000000003bb36f
RAX=00000000003bb36f RBX=00000000cccccccd RCX=000000000000001b RDX=00000000000003f8
RSI=0000000000000000 RDI=00000000fee00000 RBP=00000000001b9ff0 RSP=00000000001b9e60
R8 =0000000000000001 R9 =0000000000000000 R10=00000000002f7000 R11=000000000000005e
R12=0000000000000000 R13=0000000000000001 R14=0000000000000001 R15=0000000000008003
RIP=0000000000111ff2 RFL=00000293 [--S-A-C] CPL=0 II=0 A20=1 SMM=0 HLT=0
ES =0010 0000000000000000 ffffffff 00cf9300 DPL=0 DS   [-WA]
CS =0008 0000000000000000 ffffffff 00af9a00 DPL=0 CS64 [-R-]
SS =0010 0000000000000000 ffffffff 00cf9300 DPL=0 DS   [-WA]
DS =0010 0000000000000000 ffffffff 00cf9300 DPL=0 DS   [-WA]
FS =0010 0000000000000000 ffffffff 00cf9300 DPL=0 DS   [-WA]
GS =0010 0000000000000000 ffffffff 00cf9300 DPL=0 DS   [-WA]
LDT=0000 0000000000000000 0000ffff 00008200 DPL=0 LDT
TR =0040 0000000000299ae0 0000006f 00208900 DPL=0 TSS64-avl
GDT=     0000000000271ce0 0000004f
IDT=     0000000000271d60 00000fff
CR0=80000013 CR2=0000000000000000 CR3=00000000001ba000 CR4=00000620
DR0=0000000000000000 DR1=0000000000000000 DR2=0000000000000000 DR3=0000000000000000 
DR6=00000000ffff0ff0 DR7=0000000000000400
CCS=0000000000000091 CCD=fffffffffd40c2ef CCO=EFLAGS
EFER=0000000000000500
Servicing hardware INT=0x20
   576: v=20 e=0000 i=0 cpl=0 IP=0008:0000000000111ff2 pc=0000000000111ff2 SP=0010:00000000001b9e60 env->regs[R_EAX]=00000000003bbf62
RAX=00000000003bbf62 RBX=00000000cccccccd RCX=000000000000001b RDX=00000000000003f8
RSI=0000000000000000 RDI=00000000fee00000 RBP=00000000001b9ff0 RSP=00000000001b9e60
R8 =0000000000000001 R9 =0000000000000000 R10=00000000002f7000 R11=000000000000005e
R12=0000000000000000 R13=0000000000000001 R14=0000000000000001 R15=0000000000008003
RIP=0000000000111ff2 RFL=00000297 [--S-APC] CPL=0 II=0 A20=1 SMM=0 HLT=0
ES =0010 0000000000000000 ffffffff 00cf9300 DPL=0 DS   [-WA]
CS =0008 0000000000000000 ffffffff 00af9a00 DPL=0 CS64 [-R-]
SS =0010 0000000000000000 ffffffff 00cf9300 DPL=0 DS   [-WA]
DS =0010 0000000000000000 ffffffff 00cf9300 DPL=0 DS   [-WA]
FS =0010 0000000000000000 ffffffff 00cf9300 DPL=0 DS   [-WA]
GS =0010 0000000000000000 ffffffff 00cf9300 DPL=0 DS   [-WA]
LDT=0000 0000000000000000 0000ffff 00008200 DPL=0 LDT
TR =0040 0000000000299ae0 0000006f 00208900 DPL=0 TSS64-avl
GDT=     0000000000271ce0 0000004f
IDT=     0000000000271d60 00000fff
CR0=80000013 CR2=0000000000000000 CR3=00000000001ba000 CR4=00000620
DR0=0000000000000000 DR1=0000000000000000 DR2=0000000000000000 DR3=0000000000000000 
DR6=00000000ffff0ff0 DR7=0000000000000400
CCS=0000000000000095 CCD=fffffffffd40cee2 CCO=EFLAGS
EFER=0000000000000500
Servicing hardware INT=0x20
   577: v=20 e=0000 i=0 cpl=0 IP=0008:0000000000111ff2 pc=0000000000111ff2 SP=0010:00000000001b9e60 env->regs[R_EAX]=00000000003bed86
RAX=00000000003bed86 RBX=00000000cccccccd RCX=000000000000001b RDX=00000000000003f8
RSI=0000000000000000 RDI=00000000fee00000 RBP=00000000001b9ff0 RSP=00000000001b9e60
R8 =0000000000000001 R9 =0000000000000000 R10=00000000002f7000 R11=000000000000005e
R12=0000000000000000 R13=0000000000000001 R14=0000000000000001 R15=0000000000008003
RIP=0000000000111ff2 RFL=00000297 [--S-APC] CPL=0 II=0 A20=1 SMM=0 HLT=0
ES =0010 0000000000000000 ffffffff 00cf9300 DPL=0 DS   [-WA]
CS =0008 0000000000000000 ffffffff 00af9a00 DPL=0 CS64 [-R-]
SS =0010 0000000000000000 ffffffff 00cf9300 DPL=0 DS   [-WA]
DS =0010 0000000000000000 ffffffff 00cf9300 DPL=0 DS   [-WA]
FS =0010 0000000000000000 ffffffff 00cf9300 DPL=0 DS   [-WA]
GS =0010 0000000000000000 ffffffff 00cf9300 DPL=0 DS   [-WA]
LDT=0000 0000000000000000 0000ffff 00008200 DPL=0 LDT
TR =0040 0000000000299ae0 0000006f 00208900 DPL=0 TSS64-avl
GDT=     0000000000271ce0 0000004f
IDT=     0000000000271d60 00000fff
CR0=80000013 CR2=0000000000000000 CR3=00000000001ba000 CR4=00000620
DR0=0000000000000000 DR1=0000000000000000 DR2=0000000000000000 DR3=0000000000000000 
DR6=00000000ffff0ff0 DR7=0000000000000400
CCS=0000000000000095 CCD=fffffffffd40fd06 CCO=EFLAGS
EFER=0000000000000500
Servicing hardware INT=0x20
   578: v=20 e=0000 i=0 cpl=0 IP=0008:0000000000111ff2 pc=0000000000111ff2 SP=0010:00000000001b9e60 env->regs[R_EAX]=00000000003bfb4a
RAX=00000000003bfb4a RBX=00000000cccccccd RCX=000000000000001b RDX=00000000000003f8
RSI=0000000000000000 RDI=00000000fee00000 RBP=00000000001b9ff0 RSP=00000000001b9e60
R8 =0000000000000001 R9 =0000000000000000 R10=00000000002f7000 R11=000000000000005e
R12=0000000000000000 R13=0000000000000001 R14=0000000000000001 R15=0000000000008003
RIP=0000000000111ff2 RFL=00000297 [--S-APC] CPL=0 II=0 A20=1 SMM=0 HLT=0
ES =0010 0000000000000000 ffffffff 00cf9300 DPL=0 DS   [-WA]
CS =0008 0000000000000000 ffffffff 00af9a00 DPL=0 CS64 [-R-]
SS =0010 0000000000000000 ffffffff 00cf9300 DPL=0 DS   [-WA]
DS =0010 0000000000000000 ffffffff 00cf9300 DPL=0 DS   [-WA]
FS =0010 0000000000000000 ffffffff 00cf9300 DPL=0 DS   [-WA]
GS =0010 0000000000000000 ffffffff 00cf9300 DPL=0 DS   [-WA]
LDT=0000 0000000000000000 0000ffff 00008200 DPL=0 LDT
TR =0040 0000000000299ae0 0000006f 00208900 DPL=0 TSS64-avl
GDT=     0000000000271ce0 0000004f
IDT=     0000000000271d60 00000fff
CR0=80000013 CR2=0000000000000000 CR3=00000000001ba000 CR4=00000620
DR0=0000000000000000 DR1=0000000000000000 DR2=0000000000000000 DR3=0000000000000000 
DR6=00000000ffff0ff0 DR7=0000000000000400
CCS=0000000000000095 CCD=fffffffffd410aca CCO=EFLAGS
EFER=0000000000000500
Servicing hardware INT=0x20
   579: v=20 e=0000 i=0 cpl=0 IP=0008:0000000000111ff2 pc=0000000000111ff2 SP=0010:00000000001b9e60 env->regs[R_EAX]=00000000003c2a15
RAX=00000000003c2a15 RBX=00000000cccccccd RCX=000000000000001b RDX=00000000000003f8
RSI=0000000000000000 RDI=00000000fee00000 RBP=00000000001b9ff0 RSP=00000000001b9e60
R8 =0000000000000001 R9 =0000000000000000 R10=00000000002f7000 R11=000000000000005e
R12=0000000000000000 R13=0000000000000001 R14=0000000000000001 R15=0000000000008003
RIP=0000000000111ff2 RFL=00000297 [--S-APC] CPL=0 II=0 A20=1 SMM=0 HLT=0
ES =0010 0000000000000000 ffffffff 00cf9300 DPL=0 DS   [-WA]
CS =0008 0000000000000000 ffffffff 00af9a00 DPL=0 CS64 [-R-]
SS =0010 0000000000000000 ffffffff 00cf9300 DPL=0 DS   [-WA]
DS =0010 0000000000000000 ffffffff 00cf9300 DPL=0 DS   [-WA]
FS =0010 0000000000000000 ffffffff 00cf9300 DPL=0 DS   [-WA]
GS =0010 0000000000000000 ffffffff 00cf9300 DPL=0 DS   [-WA]
LDT=0000 0000000000000000 0000ffff 00008200 DPL=0 LDT
TR =0040 0000000000299ae0 0000006f 00208900 DPL=0 TSS64-avl
GDT=     0000000000271ce0 0000004f
IDT=     0000000000271d60 00000fff
CR0=80000013 CR2=0000000000000000 CR3=00000000001ba000 CR4=00000620
DR0=0000000000000000 DR1=0000000000000000 DR2=0000000000000000 DR3=0000000000000000 
DR6=00000000ffff0ff0 DR7=0000000000000400
CCS=0000000000000095 CCD=fffffffffd413995 CCO=EFLAGS
EFER=0000000000000500
Servicing hardware INT=0x20
   580: v=20 e=0000 i=0 cpl=0 IP=0008:0000000000111ff2 pc=0000000000111ff2 SP=0010:00000000001b9e60 env->regs[R_EAX]=00000000003c3710
RAX=00000000003c3710 RBX=00000000cccccccd RCX=000000000000001b RDX=00000000000003f8
RSI=0000000000000000 RDI=00000000fee00000 RBP=00000000001b9ff0 RSP=00000000001b9e60
R8 =0000000000000001 R9 =0000000000000000 R10=00000000002f7000 R11=000000000000005e
R12=0000000000000000 R13=0000000000000001 R14=0000000000000001 R15=0000000000008003
RIP=0000000000111ff2 RFL=00000287 [--S--PC] CPL=0 II=0 A20=1 SMM=0 HLT=0
ES =0010 0000000000000000 ffffffff 00cf9300 DPL=0 DS   [-WA]
CS =0008 0000000000000000 ffffffff 00af9a00 DPL=0 CS64 [-R-]
SS =0010 0000000000000000 ffffffff 00cf9300 DPL=0 DS   [-WA]
DS =0010 0000000000000000 ffffffff 00cf9300 DPL=0 DS   [-WA]
FS =0010 0000000000000000 ffffffff 00cf9300 DPL=0 DS   [-WA]
GS =0010 0000000000000000 ffffffff 00cf9300 DPL=0 DS   [-WA]
LDT=0000 0000000000000000 0000ffff 00008200 DPL=0 LDT
TR =0040 0000000000299ae0 0000006f 00208900 DPL=0 TSS64-avl
GDT=     0000000000271ce0 0000004f
IDT=     0000000000271d60 00000fff
CR0=80000013 CR2=0000000000000000 CR3=00000000001ba000 CR4=00000620
DR0=0000000000000000 DR1=0000000000000000 DR2=0000000000000000 DR3=0000000000000000 
DR6=00000000ffff0ff0 DR7=0000000000000400
CCS=0000000000000085 CCD=fffffffffd414690 CCO=EFLAGS
EFER=0000000000000500
Servicing hardware INT=0x20
   581: v=20 e=0000 i=0 cpl=0 IP=0008:0000000000111ff2 pc=0000000000111ff2 SP=0010:00000000001b9e60 env->regs[R_EAX]=00000000003c667b
RAX=00000000003c667b RBX=00000000cccccccd RCX=000000000000001b RDX=00000000000003f8
RSI=0000000000000000 RDI=00000000fee00000 RBP=00000000001b9ff0 RSP=00000000001b9e60
R8 =0000000000000001 R9 =0000000000000000 R10=00000000002f7000 R11=000000000000005e
R12=0000000000000000 R13=0000000000000001 R14=0000000000000001 R15=0000000000008003
RIP=0000000000111ff2 RFL=00000293 [--S-A-C] CPL=0 II=0 A20=1 SMM=0 HLT=0
ES =0010 0000000000000000 ffffffff 00cf9300 DPL=0 DS   [-WA]
CS =0008 0000000000000000 ffffffff 00af9a00 DPL=0 CS64 [-R-]
SS =0010 0000000000000000 ffffffff 00cf9300 DPL=0 DS   [-WA]
DS =0010 0000000000000000 ffffffff 00cf9300 DPL=0 DS   [-WA]
FS =0010 0000000000000000 ffffffff 00cf9300 DPL=0 DS   [-WA]
GS =0010 0000000000000000 ffffffff 00cf9300 DPL=0 DS   [-WA]
LDT=0000 0000000000000000 0000ffff 00008200 DPL=0 LDT
TR =0040 0000000000299ae0 0000006f 00208900 DPL=0 TSS64-avl
GDT=     0000000000271ce0 0000004f
IDT=     0000000000271d60 00000fff
CR0=80000013 CR2=0000000000000000 CR3=00000000001ba000 CR4=00000620
DR0=0000000000000000 DR1=0000000000000000 DR2=0000000000000000 DR3=0000000000000000 
DR6=00000000ffff0ff0 DR7=0000000000000400
CCS=0000000000000091 CCD=fffffffffd4175fb CCO=EFLAGS
EFER=0000000000000500
Servicing hardware INT=0x20
   582: v=20 e=0000 i=0 cpl=0 IP=0008:0000000000111ff2 pc=0000000000111ff2 SP=0010:00000000001b9e60 env->regs[R_EAX]=00000000003c72c4
RAX=00000000003c72c4 RBX=00000000cccccccd RCX=000000000000001b RDX=00000000000003f8
RSI=0000000000000000 RDI=00000000fee00000 RBP=00000000001b9ff0 RSP=00000000001b9e60
R8 =0000000000000001 R9 =0000000000000000 R10=00000000002f7000 R11=000000000000005e
R12=0000000000000000 R13=0000000000000001 R14=0000000000000001 R15=0000000000008003
RIP=0000000000111ff2 RFL=00000297 [--S-APC] CPL=0 II=0 A20=1 SMM=0 HLT=0
ES =0010 0000000000000000 ffffffff 00cf9300 DPL=0 DS   [-WA]
CS =0008 0000000000000000 ffffffff 00af9a00 DPL=0 CS64 [-R-]
SS =0010 0000000000000000 ffffffff 00cf9300 DPL=0 DS   [-WA]
DS =0010 0000000000000000 ffffffff 00cf9300 DPL=0 DS   [-WA]
FS =0010 0000000000000000 ffffffff 00cf9300 DPL=0 DS   [-WA]
GS =0010 0000000000000000 ffffffff 00cf9300 DPL=0 DS   [-WA]
LDT=0000 0000000000000000 0000ffff 00008200 DPL=0 LDT
TR =0040 0000000000299ae0 0000006f 00208900 DPL=0 TSS64-avl
GDT=     0000000000271ce0 0000004f
IDT=     0000000000271d60 00000fff
CR0=80000013 CR2=0000000000000000 CR3=00000000001ba000 CR4=00000620
DR0=0000000000000000 DR1=0000000000000000 DR2=0000000000000000 DR3=0000000000000000 
DR6=00000000ffff0ff0 DR7=0000000000000400
CCS=0000000000000095 CCD=fffffffffd418244 CCO=EFLAGS
EFER=0000000000000500
Servicing hardware INT=0x20
   583: v=20 e=0000 i=0 cpl=0 IP=0008:0000000000111ff2 pc=0000000000111ff2 SP=0010:00000000001b9e60 env->regs[R_EAX]=00000000003ca08a
RAX=00000000003ca08a RBX=00000000cccccccd RCX=000000000000001b RDX=00000000000003f8
RSI=0000000000000000 RDI=00000000fee00000 RBP=00000000001b9ff0 RSP=00000000001b9e60
R8 =0000000000000001 R9 =0000000000000000 R10=00000000002f7000 R11=000000000000005e
R12=0000000000000000 R13=0000000000000001 R14=0000000000000001 R15=0000000000008003
RIP=0000000000111ff2 RFL=00000297 [--S-APC] CPL=0 II=0 A20=1 SMM=0 HLT=0
ES =0010 0000000000000000 ffffffff 00cf9300 DPL=0 DS   [-WA]
CS =0008 0000000000000000 ffffffff 00af9a00 DPL=0 CS64 [-R-]
SS =0010 0000000000000000 ffffffff 00cf9300 DPL=0 DS   [-WA]
DS =0010 0000000000000000 ffffffff 00cf9300 DPL=0 DS   [-WA]
FS =0010 0000000000000000 ffffffff 00cf9300 DPL=0 DS   [-WA]
GS =0010 0000000000000000 ffffffff 00cf9300 DPL=0 DS   [-WA]
LDT=0000 0000000000000000 0000ffff 00008200 DPL=0 LDT
TR =0040 0000000000299ae0 0000006f 00208900 DPL=0 TSS64-avl
GDT=     0000000000271ce0 0000004f
IDT=     0000000000271d60 00000fff
CR0=80000013 CR2=0000000000000000 CR3=00000000001ba000 CR4=00000620
DR0=0000000000000000 DR1=0000000000000000 DR2=0000000000000000 DR3=0000000000000000 
DR6=00000000ffff0ff0 DR7=0000000000000400
CCS=0000000000000095 CCD=fffffffffd41b00a CCO=EFLAGS
EFER=0000000000000500
Servicing hardware INT=0x20
   584: v=20 e=0000 i=0 cpl=0 IP=0008:0000000000111ff2 pc=0000000000111ff2 SP=0010:00000000001b9e60 env->regs[R_EAX]=00000000003cac84
RAX=00000000003cac84 RBX=00000000cccccccd RCX=000000000000001b RDX=00000000000003f8
RSI=0000000000000000 RDI=00000000fee00000 RBP=00000000001b9ff0 RSP=00000000001b9e60
R8 =0000000000000001 R9 =0000000000000000 R10=00000000002f7000 R11=000000000000005e
R12=0000000000000000 R13=0000000000000001 R14=0000000000000001 R15=0000000000008003
RIP=0000000000111ff2 RFL=00000293 [--S-A-C] CPL=0 II=0 A20=1 SMM=0 HLT=0
ES =0010 0000000000000000 ffffffff 00cf9300 DPL=0 DS   [-WA]
CS =0008 0000000000000000 ffffffff 00af9a00 DPL=0 CS64 [-R-]
SS =0010 0000000000000000 ffffffff 00cf9300 DPL=0 DS   [-WA]
DS =0010 0000000000000000 ffffffff 00cf9300 DPL=0 DS   [-WA]
FS =0010 0000000000000000 ffffffff 00cf9300 DPL=0 DS   [-WA]
GS =0010 0000000000000000 ffffffff 00cf9300 DPL=0 DS   [-WA]
LDT=0000 0000000000000000 0000ffff 00008200 DPL=0 LDT
TR =0040 0000000000299ae0 0000006f 00208900 DPL=0 TSS64-avl
GDT=     0000000000271ce0 0000004f
IDT=     0000000000271d60 00000fff
CR0=80000013 CR2=0000000000000000 CR3=00000000001ba000 CR4=00000620
DR0=0000000000000000 DR1=0000000000000000 DR2=0000000000000000 DR3=0000000000000000 
DR6=00000000ffff0ff0 DR7=0000000000000400
CCS=0000000000000091 CCD=fffffffffd41bc04 CCO=EFLAGS
EFER=0000000000000500
Servicing hardware INT=0x20
   585: v=20 e=0000 i=0 cpl=0 IP=0008:0000000000111ff2 pc=0000000000111ff2 SP=0010:00000000001b9e60 env->regs[R_EAX]=00000000003cdce4
RAX=00000000003cdce4 RBX=00000000cccccccd RCX=000000000000001b RDX=00000000000003f8
RSI=0000000000000000 RDI=00000000fee00000 RBP=00000000001b9ff0 RSP=00000000001b9e60
R8 =0000000000000001 R9 =0000000000000000 R10=00000000002f7000 R11=000000000000005e
R12=0000000000000000 R13=0000000000000001 R14=0000000000000001 R15=0000000000008003
RIP=0000000000111ff2 RFL=00000293 [--S-A-C] CPL=0 II=0 A20=1 SMM=0 HLT=0
ES =0010 0000000000000000 ffffffff 00cf9300 DPL=0 DS   [-WA]
CS =0008 0000000000000000 ffffffff 00af9a00 DPL=0 CS64 [-R-]
SS =0010 0000000000000000 ffffffff 00cf9300 DPL=0 DS   [-WA]
DS =0010 0000000000000000 ffffffff 00cf9300 DPL=0 DS   [-WA]
FS =0010 0000000000000000 ffffffff 00cf9300 DPL=0 DS   [-WA]
GS =0010 0000000000000000 ffffffff 00cf9300 DPL=0 DS   [-WA]
LDT=0000 0000000000000000 0000ffff 00008200 DPL=0 LDT
TR =0040 0000000000299ae0 0000006f 00208900 DPL=0 TSS64-avl
GDT=     0000000000271ce0 0000004f
IDT=     0000000000271d60 00000fff
CR0=80000013 CR2=0000000000000000 CR3=00000000001ba000 CR4=00000620
DR0=0000000000000000 DR1=0000000000000000 DR2=0000000000000000 DR3=0000000000000000 
DR6=00000000ffff0ff0 DR7=0000000000000400
CCS=0000000000000091 CCD=fffffffffd41ec64 CCO=EFLAGS
EFER=0000000000000500
Servicing hardware INT=0x20
   586: v=20 e=0000 i=0 cpl=0 IP=0008:0000000000111ff2 pc=0000000000111ff2 SP=0010:00000000001b9e60 env->regs[R_EAX]=00000000003ce97a
RAX=00000000003ce97a RBX=00000000cccccccd RCX=000000000000001b RDX=00000000000003f8
RSI=0000000000000000 RDI=00000000fee00000 RBP=00000000001b9ff0 RSP=00000000001b9e60
R8 =0000000000000001 R9 =0000000000000000 R10=00000000002f7000 R11=000000000000005e
R12=0000000000000000 R13=0000000000000001 R14=0000000000000001 R15=0000000000008003
RIP=0000000000111ff2 RFL=00000297 [--S-APC] CPL=0 II=0 A20=1 SMM=0 HLT=0
ES =0010 0000000000000000 ffffffff 00cf9300 DPL=0 DS   [-WA]
CS =0008 0000000000000000 ffffffff 00af9a00 DPL=0 CS64 [-R-]
SS =0010 0000000000000000 ffffffff 00cf9300 DPL=0 DS   [-WA]
DS =0010 0000000000000000 ffffffff 00cf9300 DPL=0 DS   [-WA]
FS =0010 0000000000000000 ffffffff 00cf9300 DPL=0 DS   [-WA]
GS =0010 0000000000000000 ffffffff 00cf9300 DPL=0 DS   [-WA]
LDT=0000 0000000000000000 0000ffff 00008200 DPL=0 LDT
TR =0040 0000000000299ae0 0000006f 00208900 DPL=0 TSS64-avl
GDT=     0000000000271ce0 0000004f
IDT=     0000000000271d60 00000fff
CR0=80000013 CR2=0000000000000000 CR3=00000000001ba000 CR4=00000620
DR0=0000000000000000 DR1=0000000000000000 DR2=0000000000000000 DR3=0000000000000000 
DR6=00000000ffff0ff0 DR7=0000000000000400
CCS=0000000000000095 CCD=fffffffffd41f8fa CCO=EFLAGS
EFER=0000000000000500
Servicing hardware INT=0x20
   587: v=20 e=0000 i=0 cpl=0 IP=0008:0000000000111ff2 pc=0000000000111ff2 SP=0010:00000000001b9e60 env->regs[R_EAX]=00000000003d19b3
RAX=00000000003d19b3 RBX=00000000cccccccd RCX=000000000000001b RDX=00000000000003f8
RSI=0000000000000000 RDI=00000000fee00000 RBP=00000000001b9ff0 RSP=00000000001b9e60
R8 =0000000000000001 R9 =0000000000000000 R10=00000000002f7000 R11=000000000000005e
R12=0000000000000000 R13=0000000000000001 R14=0000000000000001 R15=0000000000008003
RIP=0000000000111ff2 RFL=00000297 [--S-APC] CPL=0 II=0 A20=1 SMM=0 HLT=0
ES =0010 0000000000000000 ffffffff 00cf9300 DPL=0 DS   [-WA]
CS =0008 0000000000000000 ffffffff 00af9a00 DPL=0 CS64 [-R-]
SS =0010 0000000000000000 ffffffff 00cf9300 DPL=0 DS   [-WA]
DS =0010 0000000000000000 ffffffff 00cf9300 DPL=0 DS   [-WA]
FS =0010 0000000000000000 ffffffff 00cf9300 DPL=0 DS   [-WA]
GS =0010 0000000000000000 ffffffff 00cf9300 DPL=0 DS   [-WA]
LDT=0000 0000000000000000 0000ffff 00008200 DPL=0 LDT
TR =0040 0000000000299ae0 0000006f 00208900 DPL=0 TSS64-avl
GDT=     0000000000271ce0 0000004f
IDT=     0000000000271d60 00000fff
CR0=80000013 CR2=0000000000000000 CR3=00000000001ba000 CR4=00000620
DR0=0000000000000000 DR1=0000000000000000 DR2=0000000000000000 DR3=0000000000000000 
DR6=00000000ffff0ff0 DR7=0000000000000400
CCS=0000000000000095 CCD=fffffffffd422933 CCO=EFLAGS
EFER=0000000000000500
Servicing hardware INT=0x20
   588: v=20 e=0000 i=0 cpl=0 IP=0008:0000000000111ff2 pc=0000000000111ff2 SP=0010:00000000001b9e60 env->regs[R_EAX]=00000000003d26b6
RAX=00000000003d26b6 RBX=00000000cccccccd RCX=000000000000001b RDX=00000000000003f8
RSI=0000000000000000 RDI=00000000fee00000 RBP=00000000001b9ff0 RSP=00000000001b9e60
R8 =0000000000000001 R9 =0000000000000000 R10=00000000002f7000 R11=000000000000005e
R12=0000000000000000 R13=0000000000000001 R14=0000000000000001 R15=0000000000008003
RIP=0000000000111ff2 RFL=00000297 [--S-APC] CPL=0 II=0 A20=1 SMM=0 HLT=0
ES =0010 0000000000000000 ffffffff 00cf9300 DPL=0 DS   [-WA]
CS =0008 0000000000000000 ffffffff 00af9a00 DPL=0 CS64 [-R-]
SS =0010 0000000000000000 ffffffff 00cf9300 DPL=0 DS   [-WA]
DS =0010 0000000000000000 ffffffff 00cf9300 DPL=0 DS   [-WA]
FS =0010 0000000000000000 ffffffff 00cf9300 DPL=0 DS   [-WA]
GS =0010 0000000000000000 ffffffff 00cf9300 DPL=0 DS   [-WA]
LDT=0000 0000000000000000 0000ffff 00008200 DPL=0 LDT
TR =0040 0000000000299ae0 0000006f 00208900 DPL=0 TSS64-avl
GDT=     0000000000271ce0 0000004f
IDT=     0000000000271d60 00000fff
CR0=80000013 CR2=0000000000000000 CR3=00000000001ba000 CR4=00000620
DR0=0000000000000000 DR1=0000000000000000 DR2=0000000000000000 DR3=0000000000000000 
DR6=00000000ffff0ff0 DR7=0000000000000400
CCS=0000000000000095 CCD=fffffffffd423636 CCO=EFLAGS
EFER=0000000000000500
Servicing hardware INT=0x20
   589: v=20 e=0000 i=0 cpl=0 IP=0008:0000000000111ff2 pc=0000000000111ff2 SP=0010:00000000001b9e60 env->regs[R_EAX]=00000000003d5770
RAX=00000000003d5770 RBX=00000000cccccccd RCX=000000000000001b RDX=00000000000003f8
RSI=0000000000000000 RDI=00000000fee00000 RBP=00000000001b9ff0 RSP=00000000001b9e60
R8 =0000000000000001 R9 =0000000000000000 R10=00000000002f7000 R11=000000000000005e
R12=0000000000000000 R13=0000000000000001 R14=0000000000000001 R15=0000000000008003
RIP=0000000000111ff2 RFL=00000287 [--S--PC] CPL=0 II=0 A20=1 SMM=0 HLT=0
ES =0010 0000000000000000 ffffffff 00cf9300 DPL=0 DS   [-WA]
CS =0008 0000000000000000 ffffffff 00af9a00 DPL=0 CS64 [-R-]
SS =0010 0000000000000000 ffffffff 00cf9300 DPL=0 DS   [-WA]
DS =0010 0000000000000000 ffffffff 00cf9300 DPL=0 DS   [-WA]
FS =0010 0000000000000000 ffffffff 00cf9300 DPL=0 DS   [-WA]
GS =0010 0000000000000000 ffffffff 00cf9300 DPL=0 DS   [-WA]
LDT=0000 0000000000000000 0000ffff 00008200 DPL=0 LDT
TR =0040 0000000000299ae0 0000006f 00208900 DPL=0 TSS64-avl
GDT=     0000000000271ce0 0000004f
IDT=     0000000000271d60 00000fff
CR0=80000013 CR2=0000000000000000 CR3=00000000001ba000 CR4=00000620
DR0=0000000000000000 DR1=0000000000000000 DR2=0000000000000000 DR3=0000000000000000 
DR6=00000000ffff0ff0 DR7=0000000000000400
CCS=0000000000000085 CCD=fffffffffd4266f0 CCO=EFLAGS
EFER=0000000000000500
Servicing hardware INT=0x20
   590: v=20 e=0000 i=0 cpl=0 IP=0008:0000000000111ff2 pc=0000000000111ff2 SP=0010:00000000001b9e60 env->regs[R_EAX]=00000000003d6541
RAX=00000000003d6541 RBX=00000000cccccccd RCX=000000000000001b RDX=00000000000003f8
RSI=0000000000000000 RDI=00000000fee00000 RBP=00000000001b9ff0 RSP=00000000001b9e60
R8 =0000000000000001 R9 =0000000000000000 R10=00000000002f7000 R11=000000000000005e
R12=0000000000000000 R13=0000000000000001 R14=0000000000000001 R15=0000000000008003
RIP=0000000000111ff2 RFL=00000293 [--S-A-C] CPL=0 II=0 A20=1 SMM=0 HLT=0
ES =0010 0000000000000000 ffffffff 00cf9300 DPL=0 DS   [-WA]
CS =0008 0000000000000000 ffffffff 00af9a00 DPL=0 CS64 [-R-]
SS =0010 0000000000000000 ffffffff 00cf9300 DPL=0 DS   [-WA]
DS =0010 0000000000000000 ffffffff 00cf9300 DPL=0 DS   [-WA]
FS =0010 0000000000000000 ffffffff 00cf9300 DPL=0 DS   [-WA]
GS =0010 0000000000000000 ffffffff 00cf9300 DPL=0 DS   [-WA]
LDT=0000 0000000000000000 0000ffff 00008200 DPL=0 LDT
TR =0040 0000000000299ae0 0000006f 00208900 DPL=0 TSS64-avl
GDT=     0000000000271ce0 0000004f
IDT=     0000000000271d60 00000fff
CR0=80000013 CR2=0000000000000000 CR3=00000000001ba000 CR4=00000620
DR0=0000000000000000 DR1=0000000000000000 DR2=0000000000000000 DR3=0000000000000000 
DR6=00000000ffff0ff0 DR7=0000000000000400
CCS=0000000000000091 CCD=fffffffffd4274c1 CCO=EFLAGS
EFER=0000000000000500
Servicing hardware INT=0x20
   591: v=20 e=0000 i=0 cpl=0 IP=0008:0000000000111ff2 pc=0000000000111ff2 SP=0010:00000000001b9e60 env->regs[R_EAX]=00000000003d94e7
RAX=00000000003d94e7 RBX=00000000cccccccd RCX=000000000000001b RDX=00000000000003f8
RSI=0000000000000000 RDI=00000000fee00000 RBP=00000000001b9ff0 RSP=00000000001b9e60
R8 =0000000000000001 R9 =0000000000000000 R10=00000000002f7000 R11=000000000000005e
R12=0000000000000000 R13=0000000000000001 R14=0000000000000001 R15=0000000000008003
RIP=0000000000111ff2 RFL=00000293 [--S-A-C] CPL=0 II=0 A20=1 SMM=0 HLT=0
ES =0010 0000000000000000 ffffffff 00cf9300 DPL=0 DS   [-WA]
CS =0008 0000000000000000 ffffffff 00af9a00 DPL=0 CS64 [-R-]
SS =0010 0000000000000000 ffffffff 00cf9300 DPL=0 DS   [-WA]
DS =0010 0000000000000000 ffffffff 00cf9300 DPL=0 DS   [-WA]
FS =0010 0000000000000000 ffffffff 00cf9300 DPL=0 DS   [-WA]
GS =0010 0000000000000000 ffffffff 00cf9300 DPL=0 DS   [-WA]
LDT=0000 0000000000000000 0000ffff 00008200 DPL=0 LDT
TR =0040 0000000000299ae0 0000006f 00208900 DPL=0 TSS64-avl
GDT=     0000000000271ce0 0000004f
IDT=     0000000000271d60 00000fff
CR0=80000013 CR2=0000000000000000 CR3=00000000001ba000 CR4=00000620
DR0=0000000000000000 DR1=0000000000000000 DR2=0000000000000000 DR3=0000000000000000 
DR6=00000000ffff0ff0 DR7=0000000000000400
CCS=0000000000000091 CCD=fffffffffd42a467 CCO=EFLAGS
EFER=0000000000000500
Servicing hardware INT=0x20
   592: v=20 e=0000 i=0 cpl=0 IP=0008:0000000000111ff2 pc=0000000000111ff2 SP=0010:00000000001b9e60 env->regs[R_EAX]=00000000003da2b6
RAX=00000000003da2b6 RBX=00000000cccccccd RCX=000000000000001b RDX=00000000000003f8
RSI=0000000000000000 RDI=00000000fee00000 RBP=00000000001b9ff0 RSP=00000000001b9e60
R8 =0000000000000001 R9 =0000000000000000 R10=00000000002f7000 R11=000000000000005e
R12=0000000000000000 R13=0000000000000001 R14=0000000000000001 R15=0000000000008003
RIP=0000000000111ff2 RFL=00000297 [--S-APC] CPL=0 II=0 A20=1 SMM=0 HLT=0
ES =0010 0000000000000000 ffffffff 00cf9300 DPL=0 DS   [-WA]
CS =0008 0000000000000000 ffffffff 00af9a00 DPL=0 CS64 [-R-]
SS =0010 0000000000000000 ffffffff 00cf9300 DPL=0 DS   [-WA]
DS =0010 0000000000000000 ffffffff 00cf9300 DPL=0 DS   [-WA]
FS =0010 0000000000000000 ffffffff 00cf9300 DPL=0 DS   [-WA]
GS =0010 0000000000000000 ffffffff 00cf9300 DPL=0 DS   [-WA]
LDT=0000 0000000000000000 0000ffff 00008200 DPL=0 LDT
TR =0040 0000000000299ae0 0000006f 00208900 DPL=0 TSS64-avl
GDT=     0000000000271ce0 0000004f
IDT=     0000000000271d60 00000fff
CR0=80000013 CR2=0000000000000000 CR3=00000000001ba000 CR4=00000620
DR0=0000000000000000 DR1=0000000000000000 DR2=0000000000000000 DR3=0000000000000000 
DR6=00000000ffff0ff0 DR7=0000000000000400
CCS=0000000000000095 CCD=fffffffffd42b236 CCO=EFLAGS
EFER=0000000000000500
Servicing hardware INT=0x20
   593: v=20 e=0000 i=0 cpl=0 IP=0008:0000000000111ff2 pc=0000000000111ff2 SP=0010:00000000001b9e60 env->regs[R_EAX]=00000000003dd9d1
RAX=00000000003dd9d1 RBX=00000000cccccccd RCX=000000000000001b RDX=00000000000003f8
RSI=0000000000000000 RDI=00000000fee00000 RBP=00000000001b9ff0 RSP=00000000001b9e60
R8 =0000000000000001 R9 =0000000000000000 R10=00000000002f7000 R11=000000000000005e
R12=0000000000000000 R13=0000000000000001 R14=0000000000000001 R15=0000000000008003
RIP=0000000000111ff2 RFL=00000293 [--S-A-C] CPL=0 II=0 A20=1 SMM=0 HLT=0
ES =0010 0000000000000000 ffffffff 00cf9300 DPL=0 DS   [-WA]
CS =0008 0000000000000000 ffffffff 00af9a00 DPL=0 CS64 [-R-]
SS =0010 0000000000000000 ffffffff 00cf9300 DPL=0 DS   [-WA]
DS =0010 0000000000000000 ffffffff 00cf9300 DPL=0 DS   [-WA]
FS =0010 0000000000000000 ffffffff 00cf9300 DPL=0 DS   [-WA]
GS =0010 0000000000000000 ffffffff 00cf9300 DPL=0 DS   [-WA]
LDT=0000 0000000000000000 0000ffff 00008200 DPL=0 LDT
TR =0040 0000000000299ae0 0000006f 00208900 DPL=0 TSS64-avl
GDT=     0000000000271ce0 0000004f
IDT=     0000000000271d60 00000fff
CR0=80000013 CR2=0000000000000000 CR3=00000000001ba000 CR4=00000620
DR0=0000000000000000 DR1=0000000000000000 DR2=0000000000000000 DR3=0000000000000000 
DR6=00000000ffff0ff0 DR7=0000000000000400
CCS=0000000000000091 CCD=fffffffffd42e951 CCO=EFLAGS
EFER=0000000000000500
Servicing hardware INT=0x20
   594: v=20 e=0000 i=0 cpl=0 IP=0008:0000000000111ff2 pc=0000000000111ff2 SP=0010:00000000001b9e60 env->regs[R_EAX]=00000000003dde07
RAX=00000000003dde07 RBX=00000000cccccccd RCX=000000000000001b RDX=00000000000003f8
RSI=0000000000000000 RDI=00000000fee00000 RBP=00000000001b9ff0 RSP=00000000001b9e60
R8 =0000000000000001 R9 =0000000000000000 R10=00000000002f7000 R11=000000000000005e
R12=0000000000000000 R13=0000000000000001 R14=0000000000000001 R15=0000000000008003
RIP=0000000000111ff2 RFL=00000297 [--S-APC] CPL=0 II=0 A20=1 SMM=0 HLT=0
ES =0010 0000000000000000 ffffffff 00cf9300 DPL=0 DS   [-WA]
CS =0008 0000000000000000 ffffffff 00af9a00 DPL=0 CS64 [-R-]
SS =0010 0000000000000000 ffffffff 00cf9300 DPL=0 DS   [-WA]
DS =0010 0000000000000000 ffffffff 00cf9300 DPL=0 DS   [-WA]
FS =0010 0000000000000000 ffffffff 00cf9300 DPL=0 DS   [-WA]
GS =0010 0000000000000000 ffffffff 00cf9300 DPL=0 DS   [-WA]
LDT=0000 0000000000000000 0000ffff 00008200 DPL=0 LDT
TR =0040 0000000000299ae0 0000006f 00208900 DPL=0 TSS64-avl
GDT=     0000000000271ce0 0000004f
IDT=     0000000000271d60 00000fff
CR0=80000013 CR2=0000000000000000 CR3=00000000001ba000 CR4=00000620
DR0=0000000000000000 DR1=0000000000000000 DR2=0000000000000000 DR3=0000000000000000 
DR6=00000000ffff0ff0 DR7=0000000000000400
CCS=0000000000000095 CCD=fffffffffd42ed87 CCO=EFLAGS
EFER=0000000000000500
Servicing hardware INT=0x20
   595: v=20 e=0000 i=0 cpl=0 IP=0008:0000000000111ff2 pc=0000000000111ff2 SP=0010:00000000001b9e60 env->regs[R_EAX]=00000000003e173d
RAX=00000000003e173d RBX=00000000cccccccd RCX=000000000000001b RDX=00000000000003f8
RSI=0000000000000000 RDI=00000000fee00000 RBP=00000000001b9ff0 RSP=00000000001b9e60
R8 =0000000000000001 R9 =0000000000000000 R10=00000000002f7000 R11=000000000000005e
R12=0000000000000000 R13=0000000000000001 R14=0000000000000001 R15=0000000000008003
RIP=0000000000111ff2 RFL=00000297 [--S-APC] CPL=0 II=0 A20=1 SMM=0 HLT=0
ES =0010 0000000000000000 ffffffff 00cf9300 DPL=0 DS   [-WA]
CS =0008 0000000000000000 ffffffff 00af9a00 DPL=0 CS64 [-R-]
SS =0010 0000000000000000 ffffffff 00cf9300 DPL=0 DS   [-WA]
DS =0010 0000000000000000 ffffffff 00cf9300 DPL=0 DS   [-WA]
FS =0010 0000000000000000 ffffffff 00cf9300 DPL=0 DS   [-WA]
GS =0010 0000000000000000 ffffffff 00cf9300 DPL=0 DS   [-WA]
LDT=0000 0000000000000000 0000ffff 00008200 DPL=0 LDT
TR =0040 0000000000299ae0 0000006f 00208900 DPL=0 TSS64-avl
GDT=     0000000000271ce0 0000004f
IDT=     0000000000271d60 00000fff
CR0=80000013 CR2=0000000000000000 CR3=00000000001ba000 CR4=00000620
DR0=0000000000000000 DR1=0000000000000000 DR2=0000000000000000 DR3=0000000000000000 
DR6=00000000ffff0ff0 DR7=0000000000000400
CCS=0000000000000095 CCD=fffffffffd4326bd CCO=EFLAGS
EFER=0000000000000500
Servicing hardware INT=0x20
   596: v=20 e=0000 i=0 cpl=0 IP=0008:0000000000111ff2 pc=0000000000111ff2 SP=0010:00000000001b9e60 env->regs[R_EAX]=00000000003e18a9
RAX=00000000003e18a9 RBX=00000000cccccccd RCX=000000000000001b RDX=00000000000003f8
RSI=0000000000000000 RDI=00000000fee00000 RBP=00000000001b9ff0 RSP=00000000001b9e60
R8 =0000000000000001 R9 =0000000000000000 R10=00000000002f7000 R11=000000000000005e
R12=0000000000000000 R13=0000000000000001 R14=0000000000000001 R15=0000000000008003
RIP=0000000000111ff2 RFL=00000293 [--S-A-C] CPL=0 II=0 A20=1 SMM=0 HLT=0
ES =0010 0000000000000000 ffffffff 00cf9300 DPL=0 DS   [-WA]
CS =0008 0000000000000000 ffffffff 00af9a00 DPL=0 CS64 [-R-]
SS =0010 0000000000000000 ffffffff 00cf9300 DPL=0 DS   [-WA]
DS =0010 0000000000000000 ffffffff 00cf9300 DPL=0 DS   [-WA]
FS =0010 0000000000000000 ffffffff 00cf9300 DPL=0 DS   [-WA]
GS =0010 0000000000000000 ffffffff 00cf9300 DPL=0 DS   [-WA]
LDT=0000 0000000000000000 0000ffff 00008200 DPL=0 LDT
TR =0040 0000000000299ae0 0000006f 00208900 DPL=0 TSS64-avl
GDT=     0000000000271ce0 0000004f
IDT=     0000000000271d60 00000fff
CR0=80000013 CR2=0000000000000000 CR3=00000000001ba000 CR4=00000620
DR0=0000000000000000 DR1=0000000000000000 DR2=0000000000000000 DR3=0000000000000000 
DR6=00000000ffff0ff0 DR7=0000000000000400
CCS=0000000000000091 CCD=fffffffffd432829 CCO=EFLAGS
EFER=0000000000000500
Servicing hardware INT=0x20
   597: v=20 e=0000 i=0 cpl=0 IP=0008:0000000000111ff2 pc=0000000000111ff2 SP=0010:00000000001b9e60 env->regs[R_EAX]=00000000003e46a7
RAX=00000000003e46a7 RBX=00000000cccccccd RCX=000000000000001b RDX=00000000000003f8
RSI=0000000000000000 RDI=00000000fee00000 RBP=00000000001b9ff0 RSP=00000000001b9e60
R8 =0000000000000001 R9 =0000000000000000 R10=00000000002f7000 R11=000000000000005e
R12=0000000000000000 R13=0000000000000001 R14=0000000000000001 R15=0000000000008003
RIP=0000000000111ff2 RFL=00000297 [--S-APC] CPL=0 II=0 A20=1 SMM=0 HLT=0
ES =0010 0000000000000000 ffffffff 00cf9300 DPL=0 DS   [-WA]
CS =0008 0000000000000000 ffffffff 00af9a00 DPL=0 CS64 [-R-]
SS =0010 0000000000000000 ffffffff 00cf9300 DPL=0 DS   [-WA]
DS =0010 0000000000000000 ffffffff 00cf9300 DPL=0 DS   [-WA]
FS =0010 0000000000000000 ffffffff 00cf9300 DPL=0 DS   [-WA]
GS =0010 0000000000000000 ffffffff 00cf9300 DPL=0 DS   [-WA]
LDT=0000 0000000000000000 0000ffff 00008200 DPL=0 LDT
TR =0040 0000000000299ae0 0000006f 00208900 DPL=0 TSS64-avl
GDT=     0000000000271ce0 0000004f
IDT=     0000000000271d60 00000fff
CR0=80000013 CR2=0000000000000000 CR3=00000000001ba000 CR4=00000620
DR0=0000000000000000 DR1=0000000000000000 DR2=0000000000000000 DR3=0000000000000000 
DR6=00000000ffff0ff0 DR7=0000000000000400
CCS=0000000000000095 CCD=fffffffffd435627 CCO=EFLAGS
EFER=0000000000000500
Servicing hardware INT=0x20
   598: v=20 e=0000 i=0 cpl=0 IP=0008:0000000000111ff2 pc=0000000000111ff2 SP=0010:00000000001b9e60 env->regs[R_EAX]=00000000003e53f2
RAX=00000000003e53f2 RBX=00000000cccccccd RCX=000000000000001b RDX=00000000000003f8
RSI=0000000000000000 RDI=00000000fee00000 RBP=00000000001b9ff0 RSP=00000000001b9e60
R8 =0000000000000001 R9 =0000000000000000 R10=00000000002f7000 R11=000000000000005e
R12=0000000000000000 R13=0000000000000001 R14=0000000000000001 R15=0000000000008003
RIP=0000000000111ff2 RFL=00000297 [--S-APC] CPL=0 II=0 A20=1 SMM=0 HLT=0
ES =0010 0000000000000000 ffffffff 00cf9300 DPL=0 DS   [-WA]
CS =0008 0000000000000000 ffffffff 00af9a00 DPL=0 CS64 [-R-]
SS =0010 0000000000000000 ffffffff 00cf9300 DPL=0 DS   [-WA]
DS =0010 0000000000000000 ffffffff 00cf9300 DPL=0 DS   [-WA]
FS =0010 0000000000000000 ffffffff 00cf9300 DPL=0 DS   [-WA]
GS =0010 0000000000000000 ffffffff 00cf9300 DPL=0 DS   [-WA]
LDT=0000 0000000000000000 0000ffff 00008200 DPL=0 LDT
TR =0040 0000000000299ae0 0000006f 00208900 DPL=0 TSS64-avl
GDT=     0000000000271ce0 0000004f
IDT=     0000000000271d60 00000fff
CR0=80000013 CR2=0000000000000000 CR3=00000000001ba000 CR4=00000620
DR0=0000000000000000 DR1=0000000000000000 DR2=0000000000000000 DR3=0000000000000000 
DR6=00000000ffff0ff0 DR7=0000000000000400
CCS=0000000000000095 CCD=fffffffffd436372 CCO=EFLAGS
EFER=0000000000000500
Servicing hardware INT=0x20
   599: v=20 e=0000 i=0 cpl=0 IP=0008:0000000000111ff2 pc=0000000000111ff2 SP=0010:00000000001b9e60 env->regs[R_EAX]=00000000003e8392
RAX=00000000003e8392 RBX=00000000cccccccd RCX=000000000000001b RDX=00000000000003f8
RSI=0000000000000000 RDI=00000000fee00000 RBP=00000000001b9ff0 RSP=00000000001b9e60
R8 =0000000000000001 R9 =0000000000000000 R10=00000000002f7000 R11=000000000000005e
R12=0000000000000000 R13=0000000000000001 R14=0000000000000001 R15=0000000000008003
RIP=0000000000111ff2 RFL=00000297 [--S-APC] CPL=0 II=0 A20=1 SMM=0 HLT=0
ES =0010 0000000000000000 ffffffff 00cf9300 DPL=0 DS   [-WA]
CS =0008 0000000000000000 ffffffff 00af9a00 DPL=0 CS64 [-R-]
SS =0010 0000000000000000 ffffffff 00cf9300 DPL=0 DS   [-WA]
DS =0010 0000000000000000 ffffffff 00cf9300 DPL=0 DS   [-WA]
FS =0010 0000000000000000 ffffffff 00cf9300 DPL=0 DS   [-WA]
GS =0010 0000000000000000 ffffffff 00cf9300 DPL=0 DS   [-WA]
LDT=0000 0000000000000000 0000ffff 00008200 DPL=0 LDT
TR =0040 0000000000299ae0 0000006f 00208900 DPL=0 TSS64-avl
GDT=     0000000000271ce0 0000004f
IDT=     0000000000271d60 00000fff
CR0=80000013 CR2=0000000000000000 CR3=00000000001ba000 CR4=00000620
DR0=0000000000000000 DR1=0000000000000000 DR2=0000000000000000 DR3=0000000000000000 
DR6=00000000ffff0ff0 DR7=0000000000000400
CCS=0000000000000095 CCD=fffffffffd439312 CCO=EFLAGS
EFER=0000000000000500
Servicing hardware INT=0x20
   600: v=20 e=0000 i=0 cpl=0 IP=0008:0000000000111ff2 pc=0000000000111ff2 SP=0010:00000000001b9e60 env->regs[R_EAX]=00000000003e8f0f
RAX=00000000003e8f0f RBX=00000000cccccccd RCX=000000000000001b RDX=00000000000003f8
RSI=0000000000000000 RDI=00000000fee00000 RBP=00000000001b9ff0 RSP=00000000001b9e60
R8 =0000000000000001 R9 =0000000000000000 R10=00000000002f7000 R11=000000000000005e
R12=0000000000000000 R13=0000000000000001 R14=0000000000000001 R15=0000000000008003
RIP=0000000000111ff2 RFL=00000293 [--S-A-C] CPL=0 II=0 A20=1 SMM=0 HLT=0
ES =0010 0000000000000000 ffffffff 00cf9300 DPL=0 DS   [-WA]
CS =0008 0000000000000000 ffffffff 00af9a00 DPL=0 CS64 [-R-]
SS =0010 0000000000000000 ffffffff 00cf9300 DPL=0 DS   [-WA]
DS =0010 0000000000000000 ffffffff 00cf9300 DPL=0 DS   [-WA]
FS =0010 0000000000000000 ffffffff 00cf9300 DPL=0 DS   [-WA]
GS =0010 0000000000000000 ffffffff 00cf9300 DPL=0 DS   [-WA]
LDT=0000 0000000000000000 0000ffff 00008200 DPL=0 LDT
TR =0040 0000000000299ae0 0000006f 00208900 DPL=0 TSS64-avl
GDT=     0000000000271ce0 0000004f
IDT=     0000000000271d60 00000fff
CR0=80000013 CR2=0000000000000000 CR3=00000000001ba000 CR4=00000620
DR0=0000000000000000 DR1=0000000000000000 DR2=0000000000000000 DR3=0000000000000000 
DR6=00000000ffff0ff0 DR7=0000000000000400
CCS=0000000000000091 CCD=fffffffffd439e8f CCO=EFLAGS
EFER=0000000000000500
Servicing hardware INT=0x20
   601: v=20 e=0000 i=0 cpl=0 IP=0008:0000000000111ff2 pc=0000000000111ff2 SP=0010:00000000001b9e60 env->regs[R_EAX]=00000000003ebf4d
RAX=00000000003ebf4d RBX=00000000cccccccd RCX=000000000000001b RDX=00000000000003f8
RSI=0000000000000000 RDI=00000000fee00000 RBP=00000000001b9ff0 RSP=00000000001b9e60
R8 =0000000000000001 R9 =0000000000000000 R10=00000000002f7000 R11=000000000000005e
R12=0000000000000000 R13=0000000000000001 R14=0000000000000001 R15=0000000000008003
RIP=0000000000111ff2 RFL=00000293 [--S-A-C] CPL=0 II=0 A20=1 SMM=0 HLT=0
ES =0010 0000000000000000 ffffffff 00cf9300 DPL=0 DS   [-WA]
CS =0008 0000000000000000 ffffffff 00af9a00 DPL=0 CS64 [-R-]
SS =0010 0000000000000000 ffffffff 00cf9300 DPL=0 DS   [-WA]
DS =0010 0000000000000000 ffffffff 00cf9300 DPL=0 DS   [-WA]
FS =0010 0000000000000000 ffffffff 00cf9300 DPL=0 DS   [-WA]
GS =0010 0000000000000000 ffffffff 00cf9300 DPL=0 DS   [-WA]
LDT=0000 0000000000000000 0000ffff 00008200 DPL=0 LDT
TR =0040 0000000000299ae0 0000006f 00208900 DPL=0 TSS64-avl
GDT=     0000000000271ce0 0000004f
IDT=     0000000000271d60 00000fff
CR0=80000013 CR2=0000000000000000 CR3=00000000001ba000 CR4=00000620
DR0=0000000000000000 DR1=0000000000000000 DR2=0000000000000000 DR3=0000000000000000 
DR6=00000000ffff0ff0 DR7=0000000000000400
CCS=0000000000000091 CCD=fffffffffd43cecd CCO=EFLAGS
EFER=0000000000000500
Servicing hardware INT=0x20
   602: v=20 e=0000 i=0 cpl=0 IP=0008:0000000000111ff2 pc=0000000000111ff2 SP=0010:00000000001b9e60 env->regs[R_EAX]=00000000003ecb1e
RAX=00000000003ecb1e RBX=00000000cccccccd RCX=000000000000001b RDX=00000000000003f8
RSI=0000000000000000 RDI=00000000fee00000 RBP=00000000001b9ff0 RSP=00000000001b9e60
R8 =0000000000000001 R9 =0000000000000000 R10=00000000002f7000 R11=000000000000005e
R12=0000000000000000 R13=0000000000000001 R14=0000000000000001 R15=0000000000008003
RIP=0000000000111ff2 RFL=00000293 [--S-A-C] CPL=0 II=0 A20=1 SMM=0 HLT=0
ES =0010 0000000000000000 ffffffff 00cf9300 DPL=0 DS   [-WA]
CS =0008 0000000000000000 ffffffff 00af9a00 DPL=0 CS64 [-R-]
SS =0010 0000000000000000 ffffffff 00cf9300 DPL=0 DS   [-WA]
DS =0010 0000000000000000 ffffffff 00cf9300 DPL=0 DS   [-WA]
FS =0010 0000000000000000 ffffffff 00cf9300 DPL=0 DS   [-WA]
GS =0010 0000000000000000 ffffffff 00cf9300 DPL=0 DS   [-WA]
LDT=0000 0000000000000000 0000ffff 00008200 DPL=0 LDT
TR =0040 0000000000299ae0 0000006f 00208900 DPL=0 TSS64-avl
GDT=     0000000000271ce0 0000004f
IDT=     0000000000271d60 00000fff
CR0=80000013 CR2=0000000000000000 CR3=00000000001ba000 CR4=00000620
DR0=0000000000000000 DR1=0000000000000000 DR2=0000000000000000 DR3=0000000000000000 
DR6=00000000ffff0ff0 DR7=0000000000000400
CCS=0000000000000091 CCD=fffffffffd43da9e CCO=EFLAGS
EFER=0000000000000500
Servicing hardware INT=0x20
   603: v=20 e=0000 i=0 cpl=0 IP=0008:0000000000111ff2 pc=0000000000111ff2 SP=0010:00000000001b9e60 env->regs[R_EAX]=00000000003ef9b9
RAX=00000000003ef9b9 RBX=00000000cccccccd RCX=000000000000001b RDX=00000000000003f8
RSI=0000000000000000 RDI=00000000fee00000 RBP=00000000001b9ff0 RSP=00000000001b9e60
R8 =0000000000000001 R9 =0000000000000000 R10=00000000002f7000 R11=000000000000005e
R12=0000000000000000 R13=0000000000000001 R14=0000000000000001 R15=0000000000008003
RIP=0000000000111ff2 RFL=00000297 [--S-APC] CPL=0 II=0 A20=1 SMM=0 HLT=0
ES =0010 0000000000000000 ffffffff 00cf9300 DPL=0 DS   [-WA]
CS =0008 0000000000000000 ffffffff 00af9a00 DPL=0 CS64 [-R-]
SS =0010 0000000000000000 ffffffff 00cf9300 DPL=0 DS   [-WA]
DS =0010 0000000000000000 ffffffff 00cf9300 DPL=0 DS   [-WA]
FS =0010 0000000000000000 ffffffff 00cf9300 DPL=0 DS   [-WA]
GS =0010 0000000000000000 ffffffff 00cf9300 DPL=0 DS   [-WA]
LDT=0000 0000000000000000 0000ffff 00008200 DPL=0 LDT
TR =0040 0000000000299ae0 0000006f 00208900 DPL=0 TSS64-avl
GDT=     0000000000271ce0 0000004f
IDT=     0000000000271d60 00000fff
CR0=80000013 CR2=0000000000000000 CR3=00000000001ba000 CR4=00000620
DR0=0000000000000000 DR1=0000000000000000 DR2=0000000000000000 DR3=0000000000000000 
DR6=00000000ffff0ff0 DR7=0000000000000400
CCS=0000000000000095 CCD=fffffffffd440939 CCO=EFLAGS
EFER=0000000000000500
Servicing hardware INT=0x20
   604: v=20 e=0000 i=0 cpl=0 IP=0008:0000000000111ff2 pc=0000000000111ff2 SP=0010:00000000001b9e60 env->regs[R_EAX]=00000000003f0689
RAX=00000000003f0689 RBX=00000000cccccccd RCX=000000000000001b RDX=00000000000003f8
RSI=0000000000000000 RDI=00000000fee00000 RBP=00000000001b9ff0 RSP=00000000001b9e60
R8 =0000000000000001 R9 =0000000000000000 R10=00000000002f7000 R11=000000000000005e
R12=0000000000000000 R13=0000000000000001 R14=0000000000000001 R15=0000000000008003
RIP=0000000000111ff2 RFL=00000297 [--S-APC] CPL=0 II=0 A20=1 SMM=0 HLT=0
ES =0010 0000000000000000 ffffffff 00cf9300 DPL=0 DS   [-WA]
CS =0008 0000000000000000 ffffffff 00af9a00 DPL=0 CS64 [-R-]
SS =0010 0000000000000000 ffffffff 00cf9300 DPL=0 DS   [-WA]
DS =0010 0000000000000000 ffffffff 00cf9300 DPL=0 DS   [-WA]
FS =0010 0000000000000000 ffffffff 00cf9300 DPL=0 DS   [-WA]
GS =0010 0000000000000000 ffffffff 00cf9300 DPL=0 DS   [-WA]
LDT=0000 0000000000000000 0000ffff 00008200 DPL=0 LDT
TR =0040 0000000000299ae0 0000006f 00208900 DPL=0 TSS64-avl
GDT=     0000000000271ce0 0000004f
IDT=     0000000000271d60 00000fff
CR0=80000013 CR2=0000000000000000 CR3=00000000001ba000 CR4=00000620
DR0=0000000000000000 DR1=0000000000000000 DR2=0000000000000000 DR3=0000000000000000 
DR6=00000000ffff0ff0 DR7=0000000000000400
CCS=0000000000000095 CCD=fffffffffd441609 CCO=EFLAGS
EFER=0000000000000500
Servicing hardware INT=0x20
   605: v=20 e=0000 i=0 cpl=0 IP=0008:0000000000111ff2 pc=0000000000111ff2 SP=0010:00000000001b9e60 env->regs[R_EAX]=00000000003f35c8
RAX=00000000003f35c8 RBX=00000000cccccccd RCX=000000000000001b RDX=00000000000003f8
RSI=0000000000000000 RDI=00000000fee00000 RBP=00000000001b9ff0 RSP=00000000001b9e60
R8 =0000000000000001 R9 =0000000000000000 R10=00000000002f7000 R11=000000000000005e
R12=0000000000000000 R13=0000000000000001 R14=0000000000000001 R15=0000000000008003
RIP=0000000000111ff2 RFL=00000297 [--S-APC] CPL=0 II=0 A20=1 SMM=0 HLT=0
ES =0010 0000000000000000 ffffffff 00cf9300 DPL=0 DS   [-WA]
CS =0008 0000000000000000 ffffffff 00af9a00 DPL=0 CS64 [-R-]
SS =0010 0000000000000000 ffffffff 00cf9300 DPL=0 DS   [-WA]
DS =0010 0000000000000000 ffffffff 00cf9300 DPL=0 DS   [-WA]
FS =0010 0000000000000000 ffffffff 00cf9300 DPL=0 DS   [-WA]
GS =0010 0000000000000000 ffffffff 00cf9300 DPL=0 DS   [-WA]
LDT=0000 0000000000000000 0000ffff 00008200 DPL=0 LDT
TR =0040 0000000000299ae0 0000006f 00208900 DPL=0 TSS64-avl
GDT=     0000000000271ce0 0000004f
IDT=     0000000000271d60 00000fff
CR0=80000013 CR2=0000000000000000 CR3=00000000001ba000 CR4=00000620
DR0=0000000000000000 DR1=0000000000000000 DR2=0000000000000000 DR3=0000000000000000 
DR6=00000000ffff0ff0 DR7=0000000000000400
CCS=0000000000000095 CCD=fffffffffd444548 CCO=EFLAGS
EFER=0000000000000500
Servicing hardware INT=0x20
   606: v=20 e=0000 i=0 cpl=0 IP=0008:0000000000111ff2 pc=0000000000111ff2 SP=0010:00000000001b9e60 env->regs[R_EAX]=00000000003f42f3
RAX=00000000003f42f3 RBX=00000000cccccccd RCX=000000000000001b RDX=00000000000003f8
RSI=0000000000000000 RDI=00000000fee00000 RBP=00000000001b9ff0 RSP=00000000001b9e60
R8 =0000000000000001 R9 =0000000000000000 R10=00000000002f7000 R11=000000000000005e
R12=0000000000000000 R13=0000000000000001 R14=0000000000000001 R15=0000000000008003
RIP=0000000000111ff2 RFL=00000293 [--S-A-C] CPL=0 II=0 A20=1 SMM=0 HLT=0
ES =0010 0000000000000000 ffffffff 00cf9300 DPL=0 DS   [-WA]
CS =0008 0000000000000000 ffffffff 00af9a00 DPL=0 CS64 [-R-]
SS =0010 0000000000000000 ffffffff 00cf9300 DPL=0 DS   [-WA]
DS =0010 0000000000000000 ffffffff 00cf9300 DPL=0 DS   [-WA]
FS =0010 0000000000000000 ffffffff 00cf9300 DPL=0 DS   [-WA]
GS =0010 0000000000000000 ffffffff 00cf9300 DPL=0 DS   [-WA]
LDT=0000 0000000000000000 0000ffff 00008200 DPL=0 LDT
TR =0040 0000000000299ae0 0000006f 00208900 DPL=0 TSS64-avl
GDT=     0000000000271ce0 0000004f
IDT=     0000000000271d60 00000fff
CR0=80000013 CR2=0000000000000000 CR3=00000000001ba000 CR4=00000620
DR0=0000000000000000 DR1=0000000000000000 DR2=0000000000000000 DR3=0000000000000000 
DR6=00000000ffff0ff0 DR7=0000000000000400
CCS=0000000000000091 CCD=fffffffffd445273 CCO=EFLAGS
EFER=0000000000000500
Servicing hardware INT=0x20
   607: v=20 e=0000 i=0 cpl=0 IP=0008:0000000000111ff2 pc=0000000000111ff2 SP=0010:00000000001b9e60 env->regs[R_EAX]=00000000003f6f1b
RAX=00000000003f6f1b RBX=00000000cccccccd RCX=000000000000001b RDX=00000000000003f8
RSI=0000000000000000 RDI=00000000fee00000 RBP=00000000001b9ff0 RSP=00000000001b9e60
R8 =0000000000000001 R9 =0000000000000000 R10=00000000002f7000 R11=000000000000005e
R12=0000000000000000 R13=0000000000000001 R14=0000000000000001 R15=0000000000008003
RIP=0000000000111ff2 RFL=00000293 [--S-A-C] CPL=0 II=0 A20=1 SMM=0 HLT=0
ES =0010 0000000000000000 ffffffff 00cf9300 DPL=0 DS   [-WA]
CS =0008 0000000000000000 ffffffff 00af9a00 DPL=0 CS64 [-R-]
SS =0010 0000000000000000 ffffffff 00cf9300 DPL=0 DS   [-WA]
DS =0010 0000000000000000 ffffffff 00cf9300 DPL=0 DS   [-WA]
FS =0010 0000000000000000 ffffffff 00cf9300 DPL=0 DS   [-WA]
GS =0010 0000000000000000 ffffffff 00cf9300 DPL=0 DS   [-WA]
LDT=0000 0000000000000000 0000ffff 00008200 DPL=0 LDT
TR =0040 0000000000299ae0 0000006f 00208900 DPL=0 TSS64-avl
GDT=     0000000000271ce0 0000004f
IDT=     0000000000271d60 00000fff
CR0=80000013 CR2=0000000000000000 CR3=00000000001ba000 CR4=00000620
DR0=0000000000000000 DR1=0000000000000000 DR2=0000000000000000 DR3=0000000000000000 
DR6=00000000ffff0ff0 DR7=0000000000000400
CCS=0000000000000091 CCD=fffffffffd447e9b CCO=EFLAGS
EFER=0000000000000500
Servicing hardware INT=0x20
   608: v=20 e=0000 i=0 cpl=0 IP=0008:0000000000111ff2 pc=0000000000111ff2 SP=0010:00000000001b9e60 env->regs[R_EAX]=00000000003f7b27
RAX=00000000003f7b27 RBX=00000000cccccccd RCX=000000000000001b RDX=00000000000003f8
RSI=0000000000000000 RDI=00000000fee00000 RBP=00000000001b9ff0 RSP=00000000001b9e60
R8 =0000000000000001 R9 =0000000000000000 R10=00000000002f7000 R11=000000000000005e
R12=0000000000000000 R13=0000000000000001 R14=0000000000000001 R15=0000000000008003
RIP=0000000000111ff2 RFL=00000293 [--S-A-C] CPL=0 II=0 A20=1 SMM=0 HLT=0
ES =0010 0000000000000000 ffffffff 00cf9300 DPL=0 DS   [-WA]
CS =0008 0000000000000000 ffffffff 00af9a00 DPL=0 CS64 [-R-]
SS =0010 0000000000000000 ffffffff 00cf9300 DPL=0 DS   [-WA]
DS =0010 0000000000000000 ffffffff 00cf9300 DPL=0 DS   [-WA]
FS =0010 0000000000000000 ffffffff 00cf9300 DPL=0 DS   [-WA]
GS =0010 0000000000000000 ffffffff 00cf9300 DPL=0 DS   [-WA]
LDT=0000 0000000000000000 0000ffff 00008200 DPL=0 LDT
TR =0040 0000000000299ae0 0000006f 00208900 DPL=0 TSS64-avl
GDT=     0000000000271ce0 0000004f
IDT=     0000000000271d60 00000fff
CR0=80000013 CR2=0000000000000000 CR3=00000000001ba000 CR4=00000620
DR0=0000000000000000 DR1=0000000000000000 DR2=0000000000000000 DR3=0000000000000000 
DR6=00000000ffff0ff0 DR7=0000000000000400
CCS=0000000000000091 CCD=fffffffffd448aa7 CCO=EFLAGS
EFER=0000000000000500
Servicing hardware INT=0x20
   609: v=20 e=0000 i=0 cpl=0 IP=0008:0000000000111ff2 pc=0000000000111ff2 SP=0010:00000000001b9e60 env->regs[R_EAX]=00000000003fa8a7
RAX=00000000003fa8a7 RBX=00000000cccccccd RCX=000000000000001b RDX=00000000000003f8
RSI=0000000000000000 RDI=00000000fee00000 RBP=00000000001b9ff0 RSP=00000000001b9e60
R8 =0000000000000001 R9 =0000000000000000 R10=00000000002f7000 R11=000000000000005e
R12=0000000000000000 R13=0000000000000001 R14=0000000000000001 R15=0000000000008003
RIP=0000000000111ff2 RFL=00000297 [--S-APC] CPL=0 II=0 A20=1 SMM=0 HLT=0
ES =0010 0000000000000000 ffffffff 00cf9300 DPL=0 DS   [-WA]
CS =0008 0000000000000000 ffffffff 00af9a00 DPL=0 CS64 [-R-]
SS =0010 0000000000000000 ffffffff 00cf9300 DPL=0 DS   [-WA]
DS =0010 0000000000000000 ffffffff 00cf9300 DPL=0 DS   [-WA]
FS =0010 0000000000000000 ffffffff 00cf9300 DPL=0 DS   [-WA]
GS =0010 0000000000000000 ffffffff 00cf9300 DPL=0 DS   [-WA]
LDT=0000 0000000000000000 0000ffff 00008200 DPL=0 LDT
TR =0040 0000000000299ae0 0000006f 00208900 DPL=0 TSS64-avl
GDT=     0000000000271ce0 0000004f
IDT=     0000000000271d60 00000fff
CR0=80000013 CR2=0000000000000000 CR3=00000000001ba000 CR4=00000620
DR0=0000000000000000 DR1=0000000000000000 DR2=0000000000000000 DR3=0000000000000000 
DR6=00000000ffff0ff0 DR7=0000000000000400
CCS=0000000000000095 CCD=fffffffffd44b827 CCO=EFLAGS
EFER=0000000000000500
Servicing hardware INT=0x20
   610: v=20 e=0000 i=0 cpl=0 IP=0008:0000000000111ff2 pc=0000000000111ff2 SP=0010:00000000001b9e60 env->regs[R_EAX]=00000000003fb4f5
RAX=00000000003fb4f5 RBX=00000000cccccccd RCX=000000000000001b RDX=00000000000003f8
RSI=0000000000000000 RDI=00000000fee00000 RBP=00000000001b9ff0 RSP=00000000001b9e60
R8 =0000000000000001 R9 =0000000000000000 R10=00000000002f7000 R11=000000000000005e
R12=0000000000000000 R13=0000000000000001 R14=0000000000000001 R15=0000000000008003
RIP=0000000000111ff2 RFL=00000293 [--S-A-C] CPL=0 II=0 A20=1 SMM=0 HLT=0
ES =0010 0000000000000000 ffffffff 00cf9300 DPL=0 DS   [-WA]
CS =0008 0000000000000000 ffffffff 00af9a00 DPL=0 CS64 [-R-]
SS =0010 0000000000000000 ffffffff 00cf9300 DPL=0 DS   [-WA]
DS =0010 0000000000000000 ffffffff 00cf9300 DPL=0 DS   [-WA]
FS =0010 0000000000000000 ffffffff 00cf9300 DPL=0 DS   [-WA]
GS =0010 0000000000000000 ffffffff 00cf9300 DPL=0 DS   [-WA]
LDT=0000 0000000000000000 0000ffff 00008200 DPL=0 LDT
TR =0040 0000000000299ae0 0000006f 00208900 DPL=0 TSS64-avl
GDT=     0000000000271ce0 0000004f
IDT=     0000000000271d60 00000fff
CR0=80000013 CR2=0000000000000000 CR3=00000000001ba000 CR4=00000620
DR0=0000000000000000 DR1=0000000000000000 DR2=0000000000000000 DR3=0000000000000000 
DR6=00000000ffff0ff0 DR7=0000000000000400
CCS=0000000000000091 CCD=fffffffffd44c475 CCO=EFLAGS
EFER=0000000000000500
Servicing hardware INT=0x20
   611: v=20 e=0000 i=0 cpl=0 IP=0008:0000000000111ff2 pc=0000000000111ff2 SP=0010:00000000001b9e60 env->regs[R_EAX]=00000000003fe465
RAX=00000000003fe465 RBX=00000000cccccccd RCX=000000000000001b RDX=00000000000003f8
RSI=0000000000000000 RDI=00000000fee00000 RBP=00000000001b9ff0 RSP=00000000001b9e60
R8 =0000000000000001 R9 =0000000000000000 R10=00000000002f7000 R11=000000000000005e
R12=0000000000000000 R13=0000000000000001 R14=0000000000000001 R15=0000000000008003
RIP=0000000000111ff2 RFL=00000293 [--S-A-C] CPL=0 II=0 A20=1 SMM=0 HLT=0
ES =0010 0000000000000000 ffffffff 00cf9300 DPL=0 DS   [-WA]
CS =0008 0000000000000000 ffffffff 00af9a00 DPL=0 CS64 [-R-]
SS =0010 0000000000000000 ffffffff 00cf9300 DPL=0 DS   [-WA]
DS =0010 0000000000000000 ffffffff 00cf9300 DPL=0 DS   [-WA]
FS =0010 0000000000000000 ffffffff 00cf9300 DPL=0 DS   [-WA]
GS =0010 0000000000000000 ffffffff 00cf9300 DPL=0 DS   [-WA]
LDT=0000 0000000000000000 0000ffff 00008200 DPL=0 LDT
TR =0040 0000000000299ae0 0000006f 00208900 DPL=0 TSS64-avl
GDT=     0000000000271ce0 0000004f
IDT=     0000000000271d60 00000fff
CR0=80000013 CR2=0000000000000000 CR3=00000000001ba000 CR4=00000620
DR0=0000000000000000 DR1=0000000000000000 DR2=0000000000000000 DR3=0000000000000000 
DR6=00000000ffff0ff0 DR7=0000000000000400
CCS=0000000000000091 CCD=fffffffffd44f3e5 CCO=EFLAGS
EFER=0000000000000500
Servicing hardware INT=0x20
   612: v=20 e=0000 i=0 cpl=0 IP=0008:0000000000111ff2 pc=0000000000111ff2 SP=0010:00000000001b9e60 env->regs[R_EAX]=00000000003ff090
RAX=00000000003ff090 RBX=00000000cccccccd RCX=000000000000001b RDX=00000000000003f8
RSI=0000000000000000 RDI=00000000fee00000 RBP=00000000001b9ff0 RSP=00000000001b9e60
R8 =0000000000000001 R9 =0000000000000000 R10=00000000002f7000 R11=000000000000005e
R12=0000000000000000 R13=0000000000000001 R14=0000000000000001 R15=0000000000008003
RIP=0000000000111ff2 RFL=00000283 [--S---C] CPL=0 II=0 A20=1 SMM=0 HLT=0
ES =0010 0000000000000000 ffffffff 00cf9300 DPL=0 DS   [-WA]
CS =0008 0000000000000000 ffffffff 00af9a00 DPL=0 CS64 [-R-]
SS =0010 0000000000000000 ffffffff 00cf9300 DPL=0 DS   [-WA]
DS =0010 0000000000000000 ffffffff 00cf9300 DPL=0 DS   [-WA]
FS =0010 0000000000000000 ffffffff 00cf9300 DPL=0 DS   [-WA]
GS =0010 0000000000000000 ffffffff 00cf9300 DPL=0 DS   [-WA]
LDT=0000 0000000000000000 0000ffff 00008200 DPL=0 LDT
TR =0040 0000000000299ae0 0000006f 00208900 DPL=0 TSS64-avl
GDT=     0000000000271ce0 0000004f
IDT=     0000000000271d60 00000fff
CR0=80000013 CR2=0000000000000000 CR3=00000000001ba000 CR4=00000620
DR0=0000000000000000 DR1=0000000000000000 DR2=0000000000000000 DR3=0000000000000000 
DR6=00000000ffff0ff0 DR7=0000000000000400
CCS=0000000000000081 CCD=fffffffffd450010 CCO=EFLAGS
EFER=0000000000000500
Servicing hardware INT=0x20
   613: v=20 e=0000 i=0 cpl=0 IP=0008:0000000000111ff2 pc=0000000000111ff2 SP=0010:00000000001b9e60 env->regs[R_EAX]=000000000040207a
RAX=000000000040207a RBX=00000000cccccccd RCX=000000000000001b RDX=00000000000003f8
RSI=0000000000000000 RDI=00000000fee00000 RBP=00000000001b9ff0 RSP=00000000001b9e60
R8 =0000000000000001 R9 =0000000000000000 R10=00000000002f7000 R11=000000000000005e
R12=0000000000000000 R13=0000000000000001 R14=0000000000000001 R15=0000000000008003
RIP=0000000000111ff2 RFL=00000297 [--S-APC] CPL=0 II=0 A20=1 SMM=0 HLT=0
ES =0010 0000000000000000 ffffffff 00cf9300 DPL=0 DS   [-WA]
CS =0008 0000000000000000 ffffffff 00af9a00 DPL=0 CS64 [-R-]
SS =0010 0000000000000000 ffffffff 00cf9300 DPL=0 DS   [-WA]
DS =0010 0000000000000000 ffffffff 00cf9300 DPL=0 DS   [-WA]
FS =0010 0000000000000000 ffffffff 00cf9300 DPL=0 DS   [-WA]
GS =0010 0000000000000000 ffffffff 00cf9300 DPL=0 DS   [-WA]
LDT=0000 0000000000000000 0000ffff 00008200 DPL=0 LDT
TR =0040 0000000000299ae0 0000006f 00208900 DPL=0 TSS64-avl
GDT=     0000000000271ce0 0000004f
IDT=     0000000000271d60 00000fff
CR0=80000013 CR2=0000000000000000 CR3=00000000001ba000 CR4=00000620
DR0=0000000000000000 DR1=0000000000000000 DR2=0000000000000000 DR3=0000000000000000 
DR6=00000000ffff0ff0 DR7=0000000000000400
CCS=0000000000000095 CCD=fffffffffd452ffa CCO=EFLAGS
EFER=0000000000000500
Servicing hardware INT=0x20
   614: v=20 e=0000 i=0 cpl=0 IP=0008:0000000000111ff2 pc=0000000000111ff2 SP=0010:00000000001b9e60 env->regs[R_EAX]=0000000000402d65
RAX=0000000000402d65 RBX=00000000cccccccd RCX=000000000000001b RDX=00000000000003f8
RSI=0000000000000000 RDI=00000000fee00000 RBP=00000000001b9ff0 RSP=00000000001b9e60
R8 =0000000000000001 R9 =0000000000000000 R10=00000000002f7000 R11=000000000000005e
R12=0000000000000000 R13=0000000000000001 R14=0000000000000001 R15=0000000000008003
RIP=0000000000111ff2 RFL=00000293 [--S-A-C] CPL=0 II=0 A20=1 SMM=0 HLT=0
ES =0010 0000000000000000 ffffffff 00cf9300 DPL=0 DS   [-WA]
CS =0008 0000000000000000 ffffffff 00af9a00 DPL=0 CS64 [-R-]
SS =0010 0000000000000000 ffffffff 00cf9300 DPL=0 DS   [-WA]
DS =0010 0000000000000000 ffffffff 00cf9300 DPL=0 DS   [-WA]
FS =0010 0000000000000000 ffffffff 00cf9300 DPL=0 DS   [-WA]
GS =0010 0000000000000000 ffffffff 00cf9300 DPL=0 DS   [-WA]
LDT=0000 0000000000000000 0000ffff 00008200 DPL=0 LDT
TR =0040 0000000000299ae0 0000006f 00208900 DPL=0 TSS64-avl
GDT=     0000000000271ce0 0000004f
IDT=     0000000000271d60 00000fff
CR0=80000013 CR2=0000000000000000 CR3=00000000001ba000 CR4=00000620
DR0=0000000000000000 DR1=0000000000000000 DR2=0000000000000000 DR3=0000000000000000 
DR6=00000000ffff0ff0 DR7=0000000000000400
CCS=0000000000000091 CCD=fffffffffd453ce5 CCO=EFLAGS
EFER=0000000000000500
Servicing hardware INT=0x20
   615: v=20 e=0000 i=0 cpl=0 IP=0008:0000000000111ff2 pc=0000000000111ff2 SP=0010:00000000001b9e60 env->regs[R_EAX]=0000000000405c92
RAX=0000000000405c92 RBX=00000000cccccccd RCX=000000000000001b RDX=00000000000003f8
RSI=0000000000000000 RDI=00000000fee00000 RBP=00000000001b9ff0 RSP=00000000001b9e60
R8 =0000000000000001 R9 =0000000000000000 R10=00000000002f7000 R11=000000000000005e
R12=0000000000000000 R13=0000000000000001 R14=0000000000000001 R15=0000000000008003
RIP=0000000000111ff2 RFL=00000297 [--S-APC] CPL=0 II=0 A20=1 SMM=0 HLT=0
ES =0010 0000000000000000 ffffffff 00cf9300 DPL=0 DS   [-WA]
CS =0008 0000000000000000 ffffffff 00af9a00 DPL=0 CS64 [-R-]
SS =0010 0000000000000000 ffffffff 00cf9300 DPL=0 DS   [-WA]
DS =0010 0000000000000000 ffffffff 00cf9300 DPL=0 DS   [-WA]
FS =0010 0000000000000000 ffffffff 00cf9300 DPL=0 DS   [-WA]
GS =0010 0000000000000000 ffffffff 00cf9300 DPL=0 DS   [-WA]
LDT=0000 0000000000000000 0000ffff 00008200 DPL=0 LDT
TR =0040 0000000000299ae0 0000006f 00208900 DPL=0 TSS64-avl
GDT=     0000000000271ce0 0000004f
IDT=     0000000000271d60 00000fff
CR0=80000013 CR2=0000000000000000 CR3=00000000001ba000 CR4=00000620
DR0=0000000000000000 DR1=0000000000000000 DR2=0000000000000000 DR3=0000000000000000 
DR6=00000000ffff0ff0 DR7=0000000000000400
CCS=0000000000000095 CCD=fffffffffd456c12 CCO=EFLAGS
EFER=0000000000000500
Servicing hardware INT=0x20
   616: v=20 e=0000 i=0 cpl=0 IP=0008:0000000000111ff2 pc=0000000000111ff2 SP=0010:00000000001b9e60 env->regs[R_EAX]=0000000000406937
RAX=0000000000406937 RBX=00000000cccccccd RCX=000000000000001b RDX=00000000000003f8
RSI=0000000000000000 RDI=00000000fee00000 RBP=00000000001b9ff0 RSP=00000000001b9e60
R8 =0000000000000001 R9 =0000000000000000 R10=00000000002f7000 R11=000000000000005e
R12=0000000000000000 R13=0000000000000001 R14=0000000000000001 R15=0000000000008003
RIP=0000000000111ff2 RFL=00000297 [--S-APC] CPL=0 II=0 A20=1 SMM=0 HLT=0
ES =0010 0000000000000000 ffffffff 00cf9300 DPL=0 DS   [-WA]
CS =0008 0000000000000000 ffffffff 00af9a00 DPL=0 CS64 [-R-]
SS =0010 0000000000000000 ffffffff 00cf9300 DPL=0 DS   [-WA]
DS =0010 0000000000000000 ffffffff 00cf9300 DPL=0 DS   [-WA]
FS =0010 0000000000000000 ffffffff 00cf9300 DPL=0 DS   [-WA]
GS =0010 0000000000000000 ffffffff 00cf9300 DPL=0 DS   [-WA]
LDT=0000 0000000000000000 0000ffff 00008200 DPL=0 LDT
TR =0040 0000000000299ae0 0000006f 00208900 DPL=0 TSS64-avl
GDT=     0000000000271ce0 0000004f
IDT=     0000000000271d60 00000fff
CR0=80000013 CR2=0000000000000000 CR3=00000000001ba000 CR4=00000620
DR0=0000000000000000 DR1=0000000000000000 DR2=0000000000000000 DR3=0000000000000000 
DR6=00000000ffff0ff0 DR7=0000000000000400
CCS=0000000000000095 CCD=fffffffffd4578b7 CCO=EFLAGS
EFER=0000000000000500
Servicing hardware INT=0x20
   617: v=20 e=0000 i=0 cpl=0 IP=0008:0000000000111ff2 pc=0000000000111ff2 SP=0010:00000000001b9e60 env->regs[R_EAX]=00000000004099ba
RAX=00000000004099ba RBX=00000000cccccccd RCX=000000000000001b RDX=00000000000003f8
RSI=0000000000000000 RDI=00000000fee00000 RBP=00000000001b9ff0 RSP=00000000001b9e60
R8 =0000000000000001 R9 =0000000000000000 R10=00000000002f7000 R11=000000000000005e
R12=0000000000000000 R13=0000000000000001 R14=0000000000000001 R15=0000000000008003
RIP=0000000000111ff2 RFL=00000297 [--S-APC] CPL=0 II=0 A20=1 SMM=0 HLT=0
ES =0010 0000000000000000 ffffffff 00cf9300 DPL=0 DS   [-WA]
CS =0008 0000000000000000 ffffffff 00af9a00 DPL=0 CS64 [-R-]
SS =0010 0000000000000000 ffffffff 00cf9300 DPL=0 DS   [-WA]
DS =0010 0000000000000000 ffffffff 00cf9300 DPL=0 DS   [-WA]
FS =0010 0000000000000000 ffffffff 00cf9300 DPL=0 DS   [-WA]
GS =0010 0000000000000000 ffffffff 00cf9300 DPL=0 DS   [-WA]
LDT=0000 0000000000000000 0000ffff 00008200 DPL=0 LDT
TR =0040 0000000000299ae0 0000006f 00208900 DPL=0 TSS64-avl
GDT=     0000000000271ce0 0000004f
IDT=     0000000000271d60 00000fff
CR0=80000013 CR2=0000000000000000 CR3=00000000001ba000 CR4=00000620
DR0=0000000000000000 DR1=0000000000000000 DR2=0000000000000000 DR3=0000000000000000 
DR6=00000000ffff0ff0 DR7=0000000000000400
CCS=0000000000000095 CCD=fffffffffd45a93a CCO=EFLAGS
EFER=0000000000000500
Servicing hardware INT=0x20
   618: v=20 e=0000 i=0 cpl=0 IP=0008:0000000000111ff2 pc=0000000000111ff2 SP=0010:00000000001b9e60 env->regs[R_EAX]=000000000040ae0f
RAX=000000000040ae0f RBX=00000000cccccccd RCX=000000000000001b RDX=00000000000003f8
RSI=0000000000000000 RDI=00000000fee00000 RBP=00000000001b9ff0 RSP=00000000001b9e60
R8 =0000000000000001 R9 =0000000000000000 R10=00000000002f7000 R11=000000000000005e
R12=0000000000000000 R13=0000000000000001 R14=0000000000000001 R15=0000000000008003
RIP=0000000000111ff2 RFL=00000293 [--S-A-C] CPL=0 II=0 A20=1 SMM=0 HLT=0
ES =0010 0000000000000000 ffffffff 00cf9300 DPL=0 DS   [-WA]
CS =0008 0000000000000000 ffffffff 00af9a00 DPL=0 CS64 [-R-]
SS =0010 0000000000000000 ffffffff 00cf9300 DPL=0 DS   [-WA]
DS =0010 0000000000000000 ffffffff 00cf9300 DPL=0 DS   [-WA]
FS =0010 0000000000000000 ffffffff 00cf9300 DPL=0 DS   [-WA]
GS =0010 0000000000000000 ffffffff 00cf9300 DPL=0 DS   [-WA]
LDT=0000 0000000000000000 0000ffff 00008200 DPL=0 LDT
TR =0040 0000000000299ae0 0000006f 00208900 DPL=0 TSS64-avl
GDT=     0000000000271ce0 0000004f
IDT=     0000000000271d60 00000fff
CR0=80000013 CR2=0000000000000000 CR3=00000000001ba000 CR4=00000620
DR0=0000000000000000 DR1=0000000000000000 DR2=0000000000000000 DR3=0000000000000000 
DR6=00000000ffff0ff0 DR7=0000000000000400
CCS=0000000000000091 CCD=fffffffffd45bd8f CCO=EFLAGS
EFER=0000000000000500
Servicing hardware INT=0x20
   619: v=20 e=0000 i=0 cpl=0 IP=0008:0000000000111ff2 pc=0000000000111ff2 SP=0010:00000000001b9e60 env->regs[R_EAX]=000000000040d750
RAX=000000000040d750 RBX=00000000cccccccd RCX=000000000000001b RDX=00000000000003f8
RSI=0000000000000000 RDI=00000000fee00000 RBP=00000000001b9ff0 RSP=00000000001b9e60
R8 =0000000000000001 R9 =0000000000000000 R10=00000000002f7000 R11=000000000000005e
R12=0000000000000000 R13=0000000000000001 R14=0000000000000001 R15=0000000000008003
RIP=0000000000111ff2 RFL=00000283 [--S---C] CPL=0 II=0 A20=1 SMM=0 HLT=0
ES =0010 0000000000000000 ffffffff 00cf9300 DPL=0 DS   [-WA]
CS =0008 0000000000000000 ffffffff 00af9a00 DPL=0 CS64 [-R-]
SS =0010 0000000000000000 ffffffff 00cf9300 DPL=0 DS   [-WA]
DS =0010 0000000000000000 ffffffff 00cf9300 DPL=0 DS   [-WA]
FS =0010 0000000000000000 ffffffff 00cf9300 DPL=0 DS   [-WA]
GS =0010 0000000000000000 ffffffff 00cf9300 DPL=0 DS   [-WA]
LDT=0000 0000000000000000 0000ffff 00008200 DPL=0 LDT
TR =0040 0000000000299ae0 0000006f 00208900 DPL=0 TSS64-avl
GDT=     0000000000271ce0 0000004f
IDT=     0000000000271d60 00000fff
CR0=80000013 CR2=0000000000000000 CR3=00000000001ba000 CR4=00000620
DR0=0000000000000000 DR1=0000000000000000 DR2=0000000000000000 DR3=0000000000000000 
DR6=00000000ffff0ff0 DR7=0000000000000400
CCS=0000000000000081 CCD=fffffffffd45e6d0 CCO=EFLAGS
EFER=0000000000000500
Servicing hardware INT=0x20
   620: v=20 e=0000 i=0 cpl=0 IP=0008:0000000000111ff2 pc=0000000000111ff2 SP=0010:00000000001b9e60 env->regs[R_EAX]=000000000040ee34
RAX=000000000040ee34 RBX=00000000cccccccd RCX=000000000000001b RDX=00000000000003f8
RSI=0000000000000000 RDI=00000000fee00000 RBP=00000000001b9ff0 RSP=00000000001b9e60
R8 =0000000000000001 R9 =0000000000000000 R10=00000000002f7000 R11=000000000000005e
R12=0000000000000000 R13=0000000000000001 R14=0000000000000001 R15=0000000000008003
RIP=0000000000111ff2 RFL=00000297 [--S-APC] CPL=0 II=0 A20=1 SMM=0 HLT=0
ES =0010 0000000000000000 ffffffff 00cf9300 DPL=0 DS   [-WA]
CS =0008 0000000000000000 ffffffff 00af9a00 DPL=0 CS64 [-R-]
SS =0010 0000000000000000 ffffffff 00cf9300 DPL=0 DS   [-WA]
DS =0010 0000000000000000 ffffffff 00cf9300 DPL=0 DS   [-WA]
FS =0010 0000000000000000 ffffffff 00cf9300 DPL=0 DS   [-WA]
GS =0010 0000000000000000 ffffffff 00cf9300 DPL=0 DS   [-WA]
LDT=0000 0000000000000000 0000ffff 00008200 DPL=0 LDT
TR =0040 0000000000299ae0 0000006f 00208900 DPL=0 TSS64-avl
GDT=     0000000000271ce0 0000004f
IDT=     0000000000271d60 00000fff
CR0=80000013 CR2=0000000000000000 CR3=00000000001ba000 CR4=00000620
DR0=0000000000000000 DR1=0000000000000000 DR2=0000000000000000 DR3=0000000000000000 
DR6=00000000ffff0ff0 DR7=0000000000000400
CCS=0000000000000095 CCD=fffffffffd45fdb4 CCO=EFLAGS
EFER=0000000000000500
Servicing hardware INT=0x20
   621: v=20 e=0000 i=0 cpl=0 IP=0008:0000000000111ff2 pc=0000000000111ff2 SP=0010:00000000001b9e60 env->regs[R_EAX]=0000000000410cee
RAX=0000000000410cee RBX=00000000cccccccd RCX=000000000000001b RDX=00000000000003f8
RSI=0000000000000000 RDI=00000000fee00000 RBP=00000000001b9ff0 RSP=00000000001b9e60
R8 =0000000000000001 R9 =0000000000000000 R10=00000000002f7000 R11=000000000000005e
R12=0000000000000000 R13=0000000000000001 R14=0000000000000001 R15=0000000000008003
RIP=0000000000111ff2 RFL=00000293 [--S-A-C] CPL=0 II=0 A20=1 SMM=0 HLT=0
ES =0010 0000000000000000 ffffffff 00cf9300 DPL=0 DS   [-WA]
CS =0008 0000000000000000 ffffffff 00af9a00 DPL=0 CS64 [-R-]
SS =0010 0000000000000000 ffffffff 00cf9300 DPL=0 DS   [-WA]
DS =0010 0000000000000000 ffffffff 00cf9300 DPL=0 DS   [-WA]
FS =0010 0000000000000000 ffffffff 00cf9300 DPL=0 DS   [-WA]
GS =0010 0000000000000000 ffffffff 00cf9300 DPL=0 DS   [-WA]
LDT=0000 0000000000000000 0000ffff 00008200 DPL=0 LDT
TR =0040 0000000000299ae0 0000006f 00208900 DPL=0 TSS64-avl
GDT=     0000000000271ce0 0000004f
IDT=     0000000000271d60 00000fff
CR0=80000013 CR2=0000000000000000 CR3=00000000001ba000 CR4=00000620
DR0=0000000000000000 DR1=0000000000000000 DR2=0000000000000000 DR3=0000000000000000 
DR6=00000000ffff0ff0 DR7=0000000000000400
CCS=0000000000000091 CCD=fffffffffd461c6e CCO=EFLAGS
EFER=0000000000000500
Servicing hardware INT=0x20
   622: v=20 e=0000 i=0 cpl=0 IP=0008:0000000000111ff2 pc=0000000000111ff2 SP=0010:00000000001b9e60 env->regs[R_EAX]=0000000000411957
RAX=0000000000411957 RBX=00000000cccccccd RCX=000000000000001b RDX=00000000000003f8
RSI=0000000000000000 RDI=00000000fee00000 RBP=00000000001b9ff0 RSP=00000000001b9e60
R8 =0000000000000001 R9 =0000000000000000 R10=00000000002f7000 R11=000000000000005e
R12=0000000000000000 R13=0000000000000001 R14=0000000000000001 R15=0000000000008003
RIP=0000000000111ff2 RFL=00000297 [--S-APC] CPL=0 II=0 A20=1 SMM=0 HLT=0
ES =0010 0000000000000000 ffffffff 00cf9300 DPL=0 DS   [-WA]
CS =0008 0000000000000000 ffffffff 00af9a00 DPL=0 CS64 [-R-]
SS =0010 0000000000000000 ffffffff 00cf9300 DPL=0 DS   [-WA]
DS =0010 0000000000000000 ffffffff 00cf9300 DPL=0 DS   [-WA]
FS =0010 0000000000000000 ffffffff 00cf9300 DPL=0 DS   [-WA]
GS =0010 0000000000000000 ffffffff 00cf9300 DPL=0 DS   [-WA]
LDT=0000 0000000000000000 0000ffff 00008200 DPL=0 LDT
TR =0040 0000000000299ae0 0000006f 00208900 DPL=0 TSS64-avl
GDT=     0000000000271ce0 0000004f
IDT=     0000000000271d60 00000fff
CR0=80000013 CR2=0000000000000000 CR3=00000000001ba000 CR4=00000620
DR0=0000000000000000 DR1=0000000000000000 DR2=0000000000000000 DR3=0000000000000000 
DR6=00000000ffff0ff0 DR7=0000000000000400
CCS=0000000000000095 CCD=fffffffffd4628d7 CCO=EFLAGS
EFER=0000000000000500
Servicing hardware INT=0x20
   623: v=20 e=0000 i=0 cpl=0 IP=0008:0000000000111ff2 pc=0000000000111ff2 SP=0010:00000000001b9e60 env->regs[R_EAX]=000000000041464e
RAX=000000000041464e RBX=00000000cccccccd RCX=000000000000001b RDX=00000000000003f8
RSI=0000000000000000 RDI=00000000fee00000 RBP=00000000001b9ff0 RSP=00000000001b9e60
R8 =0000000000000001 R9 =0000000000000000 R10=00000000002f7000 R11=000000000000005e
R12=0000000000000000 R13=0000000000000001 R14=0000000000000001 R15=0000000000008003
RIP=0000000000111ff2 RFL=00000293 [--S-A-C] CPL=0 II=0 A20=1 SMM=0 HLT=0
ES =0010 0000000000000000 ffffffff 00cf9300 DPL=0 DS   [-WA]
CS =0008 0000000000000000 ffffffff 00af9a00 DPL=0 CS64 [-R-]
SS =0010 0000000000000000 ffffffff 00cf9300 DPL=0 DS   [-WA]
DS =0010 0000000000000000 ffffffff 00cf9300 DPL=0 DS   [-WA]
FS =0010 0000000000000000 ffffffff 00cf9300 DPL=0 DS   [-WA]
GS =0010 0000000000000000 ffffffff 00cf9300 DPL=0 DS   [-WA]
LDT=0000 0000000000000000 0000ffff 00008200 DPL=0 LDT
TR =0040 0000000000299ae0 0000006f 00208900 DPL=0 TSS64-avl
GDT=     0000000000271ce0 0000004f
IDT=     0000000000271d60 00000fff
CR0=80000013 CR2=0000000000000000 CR3=00000000001ba000 CR4=00000620
DR0=0000000000000000 DR1=0000000000000000 DR2=0000000000000000 DR3=0000000000000000 
DR6=00000000ffff0ff0 DR7=0000000000000400
CCS=0000000000000091 CCD=fffffffffd4655ce CCO=EFLAGS
EFER=0000000000000500
Servicing hardware INT=0x20
   624: v=20 e=0000 i=0 cpl=0 IP=0008:0000000000111ff2 pc=0000000000111ff2 SP=0010:00000000001b9e60 env->regs[R_EAX]=0000000000415347
RAX=0000000000415347 RBX=00000000cccccccd RCX=000000000000001b RDX=00000000000003f8
RSI=0000000000000000 RDI=00000000fee00000 RBP=00000000001b9ff0 RSP=00000000001b9e60
R8 =0000000000000001 R9 =0000000000000000 R10=00000000002f7000 R11=000000000000005e
R12=0000000000000000 R13=0000000000000001 R14=0000000000000001 R15=0000000000008003
RIP=0000000000111ff2 RFL=00000293 [--S-A-C] CPL=0 II=0 A20=1 SMM=0 HLT=0
ES =0010 0000000000000000 ffffffff 00cf9300 DPL=0 DS   [-WA]
CS =0008 0000000000000000 ffffffff 00af9a00 DPL=0 CS64 [-R-]
SS =0010 0000000000000000 ffffffff 00cf9300 DPL=0 DS   [-WA]
DS =0010 0000000000000000 ffffffff 00cf9300 DPL=0 DS   [-WA]
FS =0010 0000000000000000 ffffffff 00cf9300 DPL=0 DS   [-WA]
GS =0010 0000000000000000 ffffffff 00cf9300 DPL=0 DS   [-WA]
LDT=0000 0000000000000000 0000ffff 00008200 DPL=0 LDT
TR =0040 0000000000299ae0 0000006f 00208900 DPL=0 TSS64-avl
GDT=     0000000000271ce0 0000004f
IDT=     0000000000271d60 00000fff
CR0=80000013 CR2=0000000000000000 CR3=00000000001ba000 CR4=00000620
DR0=0000000000000000 DR1=0000000000000000 DR2=0000000000000000 DR3=0000000000000000 
DR6=00000000ffff0ff0 DR7=0000000000000400
CCS=0000000000000091 CCD=fffffffffd4662c7 CCO=EFLAGS
EFER=0000000000000500
Servicing hardware INT=0x20
   625: v=20 e=0000 i=0 cpl=0 IP=0008:0000000000111ff2 pc=0000000000111ff2 SP=0010:00000000001b9e60 env->regs[R_EAX]=00000000004182b0
RAX=00000000004182b0 RBX=00000000cccccccd RCX=000000000000001b RDX=00000000000003f8
RSI=0000000000000000 RDI=00000000fee00000 RBP=00000000001b9ff0 RSP=00000000001b9e60
R8 =0000000000000001 R9 =0000000000000000 R10=00000000002f7000 R11=000000000000005e
R12=0000000000000000 R13=0000000000000001 R14=0000000000000001 R15=0000000000008003
RIP=0000000000111ff2 RFL=00000287 [--S--PC] CPL=0 II=0 A20=1 SMM=0 HLT=0
ES =0010 0000000000000000 ffffffff 00cf9300 DPL=0 DS   [-WA]
CS =0008 0000000000000000 ffffffff 00af9a00 DPL=0 CS64 [-R-]
SS =0010 0000000000000000 ffffffff 00cf9300 DPL=0 DS   [-WA]
DS =0010 0000000000000000 ffffffff 00cf9300 DPL=0 DS   [-WA]
FS =0010 0000000000000000 ffffffff 00cf9300 DPL=0 DS   [-WA]
GS =0010 0000000000000000 ffffffff 00cf9300 DPL=0 DS   [-WA]
LDT=0000 0000000000000000 0000ffff 00008200 DPL=0 LDT
TR =0040 0000000000299ae0 0000006f 00208900 DPL=0 TSS64-avl
GDT=     0000000000271ce0 0000004f
IDT=     0000000000271d60 00000fff
CR0=80000013 CR2=0000000000000000 CR3=00000000001ba000 CR4=00000620
DR0=0000000000000000 DR1=0000000000000000 DR2=0000000000000000 DR3=0000000000000000 
DR6=00000000ffff0ff0 DR7=0000000000000400
CCS=0000000000000085 CCD=fffffffffd469230 CCO=EFLAGS
EFER=0000000000000500
Servicing hardware INT=0x20
   626: v=20 e=0000 i=0 cpl=0 IP=0008:0000000000111ff2 pc=0000000000111ff2 SP=0010:00000000001b9e60 env->regs[R_EAX]=0000000000418ef2
RAX=0000000000418ef2 RBX=00000000cccccccd RCX=000000000000001b RDX=00000000000003f8
RSI=0000000000000000 RDI=00000000fee00000 RBP=00000000001b9ff0 RSP=00000000001b9e60
R8 =0000000000000001 R9 =0000000000000000 R10=00000000002f7000 R11=000000000000005e
R12=0000000000000000 R13=0000000000000001 R14=0000000000000001 R15=0000000000008003
RIP=0000000000111ff2 RFL=00000297 [--S-APC] CPL=0 II=0 A20=1 SMM=0 HLT=0
ES =0010 0000000000000000 ffffffff 00cf9300 DPL=0 DS   [-WA]
CS =0008 0000000000000000 ffffffff 00af9a00 DPL=0 CS64 [-R-]
SS =0010 0000000000000000 ffffffff 00cf9300 DPL=0 DS   [-WA]
DS =0010 0000000000000000 ffffffff 00cf9300 DPL=0 DS   [-WA]
FS =0010 0000000000000000 ffffffff 00cf9300 DPL=0 DS   [-WA]
GS =0010 0000000000000000 ffffffff 00cf9300 DPL=0 DS   [-WA]
LDT=0000 0000000000000000 0000ffff 00008200 DPL=0 LDT
TR =0040 0000000000299ae0 0000006f 00208900 DPL=0 TSS64-avl
GDT=     0000000000271ce0 0000004f
IDT=     0000000000271d60 00000fff
CR0=80000013 CR2=0000000000000000 CR3=00000000001ba000 CR4=00000620
DR0=0000000000000000 DR1=0000000000000000 DR2=0000000000000000 DR3=0000000000000000 
DR6=00000000ffff0ff0 DR7=0000000000000400
CCS=0000000000000095 CCD=fffffffffd469e72 CCO=EFLAGS
EFER=0000000000000500
Servicing hardware INT=0x20
   627: v=20 e=0000 i=0 cpl=0 IP=0008:0000000000111ff2 pc=0000000000111ff2 SP=0010:00000000001b9e60 env->regs[R_EAX]=000000000041bc45
RAX=000000000041bc45 RBX=00000000cccccccd RCX=000000000000001b RDX=00000000000003f8
RSI=0000000000000000 RDI=00000000fee00000 RBP=00000000001b9ff0 RSP=00000000001b9e60
R8 =0000000000000001 R9 =0000000000000000 R10=00000000002f7000 R11=000000000000005e
R12=0000000000000000 R13=0000000000000001 R14=0000000000000001 R15=0000000000008003
RIP=0000000000111ff2 RFL=00000297 [--S-APC] CPL=0 II=0 A20=1 SMM=0 HLT=0
ES =0010 0000000000000000 ffffffff 00cf9300 DPL=0 DS   [-WA]
CS =0008 0000000000000000 ffffffff 00af9a00 DPL=0 CS64 [-R-]
SS =0010 0000000000000000 ffffffff 00cf9300 DPL=0 DS   [-WA]
DS =0010 0000000000000000 ffffffff 00cf9300 DPL=0 DS   [-WA]
FS =0010 0000000000000000 ffffffff 00cf9300 DPL=0 DS   [-WA]
GS =0010 0000000000000000 ffffffff 00cf9300 DPL=0 DS   [-WA]
LDT=0000 0000000000000000 0000ffff 00008200 DPL=0 LDT
TR =0040 0000000000299ae0 0000006f 00208900 DPL=0 TSS64-avl
GDT=     0000000000271ce0 0000004f
IDT=     0000000000271d60 00000fff
CR0=80000013 CR2=0000000000000000 CR3=00000000001ba000 CR4=00000620
DR0=0000000000000000 DR1=0000000000000000 DR2=0000000000000000 DR3=0000000000000000 
DR6=00000000ffff0ff0 DR7=0000000000000400
CCS=0000000000000095 CCD=fffffffffd46cbc5 CCO=EFLAGS
EFER=0000000000000500
Servicing hardware INT=0x20
   628: v=20 e=0000 i=0 cpl=0 IP=0008:0000000000111ff2 pc=0000000000111ff2 SP=0010:00000000001b9e60 env->regs[R_EAX]=000000000041c971
RAX=000000000041c971 RBX=00000000cccccccd RCX=000000000000001b RDX=00000000000003f8
RSI=0000000000000000 RDI=00000000fee00000 RBP=00000000001b9ff0 RSP=00000000001b9e60
R8 =0000000000000001 R9 =0000000000000000 R10=00000000002f7000 R11=000000000000005e
R12=0000000000000000 R13=0000000000000001 R14=0000000000000001 R15=0000000000008003
RIP=0000000000111ff2 RFL=00000293 [--S-A-C] CPL=0 II=0 A20=1 SMM=0 HLT=0
ES =0010 0000000000000000 ffffffff 00cf9300 DPL=0 DS   [-WA]
CS =0008 0000000000000000 ffffffff 00af9a00 DPL=0 CS64 [-R-]
SS =0010 0000000000000000 ffffffff 00cf9300 DPL=0 DS   [-WA]
DS =0010 0000000000000000 ffffffff 00cf9300 DPL=0 DS   [-WA]
FS =0010 0000000000000000 ffffffff 00cf9300 DPL=0 DS   [-WA]
GS =0010 0000000000000000 ffffffff 00cf9300 DPL=0 DS   [-WA]
LDT=0000 0000000000000000 0000ffff 00008200 DPL=0 LDT
TR =0040 0000000000299ae0 0000006f 00208900 DPL=0 TSS64-avl
GDT=     0000000000271ce0 0000004f
IDT=     0000000000271d60 00000fff
CR0=80000013 CR2=0000000000000000 CR3=00000000001ba000 CR4=00000620
DR0=0000000000000000 DR1=0000000000000000 DR2=0000000000000000 DR3=0000000000000000 
DR6=00000000ffff0ff0 DR7=0000000000000400
CCS=0000000000000091 CCD=fffffffffd46d8f1 CCO=EFLAGS
EFER=0000000000000500
Servicing hardware INT=0x20
   629: v=20 e=0000 i=0 cpl=0 IP=0008:0000000000111ff2 pc=0000000000111ff2 SP=0010:00000000001b9e60 env->regs[R_EAX]=000000000041fa49
RAX=000000000041fa49 RBX=00000000cccccccd RCX=000000000000001b RDX=00000000000003f8
RSI=0000000000000000 RDI=00000000fee00000 RBP=00000000001b9ff0 RSP=00000000001b9e60
R8 =0000000000000001 R9 =0000000000000000 R10=00000000002f7000 R11=000000000000005e
R12=0000000000000000 R13=0000000000000001 R14=0000000000000001 R15=0000000000008003
RIP=0000000000111ff2 RFL=00000297 [--S-APC] CPL=0 II=0 A20=1 SMM=0 HLT=0
ES =0010 0000000000000000 ffffffff 00cf9300 DPL=0 DS   [-WA]
CS =0008 0000000000000000 ffffffff 00af9a00 DPL=0 CS64 [-R-]
SS =0010 0000000000000000 ffffffff 00cf9300 DPL=0 DS   [-WA]
DS =0010 0000000000000000 ffffffff 00cf9300 DPL=0 DS   [-WA]
FS =0010 0000000000000000 ffffffff 00cf9300 DPL=0 DS   [-WA]
GS =0010 0000000000000000 ffffffff 00cf9300 DPL=0 DS   [-WA]
LDT=0000 0000000000000000 0000ffff 00008200 DPL=0 LDT
TR =0040 0000000000299ae0 0000006f 00208900 DPL=0 TSS64-avl
GDT=     0000000000271ce0 0000004f
IDT=     0000000000271d60 00000fff
CR0=80000013 CR2=0000000000000000 CR3=00000000001ba000 CR4=00000620
DR0=0000000000000000 DR1=0000000000000000 DR2=0000000000000000 DR3=0000000000000000 
DR6=00000000ffff0ff0 DR7=0000000000000400
CCS=0000000000000095 CCD=fffffffffd4709c9 CCO=EFLAGS
EFER=0000000000000500
Servicing hardware INT=0x20
   630: v=20 e=0000 i=0 cpl=0 IP=0008:0000000000111ff2 pc=0000000000111ff2 SP=0010:00000000001b9e60 env->regs[R_EAX]=000000000041fa49
RAX=000000000041fa49 RBX=00000000cccccccd RCX=000000000000001b RDX=00000000000003f8
RSI=0000000000000000 RDI=00000000fee00000 RBP=00000000001b9ff0 RSP=00000000001b9e60
R8 =0000000000000001 R9 =0000000000000000 R10=00000000002f7000 R11=000000000000005e
R12=0000000000000000 R13=0000000000000001 R14=0000000000000001 R15=0000000000008003
RIP=0000000000111ff2 RFL=00010297 [--S-APC] CPL=0 II=0 A20=1 SMM=0 HLT=0
ES =0010 0000000000000000 ffffffff 00cf9300 DPL=0 DS   [-WA]
CS =0008 0000000000000000 ffffffff 00af9a00 DPL=0 CS64 [-R-]
SS =0010 0000000000000000 ffffffff 00cf9300 DPL=0 DS   [-WA]
DS =0010 0000000000000000 ffffffff 00cf9300 DPL=0 DS   [-WA]
FS =0010 0000000000000000 ffffffff 00cf9300 DPL=0 DS   [-WA]
GS =0010 0000000000000000 ffffffff 00cf9300 DPL=0 DS   [-WA]
LDT=0000 0000000000000000 0000ffff 00008200 DPL=0 LDT
TR =0040 0000000000299ae0 0000006f 00208900 DPL=0 TSS64-avl
GDT=     0000000000271ce0 0000004f
IDT=     0000000000271d60 00000fff
CR0=80000013 CR2=0000000000000000 CR3=00000000001ba000 CR4=00000620
DR0=0000000000000000 DR1=0000000000000000 DR2=0000000000000000 DR3=0000000000000000 
DR6=00000000ffff0ff0 DR7=0000000000000400
CCS=0000000000000095 CCD=00000000001b9e38 CCO=EFLAGS
EFER=0000000000000500
Servicing hardware INT=0x20
   631: v=20 e=0000 i=0 cpl=0 IP=0008:0000000000111ff2 pc=0000000000111ff2 SP=0010:00000000001b9e60 env->regs[R_EAX]=0000000000422864
RAX=0000000000422864 RBX=00000000cccccccd RCX=000000000000001b RDX=00000000000003f8
RSI=0000000000000000 RDI=00000000fee00000 RBP=00000000001b9ff0 RSP=00000000001b9e60
R8 =0000000000000001 R9 =0000000000000000 R10=00000000002f7000 R11=000000000000005e
R12=0000000000000000 R13=0000000000000001 R14=0000000000000001 R15=0000000000008003
RIP=0000000000111ff2 RFL=00000297 [--S-APC] CPL=0 II=0 A20=1 SMM=0 HLT=0
ES =0010 0000000000000000 ffffffff 00cf9300 DPL=0 DS   [-WA]
CS =0008 0000000000000000 ffffffff 00af9a00 DPL=0 CS64 [-R-]
SS =0010 0000000000000000 ffffffff 00cf9300 DPL=0 DS   [-WA]
DS =0010 0000000000000000 ffffffff 00cf9300 DPL=0 DS   [-WA]
FS =0010 0000000000000000 ffffffff 00cf9300 DPL=0 DS   [-WA]
GS =0010 0000000000000000 ffffffff 00cf9300 DPL=0 DS   [-WA]
LDT=0000 0000000000000000 0000ffff 00008200 DPL=0 LDT
TR =0040 0000000000299ae0 0000006f 00208900 DPL=0 TSS64-avl
GDT=     0000000000271ce0 0000004f
IDT=     0000000000271d60 00000fff
CR0=80000013 CR2=0000000000000000 CR3=00000000001ba000 CR4=00000620
DR0=0000000000000000 DR1=0000000000000000 DR2=0000000000000000 DR3=0000000000000000 
DR6=00000000ffff0ff0 DR7=0000000000000400
CCS=0000000000000095 CCD=fffffffffd4737e4 CCO=EFLAGS
EFER=0000000000000500
Servicing hardware INT=0x20
   632: v=20 e=0000 i=0 cpl=0 IP=0008:0000000000111ff2 pc=0000000000111ff2 SP=0010:00000000001b9e60 env->regs[R_EAX]=00000000004233dc
RAX=00000000004233dc RBX=00000000cccccccd RCX=000000000000001b RDX=00000000000003f8
RSI=0000000000000000 RDI=00000000fee00000 RBP=00000000001b9ff0 RSP=00000000001b9e60
R8 =0000000000000001 R9 =0000000000000000 R10=00000000002f7000 R11=000000000000005e
R12=0000000000000000 R13=0000000000000001 R14=0000000000000001 R15=0000000000008003
RIP=0000000000111ff2 RFL=00000297 [--S-APC] CPL=0 II=0 A20=1 SMM=0 HLT=0
ES =0010 0000000000000000 ffffffff 00cf9300 DPL=0 DS   [-WA]
CS =0008 0000000000000000 ffffffff 00af9a00 DPL=0 CS64 [-R-]
SS =0010 0000000000000000 ffffffff 00cf9300 DPL=0 DS   [-WA]
DS =0010 0000000000000000 ffffffff 00cf9300 DPL=0 DS   [-WA]
FS =0010 0000000000000000 ffffffff 00cf9300 DPL=0 DS   [-WA]
GS =0010 0000000000000000 ffffffff 00cf9300 DPL=0 DS   [-WA]
LDT=0000 0000000000000000 0000ffff 00008200 DPL=0 LDT
TR =0040 0000000000299ae0 0000006f 00208900 DPL=0 TSS64-avl
GDT=     0000000000271ce0 0000004f
IDT=     0000000000271d60 00000fff
CR0=80000013 CR2=0000000000000000 CR3=00000000001ba000 CR4=00000620
DR0=0000000000000000 DR1=0000000000000000 DR2=0000000000000000 DR3=0000000000000000 
DR6=00000000ffff0ff0 DR7=0000000000000400
CCS=0000000000000095 CCD=fffffffffd47435c CCO=EFLAGS
EFER=0000000000000500
Servicing hardware INT=0x20
   633: v=20 e=0000 i=0 cpl=0 IP=0008:0000000000111ff2 pc=0000000000111ff2 SP=0010:00000000001b9e60 env->regs[R_EAX]=0000000000425f6f
RAX=0000000000425f6f RBX=00000000cccccccd RCX=000000000000001b RDX=00000000000003f8
RSI=0000000000000000 RDI=00000000fee00000 RBP=00000000001b9ff0 RSP=00000000001b9e60
R8 =0000000000000001 R9 =0000000000000000 R10=00000000002f7000 R11=000000000000005e
R12=0000000000000000 R13=0000000000000001 R14=0000000000000001 R15=0000000000008003
RIP=0000000000111ff2 RFL=00000293 [--S-A-C] CPL=0 II=0 A20=1 SMM=0 HLT=0
ES =0010 0000000000000000 ffffffff 00cf9300 DPL=0 DS   [-WA]
CS =0008 0000000000000000 ffffffff 00af9a00 DPL=0 CS64 [-R-]
SS =0010 0000000000000000 ffffffff 00cf9300 DPL=0 DS   [-WA]
DS =0010 0000000000000000 ffffffff 00cf9300 DPL=0 DS   [-WA]
FS =0010 0000000000000000 ffffffff 00cf9300 DPL=0 DS   [-WA]
GS =0010 0000000000000000 ffffffff 00cf9300 DPL=0 DS   [-WA]
LDT=0000 0000000000000000 0000ffff 00008200 DPL=0 LDT
TR =0040 0000000000299ae0 0000006f 00208900 DPL=0 TSS64-avl
GDT=     0000000000271ce0 0000004f
IDT=     0000000000271d60 00000fff
CR0=80000013 CR2=0000000000000000 CR3=00000000001ba000 CR4=00000620
DR0=0000000000000000 DR1=0000000000000000 DR2=0000000000000000 DR3=0000000000000000 
DR6=00000000ffff0ff0 DR7=0000000000000400
CCS=0000000000000091 CCD=fffffffffd476eef CCO=EFLAGS
EFER=0000000000000500
Servicing hardware INT=0x20
   634: v=20 e=0000 i=0 cpl=0 IP=0008:0000000000111ff2 pc=0000000000111ff2 SP=0010:00000000001b9e60 env->regs[R_EAX]=0000000000426bf4
RAX=0000000000426bf4 RBX=00000000cccccccd RCX=000000000000001b RDX=00000000000003f8
RSI=0000000000000000 RDI=00000000fee00000 RBP=00000000001b9ff0 RSP=00000000001b9e60
R8 =0000000000000001 R9 =0000000000000000 R10=00000000002f7000 R11=000000000000005e
R12=0000000000000000 R13=0000000000000001 R14=0000000000000001 R15=0000000000008003
RIP=0000000000111ff2 RFL=00000297 [--S-APC] CPL=0 II=0 A20=1 SMM=0 HLT=0
ES =0010 0000000000000000 ffffffff 00cf9300 DPL=0 DS   [-WA]
CS =0008 0000000000000000 ffffffff 00af9a00 DPL=0 CS64 [-R-]
SS =0010 0000000000000000 ffffffff 00cf9300 DPL=0 DS   [-WA]
DS =0010 0000000000000000 ffffffff 00cf9300 DPL=0 DS   [-WA]
FS =0010 0000000000000000 ffffffff 00cf9300 DPL=0 DS   [-WA]
GS =0010 0000000000000000 ffffffff 00cf9300 DPL=0 DS   [-WA]
LDT=0000 0000000000000000 0000ffff 00008200 DPL=0 LDT
TR =0040 0000000000299ae0 0000006f 00208900 DPL=0 TSS64-avl
GDT=     0000000000271ce0 0000004f
IDT=     0000000000271d60 00000fff
CR0=80000013 CR2=0000000000000000 CR3=00000000001ba000 CR4=00000620
DR0=0000000000000000 DR1=0000000000000000 DR2=0000000000000000 DR3=0000000000000000 
DR6=00000000ffff0ff0 DR7=0000000000000400
CCS=0000000000000095 CCD=fffffffffd477b74 CCO=EFLAGS
EFER=0000000000000500
Servicing hardware INT=0x20
   635: v=20 e=0000 i=0 cpl=0 IP=0008:0000000000111ff2 pc=0000000000111ff2 SP=0010:00000000001b9e60 env->regs[R_EAX]=0000000000429a5e
RAX=0000000000429a5e RBX=00000000cccccccd RCX=000000000000001b RDX=00000000000003f8
RSI=0000000000000000 RDI=00000000fee00000 RBP=00000000001b9ff0 RSP=00000000001b9e60
R8 =0000000000000001 R9 =0000000000000000 R10=00000000002f7000 R11=000000000000005e
R12=0000000000000000 R13=0000000000000001 R14=0000000000000001 R15=0000000000008003
RIP=0000000000111ff2 RFL=00000297 [--S-APC] CPL=0 II=0 A20=1 SMM=0 HLT=0
ES =0010 0000000000000000 ffffffff 00cf9300 DPL=0 DS   [-WA]
CS =0008 0000000000000000 ffffffff 00af9a00 DPL=0 CS64 [-R-]
SS =0010 0000000000000000 ffffffff 00cf9300 DPL=0 DS   [-WA]
DS =0010 0000000000000000 ffffffff 00cf9300 DPL=0 DS   [-WA]
FS =0010 0000000000000000 ffffffff 00cf9300 DPL=0 DS   [-WA]
GS =0010 0000000000000000 ffffffff 00cf9300 DPL=0 DS   [-WA]
LDT=0000 0000000000000000 0000ffff 00008200 DPL=0 LDT
TR =0040 0000000000299ae0 0000006f 00208900 DPL=0 TSS64-avl
GDT=     0000000000271ce0 0000004f
IDT=     0000000000271d60 00000fff
CR0=80000013 CR2=0000000000000000 CR3=00000000001ba000 CR4=00000620
DR0=0000000000000000 DR1=0000000000000000 DR2=0000000000000000 DR3=0000000000000000 
DR6=00000000ffff0ff0 DR7=0000000000000400
CCS=0000000000000095 CCD=fffffffffd47a9de CCO=EFLAGS
EFER=0000000000000500
Servicing hardware INT=0x20
   636: v=20 e=0000 i=0 cpl=0 IP=0008:0000000000111ff2 pc=0000000000111ff2 SP=0010:00000000001b9e60 env->regs[R_EAX]=000000000042a78e
RAX=000000000042a78e RBX=00000000cccccccd RCX=000000000000001b RDX=00000000000003f8
RSI=0000000000000000 RDI=00000000fee00000 RBP=00000000001b9ff0 RSP=00000000001b9e60
R8 =0000000000000001 R9 =0000000000000000 R10=00000000002f7000 R11=000000000000005e
R12=0000000000000000 R13=0000000000000001 R14=0000000000000001 R15=0000000000008003
RIP=0000000000111ff2 RFL=00000293 [--S-A-C] CPL=0 II=0 A20=1 SMM=0 HLT=0
ES =0010 0000000000000000 ffffffff 00cf9300 DPL=0 DS   [-WA]
CS =0008 0000000000000000 ffffffff 00af9a00 DPL=0 CS64 [-R-]
SS =0010 0000000000000000 ffffffff 00cf9300 DPL=0 DS   [-WA]
DS =0010 0000000000000000 ffffffff 00cf9300 DPL=0 DS   [-WA]
FS =0010 0000000000000000 ffffffff 00cf9300 DPL=0 DS   [-WA]
GS =0010 0000000000000000 ffffffff 00cf9300 DPL=0 DS   [-WA]
LDT=0000 0000000000000000 0000ffff 00008200 DPL=0 LDT
TR =0040 0000000000299ae0 0000006f 00208900 DPL=0 TSS64-avl
GDT=     0000000000271ce0 0000004f
IDT=     0000000000271d60 00000fff
CR0=80000013 CR2=0000000000000000 CR3=00000000001ba000 CR4=00000620
DR0=0000000000000000 DR1=0000000000000000 DR2=0000000000000000 DR3=0000000000000000 
DR6=00000000ffff0ff0 DR7=0000000000000400
CCS=0000000000000091 CCD=fffffffffd47b70e CCO=EFLAGS
EFER=0000000000000500
Servicing hardware INT=0x20
   637: v=20 e=0000 i=0 cpl=0 IP=0008:0000000000111ff2 pc=0000000000111ff2 SP=0010:00000000001b9e60 env->regs[R_EAX]=000000000042d5ad
RAX=000000000042d5ad RBX=00000000cccccccd RCX=000000000000001b RDX=00000000000003f8
RSI=0000000000000000 RDI=00000000fee00000 RBP=00000000001b9ff0 RSP=00000000001b9e60
R8 =0000000000000001 R9 =0000000000000000 R10=00000000002f7000 R11=000000000000005e
R12=0000000000000000 R13=0000000000000001 R14=0000000000000001 R15=0000000000008003
RIP=0000000000111ff2 RFL=00000297 [--S-APC] CPL=0 II=0 A20=1 SMM=0 HLT=0
ES =0010 0000000000000000 ffffffff 00cf9300 DPL=0 DS   [-WA]
CS =0008 0000000000000000 ffffffff 00af9a00 DPL=0 CS64 [-R-]
SS =0010 0000000000000000 ffffffff 00cf9300 DPL=0 DS   [-WA]
DS =0010 0000000000000000 ffffffff 00cf9300 DPL=0 DS   [-WA]
FS =0010 0000000000000000 ffffffff 00cf9300 DPL=0 DS   [-WA]
GS =0010 0000000000000000 ffffffff 00cf9300 DPL=0 DS   [-WA]
LDT=0000 0000000000000000 0000ffff 00008200 DPL=0 LDT
TR =0040 0000000000299ae0 0000006f 00208900 DPL=0 TSS64-avl
GDT=     0000000000271ce0 0000004f
IDT=     0000000000271d60 00000fff
CR0=80000013 CR2=0000000000000000 CR3=00000000001ba000 CR4=00000620
DR0=0000000000000000 DR1=0000000000000000 DR2=0000000000000000 DR3=0000000000000000 
DR6=00000000ffff0ff0 DR7=0000000000000400
CCS=0000000000000095 CCD=fffffffffd47e52d CCO=EFLAGS
EFER=0000000000000500
Servicing hardware INT=0x20
   638: v=20 e=0000 i=0 cpl=0 IP=0008:0000000000111ff2 pc=0000000000111ff2 SP=0010:00000000001b9e60 env->regs[R_EAX]=000000000042e54d
RAX=000000000042e54d RBX=00000000cccccccd RCX=000000000000001b RDX=00000000000003f8
RSI=0000000000000000 RDI=00000000fee00000 RBP=00000000001b9ff0 RSP=00000000001b9e60
R8 =0000000000000001 R9 =0000000000000000 R10=00000000002f7000 R11=000000000000005e
R12=0000000000000000 R13=0000000000000001 R14=0000000000000001 R15=0000000000008003
RIP=0000000000111ff2 RFL=00000293 [--S-A-C] CPL=0 II=0 A20=1 SMM=0 HLT=0
ES =0010 0000000000000000 ffffffff 00cf9300 DPL=0 DS   [-WA]
CS =0008 0000000000000000 ffffffff 00af9a00 DPL=0 CS64 [-R-]
SS =0010 0000000000000000 ffffffff 00cf9300 DPL=0 DS   [-WA]
DS =0010 0000000000000000 ffffffff 00cf9300 DPL=0 DS   [-WA]
FS =0010 0000000000000000 ffffffff 00cf9300 DPL=0 DS   [-WA]
GS =0010 0000000000000000 ffffffff 00cf9300 DPL=0 DS   [-WA]
LDT=0000 0000000000000000 0000ffff 00008200 DPL=0 LDT
TR =0040 0000000000299ae0 0000006f 00208900 DPL=0 TSS64-avl
GDT=     0000000000271ce0 0000004f
IDT=     0000000000271d60 00000fff
CR0=80000013 CR2=0000000000000000 CR3=00000000001ba000 CR4=00000620
DR0=0000000000000000 DR1=0000000000000000 DR2=0000000000000000 DR3=0000000000000000 
DR6=00000000ffff0ff0 DR7=0000000000000400
CCS=0000000000000091 CCD=fffffffffd47f4cd CCO=EFLAGS
EFER=0000000000000500
Servicing hardware INT=0x20
   639: v=20 e=0000 i=0 cpl=0 IP=0008:0000000000111ff2 pc=0000000000111ff2 SP=0010:00000000001b9e60 env->regs[R_EAX]=0000000000431277
RAX=0000000000431277 RBX=00000000cccccccd RCX=000000000000001b RDX=00000000000003f8
RSI=0000000000000000 RDI=00000000fee00000 RBP=00000000001b9ff0 RSP=00000000001b9e60
R8 =0000000000000001 R9 =0000000000000000 R10=00000000002f7000 R11=000000000000005e
R12=0000000000000000 R13=0000000000000001 R14=0000000000000001 R15=0000000000008003
RIP=0000000000111ff2 RFL=00000293 [--S-A-C] CPL=0 II=0 A20=1 SMM=0 HLT=0
ES =0010 0000000000000000 ffffffff 00cf9300 DPL=0 DS   [-WA]
CS =0008 0000000000000000 ffffffff 00af9a00 DPL=0 CS64 [-R-]
SS =0010 0000000000000000 ffffffff 00cf9300 DPL=0 DS   [-WA]
DS =0010 0000000000000000 ffffffff 00cf9300 DPL=0 DS   [-WA]
FS =0010 0000000000000000 ffffffff 00cf9300 DPL=0 DS   [-WA]
GS =0010 0000000000000000 ffffffff 00cf9300 DPL=0 DS   [-WA]
LDT=0000 0000000000000000 0000ffff 00008200 DPL=0 LDT
TR =0040 0000000000299ae0 0000006f 00208900 DPL=0 TSS64-avl
GDT=     0000000000271ce0 0000004f
IDT=     0000000000271d60 00000fff
CR0=80000013 CR2=0000000000000000 CR3=00000000001ba000 CR4=00000620
DR0=0000000000000000 DR1=0000000000000000 DR2=0000000000000000 DR3=0000000000000000 
DR6=00000000ffff0ff0 DR7=0000000000000400
CCS=0000000000000091 CCD=fffffffffd4821f7 CCO=EFLAGS
EFER=0000000000000500
Servicing hardware INT=0x20
   640: v=20 e=0000 i=0 cpl=0 IP=0008:0000000000111ff2 pc=0000000000111ff2 SP=0010:00000000001b9e60 env->regs[R_EAX]=0000000000431e95
RAX=0000000000431e95 RBX=00000000cccccccd RCX=000000000000001b RDX=00000000000003f8
RSI=0000000000000000 RDI=00000000fee00000 RBP=00000000001b9ff0 RSP=00000000001b9e60
R8 =0000000000000001 R9 =0000000000000000 R10=00000000002f7000 R11=000000000000005e
R12=0000000000000000 R13=0000000000000001 R14=0000000000000001 R15=0000000000008003
RIP=0000000000111ff2 RFL=00000293 [--S-A-C] CPL=0 II=0 A20=1 SMM=0 HLT=0
ES =0010 0000000000000000 ffffffff 00cf9300 DPL=0 DS   [-WA]
CS =0008 0000000000000000 ffffffff 00af9a00 DPL=0 CS64 [-R-]
SS =0010 0000000000000000 ffffffff 00cf9300 DPL=0 DS   [-WA]
DS =0010 0000000000000000 ffffffff 00cf9300 DPL=0 DS   [-WA]
FS =0010 0000000000000000 ffffffff 00cf9300 DPL=0 DS   [-WA]
GS =0010 0000000000000000 ffffffff 00cf9300 DPL=0 DS   [-WA]
LDT=0000 0000000000000000 0000ffff 00008200 DPL=0 LDT
TR =0040 0000000000299ae0 0000006f 00208900 DPL=0 TSS64-avl
GDT=     0000000000271ce0 0000004f
IDT=     0000000000271d60 00000fff
CR0=80000013 CR2=0000000000000000 CR3=00000000001ba000 CR4=00000620
DR0=0000000000000000 DR1=0000000000000000 DR2=0000000000000000 DR3=0000000000000000 
DR6=00000000ffff0ff0 DR7=0000000000000400
CCS=0000000000000091 CCD=fffffffffd482e15 CCO=EFLAGS
EFER=0000000000000500
Servicing hardware INT=0x20
   641: v=20 e=0000 i=0 cpl=0 IP=0008:0000000000111ff2 pc=0000000000111ff2 SP=0010:00000000001b9e60 env->regs[R_EAX]=0000000000434ea4
RAX=0000000000434ea4 RBX=00000000cccccccd RCX=000000000000001b RDX=00000000000003f8
RSI=0000000000000000 RDI=00000000fee00000 RBP=00000000001b9ff0 RSP=00000000001b9e60
R8 =0000000000000001 R9 =0000000000000000 R10=00000000002f7000 R11=000000000000005e
R12=0000000000000000 R13=0000000000000001 R14=0000000000000001 R15=0000000000008003
RIP=0000000000111ff2 RFL=00000297 [--S-APC] CPL=0 II=0 A20=1 SMM=0 HLT=0
ES =0010 0000000000000000 ffffffff 00cf9300 DPL=0 DS   [-WA]
CS =0008 0000000000000000 ffffffff 00af9a00 DPL=0 CS64 [-R-]
SS =0010 0000000000000000 ffffffff 00cf9300 DPL=0 DS   [-WA]
DS =0010 0000000000000000 ffffffff 00cf9300 DPL=0 DS   [-WA]
FS =0010 0000000000000000 ffffffff 00cf9300 DPL=0 DS   [-WA]
GS =0010 0000000000000000 ffffffff 00cf9300 DPL=0 DS   [-WA]
LDT=0000 0000000000000000 0000ffff 00008200 DPL=0 LDT
TR =0040 0000000000299ae0 0000006f 00208900 DPL=0 TSS64-avl
GDT=     0000000000271ce0 0000004f
IDT=     0000000000271d60 00000fff
CR0=80000013 CR2=0000000000000000 CR3=00000000001ba000 CR4=00000620
DR0=0000000000000000 DR1=0000000000000000 DR2=0000000000000000 DR3=0000000000000000 
DR6=00000000ffff0ff0 DR7=0000000000000400
CCS=0000000000000095 CCD=fffffffffd485e24 CCO=EFLAGS
EFER=0000000000000500
Servicing hardware INT=0x20
   642: v=20 e=0000 i=0 cpl=0 IP=0008:0000000000111ff2 pc=0000000000111ff2 SP=0010:00000000001b9e60 env->regs[R_EAX]=0000000000435a71
RAX=0000000000435a71 RBX=00000000cccccccd RCX=000000000000001b RDX=00000000000003f8
RSI=0000000000000000 RDI=00000000fee00000 RBP=00000000001b9ff0 RSP=00000000001b9e60
R8 =0000000000000001 R9 =0000000000000000 R10=00000000002f7000 R11=000000000000005e
R12=0000000000000000 R13=0000000000000001 R14=0000000000000001 R15=0000000000008003
RIP=0000000000111ff2 RFL=00000293 [--S-A-C] CPL=0 II=0 A20=1 SMM=0 HLT=0
ES =0010 0000000000000000 ffffffff 00cf9300 DPL=0 DS   [-WA]
CS =0008 0000000000000000 ffffffff 00af9a00 DPL=0 CS64 [-R-]
SS =0010 0000000000000000 ffffffff 00cf9300 DPL=0 DS   [-WA]
DS =0010 0000000000000000 ffffffff 00cf9300 DPL=0 DS   [-WA]
FS =0010 0000000000000000 ffffffff 00cf9300 DPL=0 DS   [-WA]
GS =0010 0000000000000000 ffffffff 00cf9300 DPL=0 DS   [-WA]
LDT=0000 0000000000000000 0000ffff 00008200 DPL=0 LDT
TR =0040 0000000000299ae0 0000006f 00208900 DPL=0 TSS64-avl
GDT=     0000000000271ce0 0000004f
IDT=     0000000000271d60 00000fff
CR0=80000013 CR2=0000000000000000 CR3=00000000001ba000 CR4=00000620
DR0=0000000000000000 DR1=0000000000000000 DR2=0000000000000000 DR3=0000000000000000 
DR6=00000000ffff0ff0 DR7=0000000000000400
CCS=0000000000000091 CCD=fffffffffd4869f1 CCO=EFLAGS
EFER=0000000000000500
Servicing hardware INT=0x20
   643: v=20 e=0000 i=0 cpl=0 IP=0008:0000000000111ff2 pc=0000000000111ff2 SP=0010:00000000001b9e60 env->regs[R_EAX]=000000000043884e
RAX=000000000043884e RBX=00000000cccccccd RCX=000000000000001b RDX=00000000000003f8
RSI=0000000000000000 RDI=00000000fee00000 RBP=00000000001b9ff0 RSP=00000000001b9e60
R8 =0000000000000001 R9 =0000000000000000 R10=00000000002f7000 R11=000000000000005e
R12=0000000000000000 R13=0000000000000001 R14=0000000000000001 R15=0000000000008003
RIP=0000000000111ff2 RFL=00000293 [--S-A-C] CPL=0 II=0 A20=1 SMM=0 HLT=0
ES =0010 0000000000000000 ffffffff 00cf9300 DPL=0 DS   [-WA]
CS =0008 0000000000000000 ffffffff 00af9a00 DPL=0 CS64 [-R-]
SS =0010 0000000000000000 ffffffff 00cf9300 DPL=0 DS   [-WA]
DS =0010 0000000000000000 ffffffff 00cf9300 DPL=0 DS   [-WA]
FS =0010 0000000000000000 ffffffff 00cf9300 DPL=0 DS   [-WA]
GS =0010 0000000000000000 ffffffff 00cf9300 DPL=0 DS   [-WA]
LDT=0000 0000000000000000 0000ffff 00008200 DPL=0 LDT
TR =0040 0000000000299ae0 0000006f 00208900 DPL=0 TSS64-avl
GDT=     0000000000271ce0 0000004f
IDT=     0000000000271d60 00000fff
CR0=80000013 CR2=0000000000000000 CR3=00000000001ba000 CR4=00000620
DR0=0000000000000000 DR1=0000000000000000 DR2=0000000000000000 DR3=0000000000000000 
DR6=00000000ffff0ff0 DR7=0000000000000400
CCS=0000000000000091 CCD=fffffffffd4897ce CCO=EFLAGS
EFER=0000000000000500
Servicing hardware INT=0x20
   644: v=20 e=0000 i=0 cpl=0 IP=0008:0000000000111ff2 pc=0000000000111ff2 SP=0010:00000000001b9e60 env->regs[R_EAX]=0000000000439d06
RAX=0000000000439d06 RBX=00000000cccccccd RCX=000000000000001b RDX=00000000000003f8
RSI=0000000000000000 RDI=00000000fee00000 RBP=00000000001b9ff0 RSP=00000000001b9e60
R8 =0000000000000001 R9 =0000000000000000 R10=00000000002f7000 R11=000000000000005e
R12=0000000000000000 R13=0000000000000001 R14=0000000000000001 R15=0000000000008003
RIP=0000000000111ff2 RFL=00000293 [--S-A-C] CPL=0 II=0 A20=1 SMM=0 HLT=0
ES =0010 0000000000000000 ffffffff 00cf9300 DPL=0 DS   [-WA]
CS =0008 0000000000000000 ffffffff 00af9a00 DPL=0 CS64 [-R-]
SS =0010 0000000000000000 ffffffff 00cf9300 DPL=0 DS   [-WA]
DS =0010 0000000000000000 ffffffff 00cf9300 DPL=0 DS   [-WA]
FS =0010 0000000000000000 ffffffff 00cf9300 DPL=0 DS   [-WA]
GS =0010 0000000000000000 ffffffff 00cf9300 DPL=0 DS   [-WA]
LDT=0000 0000000000000000 0000ffff 00008200 DPL=0 LDT
TR =0040 0000000000299ae0 0000006f 00208900 DPL=0 TSS64-avl
GDT=     0000000000271ce0 0000004f
IDT=     0000000000271d60 00000fff
CR0=80000013 CR2=0000000000000000 CR3=00000000001ba000 CR4=00000620
DR0=0000000000000000 DR1=0000000000000000 DR2=0000000000000000 DR3=0000000000000000 
DR6=00000000ffff0ff0 DR7=0000000000000400
CCS=0000000000000091 CCD=fffffffffd48ac86 CCO=EFLAGS
EFER=0000000000000500
Servicing hardware INT=0x20
   645: v=20 e=0000 i=0 cpl=0 IP=0008:0000000000111ff2 pc=0000000000111ff2 SP=0010:00000000001b9e60 env->regs[R_EAX]=000000000043bedc
RAX=000000000043bedc RBX=00000000cccccccd RCX=000000000000001b RDX=00000000000003f8
RSI=0000000000000000 RDI=00000000fee00000 RBP=00000000001b9ff0 RSP=00000000001b9e60
R8 =0000000000000001 R9 =0000000000000000 R10=00000000002f7000 R11=000000000000005e
R12=0000000000000000 R13=0000000000000001 R14=0000000000000001 R15=0000000000008003
RIP=0000000000111ff2 RFL=00000297 [--S-APC] CPL=0 II=0 A20=1 SMM=0 HLT=0
ES =0010 0000000000000000 ffffffff 00cf9300 DPL=0 DS   [-WA]
CS =0008 0000000000000000 ffffffff 00af9a00 DPL=0 CS64 [-R-]
SS =0010 0000000000000000 ffffffff 00cf9300 DPL=0 DS   [-WA]
DS =0010 0000000000000000 ffffffff 00cf9300 DPL=0 DS   [-WA]
FS =0010 0000000000000000 ffffffff 00cf9300 DPL=0 DS   [-WA]
GS =0010 0000000000000000 ffffffff 00cf9300 DPL=0 DS   [-WA]
LDT=0000 0000000000000000 0000ffff 00008200 DPL=0 LDT
TR =0040 0000000000299ae0 0000006f 00208900 DPL=0 TSS64-avl
GDT=     0000000000271ce0 0000004f
IDT=     0000000000271d60 00000fff
CR0=80000013 CR2=0000000000000000 CR3=00000000001ba000 CR4=00000620
DR0=0000000000000000 DR1=0000000000000000 DR2=0000000000000000 DR3=0000000000000000 
DR6=00000000ffff0ff0 DR7=0000000000000400
CCS=0000000000000095 CCD=fffffffffd48ce5c CCO=EFLAGS
EFER=0000000000000500
Servicing hardware INT=0x20
   646: v=20 e=0000 i=0 cpl=0 IP=0008:0000000000111ff2 pc=0000000000111ff2 SP=0010:00000000001b9e60 env->regs[R_EAX]=000000000043cc05
RAX=000000000043cc05 RBX=00000000cccccccd RCX=000000000000001b RDX=00000000000003f8
RSI=0000000000000000 RDI=00000000fee00000 RBP=00000000001b9ff0 RSP=00000000001b9e60
R8 =0000000000000001 R9 =0000000000000000 R10=00000000002f7000 R11=000000000000005e
R12=0000000000000000 R13=0000000000000001 R14=0000000000000001 R15=0000000000008003
RIP=0000000000111ff2 RFL=00000293 [--S-A-C] CPL=0 II=0 A20=1 SMM=0 HLT=0
ES =0010 0000000000000000 ffffffff 00cf9300 DPL=0 DS   [-WA]
CS =0008 0000000000000000 ffffffff 00af9a00 DPL=0 CS64 [-R-]
SS =0010 0000000000000000 ffffffff 00cf9300 DPL=0 DS   [-WA]
DS =0010 0000000000000000 ffffffff 00cf9300 DPL=0 DS   [-WA]
FS =0010 0000000000000000 ffffffff 00cf9300 DPL=0 DS   [-WA]
GS =0010 0000000000000000 ffffffff 00cf9300 DPL=0 DS   [-WA]
LDT=0000 0000000000000000 0000ffff 00008200 DPL=0 LDT
TR =0040 0000000000299ae0 0000006f 00208900 DPL=0 TSS64-avl
GDT=     0000000000271ce0 0000004f
IDT=     0000000000271d60 00000fff
CR0=80000013 CR2=0000000000000000 CR3=00000000001ba000 CR4=00000620
DR0=0000000000000000 DR1=0000000000000000 DR2=0000000000000000 DR3=0000000000000000 
DR6=00000000ffff0ff0 DR7=0000000000000400
CCS=0000000000000091 CCD=fffffffffd48db85 CCO=EFLAGS
EFER=0000000000000500
Servicing hardware INT=0x20
   647: v=20 e=0000 i=0 cpl=0 IP=0008:0000000000111ff2 pc=0000000000111ff2 SP=0010:00000000001b9e60 env->regs[R_EAX]=000000000043fc9f
RAX=000000000043fc9f RBX=00000000cccccccd RCX=000000000000001b RDX=00000000000003f8
RSI=0000000000000000 RDI=00000000fee00000 RBP=00000000001b9ff0 RSP=00000000001b9e60
R8 =0000000000000001 R9 =0000000000000000 R10=00000000002f7000 R11=000000000000005e
R12=0000000000000000 R13=0000000000000001 R14=0000000000000001 R15=0000000000008003
RIP=0000000000111ff2 RFL=00000293 [--S-A-C] CPL=0 II=0 A20=1 SMM=0 HLT=0
ES =0010 0000000000000000 ffffffff 00cf9300 DPL=0 DS   [-WA]
CS =0008 0000000000000000 ffffffff 00af9a00 DPL=0 CS64 [-R-]
SS =0010 0000000000000000 ffffffff 00cf9300 DPL=0 DS   [-WA]
DS =0010 0000000000000000 ffffffff 00cf9300 DPL=0 DS   [-WA]
FS =0010 0000000000000000 ffffffff 00cf9300 DPL=0 DS   [-WA]
GS =0010 0000000000000000 ffffffff 00cf9300 DPL=0 DS   [-WA]
LDT=0000 0000000000000000 0000ffff 00008200 DPL=0 LDT
TR =0040 0000000000299ae0 0000006f 00208900 DPL=0 TSS64-avl
GDT=     0000000000271ce0 0000004f
IDT=     0000000000271d60 00000fff
CR0=80000013 CR2=0000000000000000 CR3=00000000001ba000 CR4=00000620
DR0=0000000000000000 DR1=0000000000000000 DR2=0000000000000000 DR3=0000000000000000 
DR6=00000000ffff0ff0 DR7=0000000000000400
CCS=0000000000000091 CCD=fffffffffd490c1f CCO=EFLAGS
EFER=0000000000000500
Servicing hardware INT=0x20
   648: v=20 e=0000 i=0 cpl=0 IP=0008:0000000000111ff2 pc=0000000000111ff2 SP=0010:00000000001b9e60 env->regs[R_EAX]=0000000000440980
RAX=0000000000440980 RBX=00000000cccccccd RCX=000000000000001b RDX=00000000000003f8
RSI=0000000000000000 RDI=00000000fee00000 RBP=00000000001b9ff0 RSP=00000000001b9e60
R8 =0000000000000001 R9 =0000000000000000 R10=00000000002f7000 R11=000000000000005e
R12=0000000000000000 R13=0000000000000001 R14=0000000000000001 R15=0000000000008003
RIP=0000000000111ff2 RFL=00000287 [--S--PC] CPL=0 II=0 A20=1 SMM=0 HLT=0
ES =0010 0000000000000000 ffffffff 00cf9300 DPL=0 DS   [-WA]
CS =0008 0000000000000000 ffffffff 00af9a00 DPL=0 CS64 [-R-]
SS =0010 0000000000000000 ffffffff 00cf9300 DPL=0 DS   [-WA]
DS =0010 0000000000000000 ffffffff 00cf9300 DPL=0 DS   [-WA]
FS =0010 0000000000000000 ffffffff 00cf9300 DPL=0 DS   [-WA]
GS =0010 0000000000000000 ffffffff 00cf9300 DPL=0 DS   [-WA]
LDT=0000 0000000000000000 0000ffff 00008200 DPL=0 LDT
TR =0040 0000000000299ae0 0000006f 00208900 DPL=0 TSS64-avl
GDT=     0000000000271ce0 0000004f
IDT=     0000000000271d60 00000fff
CR0=80000013 CR2=0000000000000000 CR3=00000000001ba000 CR4=00000620
DR0=0000000000000000 DR1=0000000000000000 DR2=0000000000000000 DR3=0000000000000000 
DR6=00000000ffff0ff0 DR7=0000000000000400
CCS=0000000000000085 CCD=fffffffffd491900 CCO=EFLAGS
EFER=0000000000000500
Servicing hardware INT=0x20
   649: v=20 e=0000 i=0 cpl=0 IP=0008:0000000000111ff2 pc=0000000000111ff2 SP=0010:00000000001b9e60 env->regs[R_EAX]=00000000004439c3
RAX=00000000004439c3 RBX=00000000cccccccd RCX=000000000000001b RDX=00000000000003f8
RSI=0000000000000000 RDI=00000000fee00000 RBP=00000000001b9ff0 RSP=00000000001b9e60
R8 =0000000000000001 R9 =0000000000000000 R10=00000000002f7000 R11=000000000000005e
R12=0000000000000000 R13=0000000000000001 R14=0000000000000001 R15=0000000000008003
RIP=0000000000111ff2 RFL=00000293 [--S-A-C] CPL=0 II=0 A20=1 SMM=0 HLT=0
ES =0010 0000000000000000 ffffffff 00cf9300 DPL=0 DS   [-WA]
CS =0008 0000000000000000 ffffffff 00af9a00 DPL=0 CS64 [-R-]
SS =0010 0000000000000000 ffffffff 00cf9300 DPL=0 DS   [-WA]
DS =0010 0000000000000000 ffffffff 00cf9300 DPL=0 DS   [-WA]
FS =0010 0000000000000000 ffffffff 00cf9300 DPL=0 DS   [-WA]
GS =0010 0000000000000000 ffffffff 00cf9300 DPL=0 DS   [-WA]
LDT=0000 0000000000000000 0000ffff 00008200 DPL=0 LDT
TR =0040 0000000000299ae0 0000006f 00208900 DPL=0 TSS64-avl
GDT=     0000000000271ce0 0000004f
IDT=     0000000000271d60 00000fff
CR0=80000013 CR2=0000000000000000 CR3=00000000001ba000 CR4=00000620
DR0=0000000000000000 DR1=0000000000000000 DR2=0000000000000000 DR3=0000000000000000 
DR6=00000000ffff0ff0 DR7=0000000000000400
CCS=0000000000000091 CCD=fffffffffd494943 CCO=EFLAGS
EFER=0000000000000500
Servicing hardware INT=0x20
   650: v=20 e=0000 i=0 cpl=0 IP=0008:0000000000111ff2 pc=0000000000111ff2 SP=0010:00000000001b9e60 env->regs[R_EAX]=00000000004447ba
RAX=00000000004447ba RBX=00000000cccccccd RCX=000000000000001b RDX=00000000000003f8
RSI=0000000000000000 RDI=00000000fee00000 RBP=00000000001b9ff0 RSP=00000000001b9e60
R8 =0000000000000001 R9 =0000000000000000 R10=00000000002f7000 R11=000000000000005e
R12=0000000000000000 R13=0000000000000001 R14=0000000000000001 R15=0000000000008003
RIP=0000000000111ff2 RFL=00000297 [--S-APC] CPL=0 II=0 A20=1 SMM=0 HLT=0
ES =0010 0000000000000000 ffffffff 00cf9300 DPL=0 DS   [-WA]
CS =0008 0000000000000000 ffffffff 00af9a00 DPL=0 CS64 [-R-]
SS =0010 0000000000000000 ffffffff 00cf9300 DPL=0 DS   [-WA]
DS =0010 0000000000000000 ffffffff 00cf9300 DPL=0 DS   [-WA]
FS =0010 0000000000000000 ffffffff 00cf9300 DPL=0 DS   [-WA]
GS =0010 0000000000000000 ffffffff 00cf9300 DPL=0 DS   [-WA]
LDT=0000 0000000000000000 0000ffff 00008200 DPL=0 LDT
TR =0040 0000000000299ae0 0000006f 00208900 DPL=0 TSS64-avl
GDT=     0000000000271ce0 0000004f
IDT=     0000000000271d60 00000fff
CR0=80000013 CR2=0000000000000000 CR3=00000000001ba000 CR4=00000620
DR0=0000000000000000 DR1=0000000000000000 DR2=0000000000000000 DR3=0000000000000000 
DR6=00000000ffff0ff0 DR7=0000000000000400
CCS=0000000000000095 CCD=fffffffffd49573a CCO=EFLAGS
EFER=0000000000000500
Servicing hardware INT=0x20
   651: v=20 e=0000 i=0 cpl=0 IP=0008:0000000000111ff2 pc=0000000000111ff2 SP=0010:00000000001b9e60 env->regs[R_EAX]=0000000000447343
RAX=0000000000447343 RBX=00000000cccccccd RCX=000000000000001b RDX=00000000000003f8
RSI=0000000000000000 RDI=00000000fee00000 RBP=00000000001b9ff0 RSP=00000000001b9e60
R8 =0000000000000001 R9 =0000000000000000 R10=00000000002f7000 R11=000000000000005e
R12=0000000000000000 R13=0000000000000001 R14=0000000000000001 R15=0000000000008003
RIP=0000000000111ff2 RFL=00000297 [--S-APC] CPL=0 II=0 A20=1 SMM=0 HLT=0
ES =0010 0000000000000000 ffffffff 00cf9300 DPL=0 DS   [-WA]
CS =0008 0000000000000000 ffffffff 00af9a00 DPL=0 CS64 [-R-]
SS =0010 0000000000000000 ffffffff 00cf9300 DPL=0 DS   [-WA]
DS =0010 0000000000000000 ffffffff 00cf9300 DPL=0 DS   [-WA]
FS =0010 0000000000000000 ffffffff 00cf9300 DPL=0 DS   [-WA]
GS =0010 0000000000000000 ffffffff 00cf9300 DPL=0 DS   [-WA]
LDT=0000 0000000000000000 0000ffff 00008200 DPL=0 LDT
TR =0040 0000000000299ae0 0000006f 00208900 DPL=0 TSS64-avl
GDT=     0000000000271ce0 0000004f
IDT=     0000000000271d60 00000fff
CR0=80000013 CR2=0000000000000000 CR3=00000000001ba000 CR4=00000620
DR0=0000000000000000 DR1=0000000000000000 DR2=0000000000000000 DR3=0000000000000000 
DR6=00000000ffff0ff0 DR7=0000000000000400
CCS=0000000000000095 CCD=fffffffffd4982c3 CCO=EFLAGS
EFER=0000000000000500
Servicing hardware INT=0x20
   652: v=20 e=0000 i=0 cpl=0 IP=0008:0000000000111ff2 pc=0000000000111ff2 SP=0010:00000000001b9e60 env->regs[R_EAX]=0000000000447fde
RAX=0000000000447fde RBX=00000000cccccccd RCX=000000000000001b RDX=00000000000003f8
RSI=0000000000000000 RDI=00000000fee00000 RBP=00000000001b9ff0 RSP=00000000001b9e60
R8 =0000000000000001 R9 =0000000000000000 R10=00000000002f7000 R11=000000000000005e
R12=0000000000000000 R13=0000000000000001 R14=0000000000000001 R15=0000000000008003
RIP=0000000000111ff2 RFL=00000293 [--S-A-C] CPL=0 II=0 A20=1 SMM=0 HLT=0
ES =0010 0000000000000000 ffffffff 00cf9300 DPL=0 DS   [-WA]
CS =0008 0000000000000000 ffffffff 00af9a00 DPL=0 CS64 [-R-]
SS =0010 0000000000000000 ffffffff 00cf9300 DPL=0 DS   [-WA]
DS =0010 0000000000000000 ffffffff 00cf9300 DPL=0 DS   [-WA]
FS =0010 0000000000000000 ffffffff 00cf9300 DPL=0 DS   [-WA]
GS =0010 0000000000000000 ffffffff 00cf9300 DPL=0 DS   [-WA]
LDT=0000 0000000000000000 0000ffff 00008200 DPL=0 LDT
TR =0040 0000000000299ae0 0000006f 00208900 DPL=0 TSS64-avl
GDT=     0000000000271ce0 0000004f
IDT=     0000000000271d60 00000fff
CR0=80000013 CR2=0000000000000000 CR3=00000000001ba000 CR4=00000620
DR0=0000000000000000 DR1=0000000000000000 DR2=0000000000000000 DR3=0000000000000000 
DR6=00000000ffff0ff0 DR7=0000000000000400
CCS=0000000000000091 CCD=fffffffffd498f5e CCO=EFLAGS
EFER=0000000000000500
Servicing hardware INT=0x20
   653: v=20 e=0000 i=0 cpl=0 IP=0008:0000000000111ff2 pc=0000000000111ff2 SP=0010:00000000001b9e60 env->regs[R_EAX]=000000000044acff
RAX=000000000044acff RBX=00000000cccccccd RCX=000000000000001b RDX=00000000000003f8
RSI=0000000000000000 RDI=00000000fee00000 RBP=00000000001b9ff0 RSP=00000000001b9e60
R8 =0000000000000001 R9 =0000000000000000 R10=00000000002f7000 R11=000000000000005e
R12=0000000000000000 R13=0000000000000001 R14=0000000000000001 R15=0000000000008003
RIP=0000000000111ff2 RFL=00000293 [--S-A-C] CPL=0 II=0 A20=1 SMM=0 HLT=0
ES =0010 0000000000000000 ffffffff 00cf9300 DPL=0 DS   [-WA]
CS =0008 0000000000000000 ffffffff 00af9a00 DPL=0 CS64 [-R-]
SS =0010 0000000000000000 ffffffff 00cf9300 DPL=0 DS   [-WA]
DS =0010 0000000000000000 ffffffff 00cf9300 DPL=0 DS   [-WA]
FS =0010 0000000000000000 ffffffff 00cf9300 DPL=0 DS   [-WA]
GS =0010 0000000000000000 ffffffff 00cf9300 DPL=0 DS   [-WA]
LDT=0000 0000000000000000 0000ffff 00008200 DPL=0 LDT
TR =0040 0000000000299ae0 0000006f 00208900 DPL=0 TSS64-avl
GDT=     0000000000271ce0 0000004f
IDT=     0000000000271d60 00000fff
CR0=80000013 CR2=0000000000000000 CR3=00000000001ba000 CR4=00000620
DR0=0000000000000000 DR1=0000000000000000 DR2=0000000000000000 DR3=0000000000000000 
DR6=00000000ffff0ff0 DR7=0000000000000400
CCS=0000000000000091 CCD=fffffffffd49bc7f CCO=EFLAGS
EFER=0000000000000500
Servicing hardware INT=0x20
   654: v=20 e=0000 i=0 cpl=0 IP=0008:0000000000111ff2 pc=0000000000111ff2 SP=0010:00000000001b9e60 env->regs[R_EAX]=000000000044b965
RAX=000000000044b965 RBX=00000000cccccccd RCX=000000000000001b RDX=00000000000003f8
RSI=0000000000000000 RDI=00000000fee00000 RBP=00000000001b9ff0 RSP=00000000001b9e60
R8 =0000000000000001 R9 =0000000000000000 R10=00000000002f7000 R11=000000000000005e
R12=0000000000000000 R13=0000000000000001 R14=0000000000000001 R15=0000000000008003
RIP=0000000000111ff2 RFL=00000293 [--S-A-C] CPL=0 II=0 A20=1 SMM=0 HLT=0
ES =0010 0000000000000000 ffffffff 00cf9300 DPL=0 DS   [-WA]
CS =0008 0000000000000000 ffffffff 00af9a00 DPL=0 CS64 [-R-]
SS =0010 0000000000000000 ffffffff 00cf9300 DPL=0 DS   [-WA]
DS =0010 0000000000000000 ffffffff 00cf9300 DPL=0 DS   [-WA]
FS =0010 0000000000000000 ffffffff 00cf9300 DPL=0 DS   [-WA]
GS =0010 0000000000000000 ffffffff 00cf9300 DPL=0 DS   [-WA]
LDT=0000 0000000000000000 0000ffff 00008200 DPL=0 LDT
TR =0040 0000000000299ae0 0000006f 00208900 DPL=0 TSS64-avl
GDT=     0000000000271ce0 0000004f
IDT=     0000000000271d60 00000fff
CR0=80000013 CR2=0000000000000000 CR3=00000000001ba000 CR4=00000620
DR0=0000000000000000 DR1=0000000000000000 DR2=0000000000000000 DR3=0000000000000000 
DR6=00000000ffff0ff0 DR7=0000000000000400
CCS=0000000000000091 CCD=fffffffffd49c8e5 CCO=EFLAGS
EFER=0000000000000500
Servicing hardware INT=0x20
   655: v=20 e=0000 i=0 cpl=0 IP=0008:0000000000111ff2 pc=0000000000111ff2 SP=0010:00000000001b9e60 env->regs[R_EAX]=000000000044e768
RAX=000000000044e768 RBX=00000000cccccccd RCX=000000000000001b RDX=00000000000003f8
RSI=0000000000000000 RDI=00000000fee00000 RBP=00000000001b9ff0 RSP=00000000001b9e60
R8 =0000000000000001 R9 =0000000000000000 R10=00000000002f7000 R11=000000000000005e
R12=0000000000000000 R13=0000000000000001 R14=0000000000000001 R15=0000000000008003
RIP=0000000000111ff2 RFL=00000297 [--S-APC] CPL=0 II=0 A20=1 SMM=0 HLT=0
ES =0010 0000000000000000 ffffffff 00cf9300 DPL=0 DS   [-WA]
CS =0008 0000000000000000 ffffffff 00af9a00 DPL=0 CS64 [-R-]
SS =0010 0000000000000000 ffffffff 00cf9300 DPL=0 DS   [-WA]
DS =0010 0000000000000000 ffffffff 00cf9300 DPL=0 DS   [-WA]
FS =0010 0000000000000000 ffffffff 00cf9300 DPL=0 DS   [-WA]
GS =0010 0000000000000000 ffffffff 00cf9300 DPL=0 DS   [-WA]
LDT=0000 0000000000000000 0000ffff 00008200 DPL=0 LDT
TR =0040 0000000000299ae0 0000006f 00208900 DPL=0 TSS64-avl
GDT=     0000000000271ce0 0000004f
IDT=     0000000000271d60 00000fff
CR0=80000013 CR2=0000000000000000 CR3=00000000001ba000 CR4=00000620
DR0=0000000000000000 DR1=0000000000000000 DR2=0000000000000000 DR3=0000000000000000 
DR6=00000000ffff0ff0 DR7=0000000000000400
CCS=0000000000000095 CCD=fffffffffd49f6e8 CCO=EFLAGS
EFER=0000000000000500
